programme,year,section,venue,faculty,day,period,time,subject,rotation_venues
CSE,I Year,I/II/CSE A,ADMIN 101,FACULTY OF ENGINEERING AND TECHNOLOGY,MON,1,8:30-9:20,,
CSE,I Year,I/II/CSE A,ADMIN 101,FACULTY OF ENGINEERING AND TECHNOLOGY,MON,2,9:20-10:10,,
CSE,I Year,I/II/CSE A,ADMIN 101,FACULTY OF ENGINEERING AND TECHNOLOGY,MON,3,10:20-11:10,,
CSE,I Year,I/II/CSE A,ADMIN 101,FACULTY OF ENGINEERING AND TECHNOLOGY,MON,4,11:10-12:00,,
CSE,I Year,I/II/CSE A,ADMIN 101,FACULTY OF ENGINEERING AND TECHNOLOGY,MON,5,12:40-1:30,21EES101T/BEEE,
CSE,I Year,I/II/CSE A,ADMIN 101,FACULTY OF ENGINEERING AND TECHNOLOGY,MON,6,1:30-2:20,21PYB102J/PHY,
CSE,I Year,I/II/CSE A,ADMIN 101,FACULTY OF ENGINEERING AND TECHNOLOGY,MON,7,2:20-3:05,21PDM102L/GA,
CSE,I Year,I/II/CSE A,ADMIN 101,FACULTY OF ENGINEERING AND TECHNOLOGY,MON,8,3:05-3:50,,
CSE,I Year,I/II/CSE A,ADMIN 101,FACULTY OF ENGINEERING AND TECHNOLOGY,TUE,1,8:30-9:20,21LEH101T/CE,
CSE,I Year,I/II/CSE A,ADMIN 101,FACULTY OF ENGINEERING AND TECHNOLOGY,TUE,2,9:20-10:10,21MAB102T/ACCA,
CSE,I Year,I/II/CSE A,ADMIN 101,FACULTY OF ENGINEERING AND TECHNOLOGY,TUE,3,10:20-11:10,21CSC101T/OODP,
CSE,I Year,I/II/CSE A,ADMIN 101,FACULTY OF ENGINEERING AND TECHNOLOGY,TUE,4,11:10-12:00,21MES101L/WS,
CSE,I Year,I/II/CSE A,ADMIN 101,FACULTY OF ENGINEERING AND TECHNOLOGY,TUE,5,12:40-1:30,21MES101L/WS,
CSE,I Year,I/II/CSE A,ADMIN 101,FACULTY OF ENGINEERING AND TECHNOLOGY,TUE,6,1:30-2:20,,
CSE,I Year,I/II/CSE A,ADMIN 101,FACULTY OF ENGINEERING AND TECHNOLOGY,TUE,7,2:20-3:05,,
CSE,I Year,I/II/CSE A,ADMIN 101,FACULTY OF ENGINEERING AND TECHNOLOGY,TUE,8,3:05-3:50,,
CSE,I Year,I/II/CSE A,ADMIN 101,FACULTY OF ENGINEERING AND TECHNOLOGY,WED,1,8:30-9:20,21PYB102J/PHY,
CSE,I Year,I/II/CSE A,ADMIN 101,FACULTY OF ENGINEERING AND TECHNOLOGY,WED,2,9:20-10:10,,
CSE,I Year,I/II/CSE A,ADMIN 101,FACULTY OF ENGINEERING AND TECHNOLOGY,WED,3,10:20-11:10,21GNM101L/YOGA,
CSE,I Year,I/II/CSE A,ADMIN 101,FACULTY OF ENGINEERING AND TECHNOLOGY,WED,4,11:10-12:00,,
CSE,I Year,I/II/CSE A,ADMIN 101,FACULTY OF ENGINEERING AND TECHNOLOGY,WED,5,12:40-1:30,,
CSE,I Year,I/II/CSE A,ADMIN 101,FACULTY OF ENGINEERING AND TECHNOLOGY,WED,6,1:30-2:20,21MAB102T/ACCA,
CSE,I Year,I/II/CSE A,ADMIN 101,FACULTY OF ENGINEERING AND TECHNOLOGY,WED,7,2:20-3:05,21PYB102J/PHY,
CSE,I Year,I/II/CSE A,ADMIN 101,FACULTY OF ENGINEERING AND TECHNOLOGY,WED,8,3:05-3:50,21EES101T/BEEE,
CSE,I Year,I/II/CSE A,ADMIN 101,FACULTY OF ENGINEERING AND TECHNOLOGY,THU,1,8:30-9:20,21CSC101T/OODP,
CSE,I Year,I/II/CSE A,ADMIN 101,FACULTY OF ENGINEERING AND TECHNOLOGY,THU,2,9:20-10:10,21MAB102T/ACCA,
CSE,I Year,I/II/CSE A,ADMIN 101,FACULTY OF ENGINEERING AND TECHNOLOGY,THU,3,10:20-11:10,21PYB102J/PHY,
CSE,I Year,I/II/CSE A,ADMIN 101,FACULTY OF ENGINEERING AND TECHNOLOGY,THU,4,11:10-12:00,21EES101T/BEEE,
CSE,I Year,I/II/CSE A,ADMIN 101,FACULTY OF ENGINEERING AND TECHNOLOGY,THU,5,12:40-1:30,21LEH101T/CE,
CSE,I Year,I/II/CSE A,ADMIN 101,FACULTY OF ENGINEERING AND TECHNOLOGY,THU,6,1:30-2:20,21LEM101T/ COI,
CSE,I Year,I/II/CSE A,ADMIN 101,FACULTY OF ENGINEERING AND TECHNOLOGY,THU,7,2:20-3:05,,
CSE,I Year,I/II/CSE A,ADMIN 101,FACULTY OF ENGINEERING AND TECHNOLOGY,THU,8,3:05-3:50,,
CSE,I Year,I/II/CSE A,ADMIN 101,FACULTY OF ENGINEERING AND TECHNOLOGY,FRI,1,8:30-9:20,21MAB102T/ACCA,
CSE,I Year,I/II/CSE A,ADMIN 101,FACULTY OF ENGINEERING AND TECHNOLOGY,FRI,2,9:20-10:10,21PYB102J/PHY,
CSE,I Year,I/II/CSE A,ADMIN 101,FACULTY OF ENGINEERING AND TECHNOLOGY,FRI,3,10:20-11:10,21LEH101T/CE,
CSE,I Year,I/II/CSE A,ADMIN 101,FACULTY OF ENGINEERING AND TECHNOLOGY,FRI,4,11:10-12:00,21EES101T/BEEE,
CSE,I Year,I/II/CSE A,ADMIN 101,FACULTY OF ENGINEERING AND TECHNOLOGY,FRI,5,12:40-1:30,21CSC101T/OODP,
CSE,I Year,I/II/CSE A,ADMIN 101,FACULTY OF ENGINEERING AND TECHNOLOGY,FRI,6,1:30-2:20,,
CSE,I Year,I/II/CSE A,ADMIN 101,FACULTY OF ENGINEERING AND TECHNOLOGY,FRI,7,2:20-3:05,,
CSE,I Year,I/II/CSE A,ADMIN 101,FACULTY OF ENGINEERING AND TECHNOLOGY,FRI,8,3:05-3:50,,
CSE,I Year,I/II/CSE B,ADMIN 101,FACULTY OF ENGINEERING AND TECHNOLOGY,MON,1,8:30-9:20,21PYB102J/PHY,
CSE,I Year,I/II/CSE B,ADMIN 101,FACULTY OF ENGINEERING AND TECHNOLOGY,MON,2,9:20-10:10,21CSC101T/OODP,
CSE,I Year,I/II/CSE B,ADMIN 101,FACULTY OF ENGINEERING AND TECHNOLOGY,MON,3,10:20-11:10,21MAB102T/ACCA,
CSE,I Year,I/II/CSE B,ADMIN 101,FACULTY OF ENGINEERING AND TECHNOLOGY,MON,4,11:10-12:00,21MES101L/WS,
CSE,I Year,I/II/CSE B,ADMIN 101,FACULTY OF ENGINEERING AND TECHNOLOGY,MON,5,12:40-1:30,21MES101L/WS,
CSE,I Year,I/II/CSE B,ADMIN 101,FACULTY OF ENGINEERING AND TECHNOLOGY,MON,6,1:30-2:20,,
CSE,I Year,I/II/CSE B,ADMIN 101,FACULTY OF ENGINEERING AND TECHNOLOGY,MON,7,2:20-3:05,,
CSE,I Year,I/II/CSE B,ADMIN 101,FACULTY OF ENGINEERING AND TECHNOLOGY,MON,8,3:05-3:50,,
CSE,I Year,I/II/CSE B,ADMIN 101,FACULTY OF ENGINEERING AND TECHNOLOGY,TUE,1,8:30-9:20,,
CSE,I Year,I/II/CSE B,ADMIN 101,FACULTY OF ENGINEERING AND TECHNOLOGY,TUE,2,9:20-10:10,,
CSE,I Year,I/II/CSE B,ADMIN 101,FACULTY OF ENGINEERING AND TECHNOLOGY,TUE,3,10:20-11:10,,
CSE,I Year,I/II/CSE B,ADMIN 101,FACULTY OF ENGINEERING AND TECHNOLOGY,TUE,4,11:10-12:00,,
CSE,I Year,I/II/CSE B,ADMIN 101,FACULTY OF ENGINEERING AND TECHNOLOGY,TUE,5,12:40-1:30,21PDM102L/GA,
CSE,I Year,I/II/CSE B,ADMIN 101,FACULTY OF ENGINEERING AND TECHNOLOGY,TUE,6,1:30-2:20,,
CSE,I Year,I/II/CSE B,ADMIN 101,FACULTY OF ENGINEERING AND TECHNOLOGY,TUE,7,2:20-3:05,21MAB102T/ACCA,
CSE,I Year,I/II/CSE B,ADMIN 101,FACULTY OF ENGINEERING AND TECHNOLOGY,TUE,8,3:05-3:50,21EES101T/BEEE,
CSE,I Year,I/II/CSE B,ADMIN 101,FACULTY OF ENGINEERING AND TECHNOLOGY,WED,1,8:30-9:20,21LEH101T/CE,
CSE,I Year,I/II/CSE B,ADMIN 101,FACULTY OF ENGINEERING AND TECHNOLOGY,WED,2,9:20-10:10,21EES101T/BEEE,
CSE,I Year,I/II/CSE B,ADMIN 101,FACULTY OF ENGINEERING AND TECHNOLOGY,WED,3,10:20-11:10,21PYB102J/PHY,
CSE,I Year,I/II/CSE B,ADMIN 101,FACULTY OF ENGINEERING AND TECHNOLOGY,WED,4,11:10-12:00,21MAB102T/ACCA,
CSE,I Year,I/II/CSE B,ADMIN 101,FACULTY OF ENGINEERING AND TECHNOLOGY,WED,5,12:40-1:30,,
CSE,I Year,I/II/CSE B,ADMIN 101,FACULTY OF ENGINEERING AND TECHNOLOGY,WED,6,1:30-2:20,21CSC101T/OODP,
CSE,I Year,I/II/CSE B,ADMIN 101,FACULTY OF ENGINEERING AND TECHNOLOGY,WED,7,2:20-3:05,21LEM101T/ COI,
CSE,I Year,I/II/CSE B,ADMIN 101,FACULTY OF ENGINEERING AND TECHNOLOGY,WED,8,3:05-3:50,,
CSE,I Year,I/II/CSE B,ADMIN 101,FACULTY OF ENGINEERING AND TECHNOLOGY,THU,1,8:30-9:20,21PYB102J/PHY,
CSE,I Year,I/II/CSE B,ADMIN 101,FACULTY OF ENGINEERING AND TECHNOLOGY,THU,2,9:20-10:10,,
CSE,I Year,I/II/CSE B,ADMIN 101,FACULTY OF ENGINEERING AND TECHNOLOGY,THU,3,10:20-11:10,21GNM101L/YOGA,
CSE,I Year,I/II/CSE B,ADMIN 101,FACULTY OF ENGINEERING AND TECHNOLOGY,THU,4,11:10-12:00,,
CSE,I Year,I/II/CSE B,ADMIN 101,FACULTY OF ENGINEERING AND TECHNOLOGY,THU,5,12:40-1:30,21PYB102J/PHY,
CSE,I Year,I/II/CSE B,ADMIN 101,FACULTY OF ENGINEERING AND TECHNOLOGY,THU,6,1:30-2:20,21LEH101T/CE,
CSE,I Year,I/II/CSE B,ADMIN 101,FACULTY OF ENGINEERING AND TECHNOLOGY,THU,7,2:20-3:05,21EES101T/BEEE,
CSE,I Year,I/II/CSE B,ADMIN 101,FACULTY OF ENGINEERING AND TECHNOLOGY,THU,8,3:05-3:50,,
CSE,I Year,I/II/CSE B,ADMIN 101,FACULTY OF ENGINEERING AND TECHNOLOGY,FRI,1,8:30-9:20,21MAB102T/ACCA,
CSE,I Year,I/II/CSE B,ADMIN 101,FACULTY OF ENGINEERING AND TECHNOLOGY,FRI,2,9:20-10:10,21CSC101T/OODP,
CSE,I Year,I/II/CSE B,ADMIN 101,FACULTY OF ENGINEERING AND TECHNOLOGY,FRI,3,10:20-11:10,21PYB102J/PHY,
CSE,I Year,I/II/CSE B,ADMIN 101,FACULTY OF ENGINEERING AND TECHNOLOGY,FRI,4,11:10-12:00,21LEH101T/CE,
CSE,I Year,I/II/CSE B,ADMIN 101,FACULTY OF ENGINEERING AND TECHNOLOGY,FRI,5,12:40-1:30,21EES101T/BEEE,
CSE,I Year,I/II/CSE B,ADMIN 101,FACULTY OF ENGINEERING AND TECHNOLOGY,FRI,6,1:30-2:20,,
CSE,I Year,I/II/CSE B,ADMIN 101,FACULTY OF ENGINEERING AND TECHNOLOGY,FRI,7,2:20-3:05,,
CSE,I Year,I/II/CSE B,ADMIN 101,FACULTY OF ENGINEERING AND TECHNOLOGY,FRI,8,3:05-3:50,,
CSE,I Year,I/II/CSE C,ADMIN 102,FACULTY OF ENGINEERING AND TECHNOLOGY,MON,1,8:30-9:20,21MES101L/WS,
CSE,I Year,I/II/CSE C,ADMIN 102,FACULTY OF ENGINEERING AND TECHNOLOGY,MON,2,9:20-10:10,,
CSE,I Year,I/II/CSE C,ADMIN 102,FACULTY OF ENGINEERING AND TECHNOLOGY,MON,3,10:20-11:10,21MES101L/WS,
CSE,I Year,I/II/CSE C,ADMIN 102,FACULTY OF ENGINEERING AND TECHNOLOGY,MON,4,11:10-12:00,,
CSE,I Year,I/II/CSE C,ADMIN 102,FACULTY OF ENGINEERING AND TECHNOLOGY,MON,5,12:40-1:30,21PYB102J/PHY,
CSE,I Year,I/II/CSE C,ADMIN 102,FACULTY OF ENGINEERING AND TECHNOLOGY,MON,6,1:30-2:20,21MAB102T/ACCA,
CSE,I Year,I/II/CSE C,ADMIN 102,FACULTY OF ENGINEERING AND TECHNOLOGY,MON,7,2:20-3:05,21EES101T/BEEE,
CSE,I Year,I/II/CSE C,ADMIN 102,FACULTY OF ENGINEERING AND TECHNOLOGY,MON,8,3:05-3:50,,
CSE,I Year,I/II/CSE C,ADMIN 102,FACULTY OF ENGINEERING AND TECHNOLOGY,TUE,1,8:30-9:20,21PDM102L/GA,
CSE,I Year,I/II/CSE C,ADMIN 102,FACULTY OF ENGINEERING AND TECHNOLOGY,TUE,2,9:20-10:10,,
CSE,I Year,I/II/CSE C,ADMIN 102,FACULTY OF ENGINEERING AND TECHNOLOGY,TUE,3,10:20-11:10,21LEH101T/CE,
CSE,I Year,I/II/CSE C,ADMIN 102,FACULTY OF ENGINEERING AND TECHNOLOGY,TUE,4,11:10-12:00,21PYB102J/PHY,
CSE,I Year,I/II/CSE C,ADMIN 102,FACULTY OF ENGINEERING AND TECHNOLOGY,TUE,5,12:40-1:30,21PYB102J/PHY,
CSE,I Year,I/II/CSE C,ADMIN 102,FACULTY OF ENGINEERING AND TECHNOLOGY,TUE,6,1:30-2:20,,
CSE,I Year,I/II/CSE C,ADMIN 102,FACULTY OF ENGINEERING AND TECHNOLOGY,TUE,7,2:20-3:05,21GNM101L/YOGA,
CSE,I Year,I/II/CSE C,ADMIN 102,FACULTY OF ENGINEERING AND TECHNOLOGY,TUE,8,3:05-3:50,,
CSE,I Year,I/II/CSE C,ADMIN 102,FACULTY OF ENGINEERING AND TECHNOLOGY,WED,1,8:30-9:20,21PYB102J/PHY,
CSE,I Year,I/II/CSE C,ADMIN 102,FACULTY OF ENGINEERING AND TECHNOLOGY,WED,2,9:20-10:10,21LEH101T/CE,
CSE,I Year,I/II/CSE C,ADMIN 102,FACULTY OF ENGINEERING AND TECHNOLOGY,WED,3,10:20-11:10,21EES101T/BEEE,
CSE,I Year,I/II/CSE C,ADMIN 102,FACULTY OF ENGINEERING AND TECHNOLOGY,WED,4,11:10-12:00,21MAB102T/ACCA,
CSE,I Year,I/II/CSE C,ADMIN 102,FACULTY OF ENGINEERING AND TECHNOLOGY,WED,5,12:40-1:30,,
CSE,I Year,I/II/CSE C,ADMIN 102,FACULTY OF ENGINEERING AND TECHNOLOGY,WED,6,1:30-2:20,21CSC101T/OODP,
CSE,I Year,I/II/CSE C,ADMIN 102,FACULTY OF ENGINEERING AND TECHNOLOGY,WED,7,2:20-3:05,21LEM101T/ COI,
CSE,I Year,I/II/CSE C,ADMIN 102,FACULTY OF ENGINEERING AND TECHNOLOGY,WED,8,3:05-3:50,,
CSE,I Year,I/II/CSE C,ADMIN 102,FACULTY OF ENGINEERING AND TECHNOLOGY,THU,1,8:30-9:20,21CSC101T/OODP,
CSE,I Year,I/II/CSE C,ADMIN 102,FACULTY OF ENGINEERING AND TECHNOLOGY,THU,2,9:20-10:10,21PYB102J/PHY,
CSE,I Year,I/II/CSE C,ADMIN 102,FACULTY OF ENGINEERING AND TECHNOLOGY,THU,3,10:20-11:10,21MAB102T/ACCA,
CSE,I Year,I/II/CSE C,ADMIN 102,FACULTY OF ENGINEERING AND TECHNOLOGY,THU,4,11:10-12:00,21LEH101T/CE,
CSE,I Year,I/II/CSE C,ADMIN 102,FACULTY OF ENGINEERING AND TECHNOLOGY,THU,5,12:40-1:30,21EES101T/BEEE,
CSE,I Year,I/II/CSE C,ADMIN 102,FACULTY OF ENGINEERING AND TECHNOLOGY,THU,6,1:30-2:20,,
CSE,I Year,I/II/CSE C,ADMIN 102,FACULTY OF ENGINEERING AND TECHNOLOGY,THU,7,2:20-3:05,,
CSE,I Year,I/II/CSE C,ADMIN 102,FACULTY OF ENGINEERING AND TECHNOLOGY,THU,8,3:05-3:50,,
CSE,I Year,I/II/CSE C,ADMIN 102,FACULTY OF ENGINEERING AND TECHNOLOGY,FRI,1,8:30-9:20,,
CSE,I Year,I/II/CSE C,ADMIN 102,FACULTY OF ENGINEERING AND TECHNOLOGY,FRI,2,9:20-10:10,,
CSE,I Year,I/II/CSE C,ADMIN 102,FACULTY OF ENGINEERING AND TECHNOLOGY,FRI,3,10:20-11:10,,
CSE,I Year,I/II/CSE C,ADMIN 102,FACULTY OF ENGINEERING AND TECHNOLOGY,FRI,4,11:10-12:00,,
CSE,I Year,I/II/CSE C,ADMIN 102,FACULTY OF ENGINEERING AND TECHNOLOGY,FRI,5,12:40-1:30,21CSC101T/OODP,
CSE,I Year,I/II/CSE C,ADMIN 102,FACULTY OF ENGINEERING AND TECHNOLOGY,FRI,6,1:30-2:20,21MAB102T/ACCA,
CSE,I Year,I/II/CSE C,ADMIN 102,FACULTY OF ENGINEERING AND TECHNOLOGY,FRI,7,2:20-3:05,21EES101T/BEEE,
CSE,I Year,I/II/CSE C,ADMIN 102,FACULTY OF ENGINEERING AND TECHNOLOGY,FRI,8,3:05-3:50,,
CSE,I Year,I/II/CSE D,ADMIN 102,FACULTY OF ENGINEERING AND TECHNOLOGY,MON,1,8:30-9:20,21CSC101T/OODP,
CSE,I Year,I/II/CSE D,ADMIN 102,FACULTY OF ENGINEERING AND TECHNOLOGY,MON,2,9:20-10:10,21LEH101T/CE,
CSE,I Year,I/II/CSE D,ADMIN 102,FACULTY OF ENGINEERING AND TECHNOLOGY,MON,3,10:20-11:10,21MAB102T/ACCA,
CSE,I Year,I/II/CSE D,ADMIN 102,FACULTY OF ENGINEERING AND TECHNOLOGY,MON,4,11:10-12:00,21MES101L/WS,
CSE,I Year,I/II/CSE D,ADMIN 102,FACULTY OF ENGINEERING AND TECHNOLOGY,MON,5,12:40-1:30,21MES101L/WS,
CSE,I Year,I/II/CSE D,ADMIN 102,FACULTY OF ENGINEERING AND TECHNOLOGY,MON,6,1:30-2:20,,
CSE,I Year,I/II/CSE D,ADMIN 102,FACULTY OF ENGINEERING AND TECHNOLOGY,MON,7,2:20-3:05,,
CSE,I Year,I/II/CSE D,ADMIN 102,FACULTY OF ENGINEERING AND TECHNOLOGY,MON,8,3:05-3:50,,
CSE,I Year,I/II/CSE D,ADMIN 102,FACULTY OF ENGINEERING AND TECHNOLOGY,TUE,1,8:30-9:20,21PYB102J/PHY,
CSE,I Year,I/II/CSE D,ADMIN 102,FACULTY OF ENGINEERING AND TECHNOLOGY,TUE,2,9:20-10:10,21MAB102T/ACCA,
CSE,I Year,I/II/CSE D,ADMIN 102,FACULTY OF ENGINEERING AND TECHNOLOGY,TUE,3,10:20-11:10,21PDM102L/GA,
CSE,I Year,I/II/CSE D,ADMIN 102,FACULTY OF ENGINEERING AND TECHNOLOGY,TUE,4,11:10-12:00,,
CSE,I Year,I/II/CSE D,ADMIN 102,FACULTY OF ENGINEERING AND TECHNOLOGY,TUE,5,12:40-1:30,21EES101T/BEEE,
CSE,I Year,I/II/CSE D,ADMIN 102,FACULTY OF ENGINEERING AND TECHNOLOGY,TUE,6,1:30-2:20,21LEM101T/ COI,
CSE,I Year,I/II/CSE D,ADMIN 102,FACULTY OF ENGINEERING AND TECHNOLOGY,TUE,7,2:20-3:05,,
CSE,I Year,I/II/CSE D,ADMIN 102,FACULTY OF ENGINEERING AND TECHNOLOGY,TUE,8,3:05-3:50,,
CSE,I Year,I/II/CSE D,ADMIN 102,FACULTY OF ENGINEERING AND TECHNOLOGY,WED,1,8:30-9:20,21EES101T/BEEE,
CSE,I Year,I/II/CSE D,ADMIN 102,FACULTY OF ENGINEERING AND TECHNOLOGY,WED,2,9:20-10:10,21MAB102T/ACCA,
CSE,I Year,I/II/CSE D,ADMIN 102,FACULTY OF ENGINEERING AND TECHNOLOGY,WED,3,10:20-11:10,21LEH101T/CE,
CSE,I Year,I/II/CSE D,ADMIN 102,FACULTY OF ENGINEERING AND TECHNOLOGY,WED,4,11:10-12:00,21PYB102J/PHY,
CSE,I Year,I/II/CSE D,ADMIN 102,FACULTY OF ENGINEERING AND TECHNOLOGY,WED,5,12:40-1:30,,
CSE,I Year,I/II/CSE D,ADMIN 102,FACULTY OF ENGINEERING AND TECHNOLOGY,WED,6,1:30-2:20,,
CSE,I Year,I/II/CSE D,ADMIN 102,FACULTY OF ENGINEERING AND TECHNOLOGY,WED,7,2:20-3:05,,
CSE,I Year,I/II/CSE D,ADMIN 102,FACULTY OF ENGINEERING AND TECHNOLOGY,WED,8,3:05-3:50,,
CSE,I Year,I/II/CSE D,ADMIN 102,FACULTY OF ENGINEERING AND TECHNOLOGY,THU,1,8:30-9:20,21MAB102T/ACCA,
CSE,I Year,I/II/CSE D,ADMIN 102,FACULTY OF ENGINEERING AND TECHNOLOGY,THU,2,9:20-10:10,21EES101T/BEEE,
CSE,I Year,I/II/CSE D,ADMIN 102,FACULTY OF ENGINEERING AND TECHNOLOGY,THU,3,10:20-11:10,21CSC101T/OODP,
CSE,I Year,I/II/CSE D,ADMIN 102,FACULTY OF ENGINEERING AND TECHNOLOGY,THU,4,11:10-12:00,21PYB102J/PHY,
CSE,I Year,I/II/CSE D,ADMIN 102,FACULTY OF ENGINEERING AND TECHNOLOGY,THU,5,12:40-1:30,21PYB102J/PHY,
CSE,I Year,I/II/CSE D,ADMIN 102,FACULTY OF ENGINEERING AND TECHNOLOGY,THU,6,1:30-2:20,,
CSE,I Year,I/II/CSE D,ADMIN 102,FACULTY OF ENGINEERING AND TECHNOLOGY,THU,7,2:20-3:05,21GNM101L/YOGA,
CSE,I Year,I/II/CSE D,ADMIN 102,FACULTY OF ENGINEERING AND TECHNOLOGY,THU,8,3:05-3:50,,
CSE,I Year,I/II/CSE D,ADMIN 102,FACULTY OF ENGINEERING AND TECHNOLOGY,FRI,1,8:30-9:20,21LEH101T/CE,
CSE,I Year,I/II/CSE D,ADMIN 102,FACULTY OF ENGINEERING AND TECHNOLOGY,FRI,2,9:20-10:10,21PYB102J/PHY,
CSE,I Year,I/II/CSE D,ADMIN 102,FACULTY OF ENGINEERING AND TECHNOLOGY,FRI,3,10:20-11:10,21EES101T/BEEE,
CSE,I Year,I/II/CSE D,ADMIN 102,FACULTY OF ENGINEERING AND TECHNOLOGY,FRI,4,11:10-12:00,21CSC101T/OODP,
CSE,I Year,I/II/CSE D,ADMIN 102,FACULTY OF ENGINEERING AND TECHNOLOGY,FRI,5,12:40-1:30,,
CSE,I Year,I/II/CSE D,ADMIN 102,FACULTY OF ENGINEERING AND TECHNOLOGY,FRI,6,1:30-2:20,,
CSE,I Year,I/II/CSE D,ADMIN 102,FACULTY OF ENGINEERING AND TECHNOLOGY,FRI,7,2:20-3:05,,
CSE,I Year,I/II/CSE D,ADMIN 102,FACULTY OF ENGINEERING AND TECHNOLOGY,FRI,8,3:05-3:50,,
CSE,I Year,I/II/CSE E,ADMIN 103,FACULTY OF ENGINEERING AND TECHNOLOGY,MON,1,8:30-9:20,21PYB102J/PHY,
CSE,I Year,I/II/CSE E,ADMIN 103,FACULTY OF ENGINEERING AND TECHNOLOGY,MON,2,9:20-10:10,,
CSE,I Year,I/II/CSE E,ADMIN 103,FACULTY OF ENGINEERING AND TECHNOLOGY,MON,3,10:20-11:10,21GNM101L/YOGA,
CSE,I Year,I/II/CSE E,ADMIN 103,FACULTY OF ENGINEERING AND TECHNOLOGY,MON,4,11:10-12:00,,
CSE,I Year,I/II/CSE E,ADMIN 103,FACULTY OF ENGINEERING AND TECHNOLOGY,MON,5,12:40-1:30,21PYB102J/PHY,
CSE,I Year,I/II/CSE E,ADMIN 103,FACULTY OF ENGINEERING AND TECHNOLOGY,MON,6,1:30-2:20,21MAB102T/ACCA,
CSE,I Year,I/II/CSE E,ADMIN 103,FACULTY OF ENGINEERING AND TECHNOLOGY,MON,7,2:20-3:05,21EES101T/BEEE,
CSE,I Year,I/II/CSE E,ADMIN 103,FACULTY OF ENGINEERING AND TECHNOLOGY,MON,8,3:05-3:50,,
CSE,I Year,I/II/CSE E,ADMIN 103,FACULTY OF ENGINEERING AND TECHNOLOGY,TUE,1,8:30-9:20,21MAB102T/ACCA,
CSE,I Year,I/II/CSE E,ADMIN 103,FACULTY OF ENGINEERING AND TECHNOLOGY,TUE,2,9:20-10:10,21CSC101T/OODP,
CSE,I Year,I/II/CSE E,ADMIN 103,FACULTY OF ENGINEERING AND TECHNOLOGY,TUE,3,10:20-11:10,21PYB102J/PHY,
CSE,I Year,I/II/CSE E,ADMIN 103,FACULTY OF ENGINEERING AND TECHNOLOGY,TUE,4,11:10-12:00,21LEH101T/CE,
CSE,I Year,I/II/CSE E,ADMIN 103,FACULTY OF ENGINEERING AND TECHNOLOGY,TUE,5,12:40-1:30,,
CSE,I Year,I/II/CSE E,ADMIN 103,FACULTY OF ENGINEERING AND TECHNOLOGY,TUE,6,1:30-2:20,,
CSE,I Year,I/II/CSE E,ADMIN 103,FACULTY OF ENGINEERING AND TECHNOLOGY,TUE,7,2:20-3:05,,
CSE,I Year,I/II/CSE E,ADMIN 103,FACULTY OF ENGINEERING AND TECHNOLOGY,TUE,8,3:05-3:50,,
CSE,I Year,I/II/CSE E,ADMIN 103,FACULTY OF ENGINEERING AND TECHNOLOGY,WED,1,8:30-9:20,21PYB102J/PHY,
CSE,I Year,I/II/CSE E,ADMIN 103,FACULTY OF ENGINEERING AND TECHNOLOGY,WED,2,9:20-10:10,21MAB102T/ACCA,
CSE,I Year,I/II/CSE E,ADMIN 103,FACULTY OF ENGINEERING AND TECHNOLOGY,WED,3,10:20-11:10,21PDM102L/GA,
CSE,I Year,I/II/CSE E,ADMIN 103,FACULTY OF ENGINEERING AND TECHNOLOGY,WED,4,11:10-12:00,,
CSE,I Year,I/II/CSE E,ADMIN 103,FACULTY OF ENGINEERING AND TECHNOLOGY,WED,5,12:40-1:30,,
CSE,I Year,I/II/CSE E,ADMIN 103,FACULTY OF ENGINEERING AND TECHNOLOGY,WED,6,1:30-2:20,21CSC101T/OODP,
CSE,I Year,I/II/CSE E,ADMIN 103,FACULTY OF ENGINEERING AND TECHNOLOGY,WED,7,2:20-3:05,21EES101T/BEEE,
CSE,I Year,I/II/CSE E,ADMIN 103,FACULTY OF ENGINEERING AND TECHNOLOGY,WED,8,3:05-3:50,,
CSE,I Year,I/II/CSE E,ADMIN 103,FACULTY OF ENGINEERING AND TECHNOLOGY,THU,1,8:30-9:20,21EES101T/BEEE,
CSE,I Year,I/II/CSE E,ADMIN 103,FACULTY OF ENGINEERING AND TECHNOLOGY,THU,2,9:20-10:10,21LEH101T/CE,
CSE,I Year,I/II/CSE E,ADMIN 103,FACULTY OF ENGINEERING AND TECHNOLOGY,THU,3,10:20-11:10,21CSC101T/OODP,
CSE,I Year,I/II/CSE E,ADMIN 103,FACULTY OF ENGINEERING AND TECHNOLOGY,THU,4,11:10-12:00,21PYB102J/PHY,
CSE,I Year,I/II/CSE E,ADMIN 103,FACULTY OF ENGINEERING AND TECHNOLOGY,THU,5,12:40-1:30,,
CSE,I Year,I/II/CSE E,ADMIN 103,FACULTY OF ENGINEERING AND TECHNOLOGY,THU,6,1:30-2:20,,
CSE,I Year,I/II/CSE E,ADMIN 103,FACULTY OF ENGINEERING AND TECHNOLOGY,THU,7,2:20-3:05,,
CSE,I Year,I/II/CSE E,ADMIN 103,FACULTY OF ENGINEERING AND TECHNOLOGY,THU,8,3:05-3:50,,
CSE,I Year,I/II/CSE E,ADMIN 103,FACULTY OF ENGINEERING AND TECHNOLOGY,FRI,1,8:30-9:20,21MES101L/WS,
CSE,I Year,I/II/CSE E,ADMIN 103,FACULTY OF ENGINEERING AND TECHNOLOGY,FRI,2,9:20-10:10,,
CSE,I Year,I/II/CSE E,ADMIN 103,FACULTY OF ENGINEERING AND TECHNOLOGY,FRI,3,10:20-11:10,21MES101L/WS,
CSE,I Year,I/II/CSE E,ADMIN 103,FACULTY OF ENGINEERING AND TECHNOLOGY,FRI,4,11:10-12:00,21MAB102T/ACCA,
CSE,I Year,I/II/CSE E,ADMIN 103,FACULTY OF ENGINEERING AND TECHNOLOGY,FRI,5,12:40-1:30,21LEH101T/CE,
CSE,I Year,I/II/CSE E,ADMIN 103,FACULTY OF ENGINEERING AND TECHNOLOGY,FRI,6,1:30-2:20,21EES101T/BEEE,
CSE,I Year,I/II/CSE E,ADMIN 103,FACULTY OF ENGINEERING AND TECHNOLOGY,FRI,7,2:20-3:05,21LEM101T/ COI,
CSE,I Year,I/II/CSE E,ADMIN 103,FACULTY OF ENGINEERING AND TECHNOLOGY,FRI,8,3:05-3:50,,
CSE,I Year,I/II/CSE F,ADMIN 104,FACULTY OF ENGINEERING AND TECHNOLOGY,MON,1,8:30-9:20,21PDM102L/GA,
CSE,I Year,I/II/CSE F,ADMIN 104,FACULTY OF ENGINEERING AND TECHNOLOGY,MON,2,9:20-10:10,,
CSE,I Year,I/II/CSE F,ADMIN 104,FACULTY OF ENGINEERING AND TECHNOLOGY,MON,3,10:20-11:10,21CSC101T/OODP,
CSE,I Year,I/II/CSE F,ADMIN 104,FACULTY OF ENGINEERING AND TECHNOLOGY,MON,4,11:10-12:00,21LEH101T/CE,
CSE,I Year,I/II/CSE F,ADMIN 104,FACULTY OF ENGINEERING AND TECHNOLOGY,MON,5,12:40-1:30,21PYB102J/PHY,
CSE,I Year,I/II/CSE F,ADMIN 104,FACULTY OF ENGINEERING AND TECHNOLOGY,MON,6,1:30-2:20,21MAB102T/ACCA,
CSE,I Year,I/II/CSE F,ADMIN 104,FACULTY OF ENGINEERING AND TECHNOLOGY,MON,7,2:20-3:05,21EES101T/BEEE,
CSE,I Year,I/II/CSE F,ADMIN 104,FACULTY OF ENGINEERING AND TECHNOLOGY,MON,8,3:05-3:50,,
CSE,I Year,I/II/CSE F,ADMIN 104,FACULTY OF ENGINEERING AND TECHNOLOGY,TUE,1,8:30-9:20,21LEH101T/CE,
CSE,I Year,I/II/CSE F,ADMIN 104,FACULTY OF ENGINEERING AND TECHNOLOGY,TUE,2,9:20-10:10,21PYB102J/PHY,
CSE,I Year,I/II/CSE F,ADMIN 104,FACULTY OF ENGINEERING AND TECHNOLOGY,TUE,3,10:20-11:10,21MAB102T/ACCA,
CSE,I Year,I/II/CSE F,ADMIN 104,FACULTY OF ENGINEERING AND TECHNOLOGY,TUE,4,11:10-12:00,21EES101T/BEEE,
CSE,I Year,I/II/CSE F,ADMIN 104,FACULTY OF ENGINEERING AND TECHNOLOGY,TUE,5,12:40-1:30,21CSC101T/OODP,
CSE,I Year,I/II/CSE F,ADMIN 104,FACULTY OF ENGINEERING AND TECHNOLOGY,TUE,6,1:30-2:20,21LEM101T/ COI,
CSE,I Year,I/II/CSE F,ADMIN 104,FACULTY OF ENGINEERING AND TECHNOLOGY,TUE,7,2:20-3:05,,
CSE,I Year,I/II/CSE F,ADMIN 104,FACULTY OF ENGINEERING AND TECHNOLOGY,TUE,8,3:05-3:50,,
CSE,I Year,I/II/CSE F,ADMIN 104,FACULTY OF ENGINEERING AND TECHNOLOGY,WED,1,8:30-9:20,21MAB102T/ACCA,
CSE,I Year,I/II/CSE F,ADMIN 104,FACULTY OF ENGINEERING AND TECHNOLOGY,WED,2,9:20-10:10,21CSC101T/OODP,
CSE,I Year,I/II/CSE F,ADMIN 104,FACULTY OF ENGINEERING AND TECHNOLOGY,WED,3,10:20-11:10,21PYB102J/PHY,
CSE,I Year,I/II/CSE F,ADMIN 104,FACULTY OF ENGINEERING AND TECHNOLOGY,WED,4,11:10-12:00,21EES101T/BEEE,
CSE,I Year,I/II/CSE F,ADMIN 104,FACULTY OF ENGINEERING AND TECHNOLOGY,WED,5,12:40-1:30,,
CSE,I Year,I/II/CSE F,ADMIN 104,FACULTY OF ENGINEERING AND TECHNOLOGY,WED,6,1:30-2:20,,
CSE,I Year,I/II/CSE F,ADMIN 104,FACULTY OF ENGINEERING AND TECHNOLOGY,WED,7,2:20-3:05,,
CSE,I Year,I/II/CSE F,ADMIN 104,FACULTY OF ENGINEERING AND TECHNOLOGY,WED,8,3:05-3:50,,
CSE,I Year,I/II/CSE F,ADMIN 104,FACULTY OF ENGINEERING AND TECHNOLOGY,THU,1,8:30-9:20,21MES101L/WS,
CSE,I Year,I/II/CSE F,ADMIN 104,FACULTY OF ENGINEERING AND TECHNOLOGY,THU,2,9:20-10:10,,
CSE,I Year,I/II/CSE F,ADMIN 104,FACULTY OF ENGINEERING AND TECHNOLOGY,THU,3,10:20-11:10,21MES101L/WS,
CSE,I Year,I/II/CSE F,ADMIN 104,FACULTY OF ENGINEERING AND TECHNOLOGY,THU,4,11:10-12:00,,
CSE,I Year,I/II/CSE F,ADMIN 104,FACULTY OF ENGINEERING AND TECHNOLOGY,THU,5,12:40-1:30,21MAB102T/ACCA,
CSE,I Year,I/II/CSE F,ADMIN 104,FACULTY OF ENGINEERING AND TECHNOLOGY,THU,6,1:30-2:20,21PYB102J/PHY,
CSE,I Year,I/II/CSE F,ADMIN 104,FACULTY OF ENGINEERING AND TECHNOLOGY,THU,7,2:20-3:05,,
CSE,I Year,I/II/CSE F,ADMIN 104,FACULTY OF ENGINEERING AND TECHNOLOGY,THU,8,3:05-3:50,,
CSE,I Year,I/II/CSE F,ADMIN 104,FACULTY OF ENGINEERING AND TECHNOLOGY,FRI,1,8:30-9:20,21GNM101L/YOGA,
CSE,I Year,I/II/CSE F,ADMIN 104,FACULTY OF ENGINEERING AND TECHNOLOGY,FRI,2,9:20-10:10,,
CSE,I Year,I/II/CSE F,ADMIN 104,FACULTY OF ENGINEERING AND TECHNOLOGY,FRI,3,10:20-11:10,21PYB102J/PHY,
CSE,I Year,I/II/CSE F,ADMIN 104,FACULTY OF ENGINEERING AND TECHNOLOGY,FRI,4,11:10-12:00,,
CSE,I Year,I/II/CSE F,ADMIN 104,FACULTY OF ENGINEERING AND TECHNOLOGY,FRI,5,12:40-1:30,21LEH101T/CE,
CSE,I Year,I/II/CSE F,ADMIN 104,FACULTY OF ENGINEERING AND TECHNOLOGY,FRI,6,1:30-2:20,21EES101T/BEEE,
CSE,I Year,I/II/CSE F,ADMIN 104,FACULTY OF ENGINEERING AND TECHNOLOGY,FRI,7,2:20-3:05,,
CSE,I Year,I/II/CSE F,ADMIN 104,FACULTY OF ENGINEERING AND TECHNOLOGY,FRI,8,3:05-3:50,,
CSE,I Year,I/II/CSE G,ADMIN 201,FACULTY OF ENGINEERING AND TECHNOLOGY,MON,1,8:30-9:20,21MAB102T/ACCA,
CSE,I Year,I/II/CSE G,ADMIN 201,FACULTY OF ENGINEERING AND TECHNOLOGY,MON,2,9:20-10:10,21CSC101T/OODP,
CSE,I Year,I/II/CSE G,ADMIN 201,FACULTY OF ENGINEERING AND TECHNOLOGY,MON,3,10:20-11:10,21EES101T/BEEE,
CSE,I Year,I/II/CSE G,ADMIN 201,FACULTY OF ENGINEERING AND TECHNOLOGY,MON,4,11:10-12:00,21PYB102J/PHY,
CSE,I Year,I/II/CSE G,ADMIN 201,FACULTY OF ENGINEERING AND TECHNOLOGY,MON,5,12:40-1:30,,
CSE,I Year,I/II/CSE G,ADMIN 201,FACULTY OF ENGINEERING AND TECHNOLOGY,MON,6,1:30-2:20,,
CSE,I Year,I/II/CSE G,ADMIN 201,FACULTY OF ENGINEERING AND TECHNOLOGY,MON,7,2:20-3:05,,
CSE,I Year,I/II/CSE G,ADMIN 201,FACULTY OF ENGINEERING AND TECHNOLOGY,MON,8,3:05-3:50,,
CSE,I Year,I/II/CSE G,ADMIN 201,FACULTY OF ENGINEERING AND TECHNOLOGY,TUE,1,8:30-9:20,21LEH101T/CE,
CSE,I Year,I/II/CSE G,ADMIN 201,FACULTY OF ENGINEERING AND TECHNOLOGY,TUE,2,9:20-10:10,21EES101T/BEEE,
CSE,I Year,I/II/CSE G,ADMIN 201,FACULTY OF ENGINEERING AND TECHNOLOGY,TUE,3,10:20-11:10,21MAB102T/ACCA,
CSE,I Year,I/II/CSE G,ADMIN 201,FACULTY OF ENGINEERING AND TECHNOLOGY,TUE,4,11:10-12:00,21CSC101T/OODP,
CSE,I Year,I/II/CSE G,ADMIN 201,FACULTY OF ENGINEERING AND TECHNOLOGY,TUE,5,12:40-1:30,,
CSE,I Year,I/II/CSE G,ADMIN 201,FACULTY OF ENGINEERING AND TECHNOLOGY,TUE,6,1:30-2:20,,
CSE,I Year,I/II/CSE G,ADMIN 201,FACULTY OF ENGINEERING AND TECHNOLOGY,TUE,7,2:20-3:05,,
CSE,I Year,I/II/CSE G,ADMIN 201,FACULTY OF ENGINEERING AND TECHNOLOGY,TUE,8,3:05-3:50,,
CSE,I Year,I/II/CSE G,ADMIN 201,FACULTY OF ENGINEERING AND TECHNOLOGY,WED,1,8:30-9:20,21EES101T/BEEE,
CSE,I Year,I/II/CSE G,ADMIN 201,FACULTY OF ENGINEERING AND TECHNOLOGY,WED,2,9:20-10:10,,
CSE,I Year,I/II/CSE G,ADMIN 201,FACULTY OF ENGINEERING AND TECHNOLOGY,WED,3,10:20-11:10,21LEH101T/CE,
CSE,I Year,I/II/CSE G,ADMIN 201,FACULTY OF ENGINEERING AND TECHNOLOGY,WED,4,11:10-12:00,21PYB102J/PHY,
CSE,I Year,I/II/CSE G,ADMIN 201,FACULTY OF ENGINEERING AND TECHNOLOGY,WED,5,12:40-1:30,,
CSE,I Year,I/II/CSE G,ADMIN 201,FACULTY OF ENGINEERING AND TECHNOLOGY,WED,6,1:30-2:20,21MAB102T/ACCA,
CSE,I Year,I/II/CSE G,ADMIN 201,FACULTY OF ENGINEERING AND TECHNOLOGY,WED,7,2:20-3:05,21PYB102J/PHY,
CSE,I Year,I/II/CSE G,ADMIN 201,FACULTY OF ENGINEERING AND TECHNOLOGY,WED,8,3:05-3:50,,
CSE,I Year,I/II/CSE G,ADMIN 201,FACULTY OF ENGINEERING AND TECHNOLOGY,THU,1,8:30-9:20,21CSC101T/OODP,
CSE,I Year,I/II/CSE G,ADMIN 201,FACULTY OF ENGINEERING AND TECHNOLOGY,THU,2,9:20-10:10,21MAB102T/ACCA,
CSE,I Year,I/II/CSE G,ADMIN 201,FACULTY OF ENGINEERING AND TECHNOLOGY,THU,3,10:20-11:10,21PYB102J/PHY,
CSE,I Year,I/II/CSE G,ADMIN 201,FACULTY OF ENGINEERING AND TECHNOLOGY,THU,4,11:10-12:00,21MES101L/WS,
CSE,I Year,I/II/CSE G,ADMIN 201,FACULTY OF ENGINEERING AND TECHNOLOGY,THU,5,12:40-1:30,21MES101L/WS,
CSE,I Year,I/II/CSE G,ADMIN 201,FACULTY OF ENGINEERING AND TECHNOLOGY,THU,6,1:30-2:20,,
CSE,I Year,I/II/CSE G,ADMIN 201,FACULTY OF ENGINEERING AND TECHNOLOGY,THU,7,2:20-3:05,,
CSE,I Year,I/II/CSE G,ADMIN 201,FACULTY OF ENGINEERING AND TECHNOLOGY,THU,8,3:05-3:50,,
CSE,I Year,I/II/CSE G,ADMIN 201,FACULTY OF ENGINEERING AND TECHNOLOGY,FRI,1,8:30-9:20,21PDM102L/GA,
CSE,I Year,I/II/CSE G,ADMIN 201,FACULTY OF ENGINEERING AND TECHNOLOGY,FRI,2,9:20-10:10,,
CSE,I Year,I/II/CSE G,ADMIN 201,FACULTY OF ENGINEERING AND TECHNOLOGY,FRI,3,10:20-11:10,21PYB102J/PHY,
CSE,I Year,I/II/CSE G,ADMIN 201,FACULTY OF ENGINEERING AND TECHNOLOGY,FRI,4,11:10-12:00,21LEH101T/CE,
CSE,I Year,I/II/CSE G,ADMIN 201,FACULTY OF ENGINEERING AND TECHNOLOGY,FRI,5,12:40-1:30,21EES101T/BEEE,
CSE,I Year,I/II/CSE G,ADMIN 201,FACULTY OF ENGINEERING AND TECHNOLOGY,FRI,6,1:30-2:20,21LEM101T/ COI,
CSE,I Year,I/II/CSE G,ADMIN 201,FACULTY OF ENGINEERING AND TECHNOLOGY,FRI,7,2:20-3:05,21GNM101L/YOGA,
CSE,I Year,I/II/CSE G,ADMIN 201,FACULTY OF ENGINEERING AND TECHNOLOGY,FRI,8,3:05-3:50,,
CSE,I Year,I/II/CSE H,ADMIN 202,FACULTY OF ENGINEERING AND TECHNOLOGY,MON,1,8:30-9:20,21PYB102J/PHY,
CSE,I Year,I/II/CSE H,ADMIN 202,FACULTY OF ENGINEERING AND TECHNOLOGY,MON,2,9:20-10:10,21CSC101T/OODP,
CSE,I Year,I/II/CSE H,ADMIN 202,FACULTY OF ENGINEERING AND TECHNOLOGY,MON,3,10:20-11:10,21LEH101T/CE,
CSE,I Year,I/II/CSE H,ADMIN 202,FACULTY OF ENGINEERING AND TECHNOLOGY,MON,4,11:10-12:00,21MAB102T/ACCA,
CSE,I Year,I/II/CSE H,ADMIN 202,FACULTY OF ENGINEERING AND TECHNOLOGY,MON,5,12:40-1:30,21EES101T/BEEE,
CSE,I Year,I/II/CSE H,ADMIN 202,FACULTY OF ENGINEERING AND TECHNOLOGY,MON,6,1:30-2:20,21LEM101T/ COI,
CSE,I Year,I/II/CSE H,ADMIN 202,FACULTY OF ENGINEERING AND TECHNOLOGY,MON,7,2:20-3:05,21GNM101L/YOGA,
CSE,I Year,I/II/CSE H,ADMIN 202,FACULTY OF ENGINEERING AND TECHNOLOGY,MON,8,3:05-3:50,,
CSE,I Year,I/II/CSE H,ADMIN 202,FACULTY OF ENGINEERING AND TECHNOLOGY,TUE,1,8:30-9:20,21MES101L/WS,
CSE,I Year,I/II/CSE H,ADMIN 202,FACULTY OF ENGINEERING AND TECHNOLOGY,TUE,2,9:20-10:10,,
CSE,I Year,I/II/CSE H,ADMIN 202,FACULTY OF ENGINEERING AND TECHNOLOGY,TUE,3,10:20-11:10,21MES101L/WS,
CSE,I Year,I/II/CSE H,ADMIN 202,FACULTY OF ENGINEERING AND TECHNOLOGY,TUE,4,11:10-12:00,,
CSE,I Year,I/II/CSE H,ADMIN 202,FACULTY OF ENGINEERING AND TECHNOLOGY,TUE,5,12:40-1:30,21PYB102J/PHY,
CSE,I Year,I/II/CSE H,ADMIN 202,FACULTY OF ENGINEERING AND TECHNOLOGY,TUE,6,1:30-2:20,21EES101T/BEEE,
CSE,I Year,I/II/CSE H,ADMIN 202,FACULTY OF ENGINEERING AND TECHNOLOGY,TUE,7,2:20-3:05,,
CSE,I Year,I/II/CSE H,ADMIN 202,FACULTY OF ENGINEERING AND TECHNOLOGY,TUE,8,3:05-3:50,,
CSE,I Year,I/II/CSE H,ADMIN 202,FACULTY OF ENGINEERING AND TECHNOLOGY,WED,1,8:30-9:20,21PDM102L/GA,
CSE,I Year,I/II/CSE H,ADMIN 202,FACULTY OF ENGINEERING AND TECHNOLOGY,WED,2,9:20-10:10,,
CSE,I Year,I/II/CSE H,ADMIN 202,FACULTY OF ENGINEERING AND TECHNOLOGY,WED,3,10:20-11:10,21CSC101T/OODP,
CSE,I Year,I/II/CSE H,ADMIN 202,FACULTY OF ENGINEERING AND TECHNOLOGY,WED,4,11:10-12:00,21LEH101T/CE,
CSE,I Year,I/II/CSE H,ADMIN 202,FACULTY OF ENGINEERING AND TECHNOLOGY,WED,5,12:40-1:30,,
CSE,I Year,I/II/CSE H,ADMIN 202,FACULTY OF ENGINEERING AND TECHNOLOGY,WED,6,1:30-2:20,21MAB102T/ACCA,
CSE,I Year,I/II/CSE H,ADMIN 202,FACULTY OF ENGINEERING AND TECHNOLOGY,WED,7,2:20-3:05,21PYB102J/PHY,
CSE,I Year,I/II/CSE H,ADMIN 202,FACULTY OF ENGINEERING AND TECHNOLOGY,WED,8,3:05-3:50,,
CSE,I Year,I/II/CSE H,ADMIN 202,FACULTY OF ENGINEERING AND TECHNOLOGY,THU,1,8:30-9:20,21CSC101T/OODP,
CSE,I Year,I/II/CSE H,ADMIN 202,FACULTY OF ENGINEERING AND TECHNOLOGY,THU,2,9:20-10:10,21PYB102J/PHY,
CSE,I Year,I/II/CSE H,ADMIN 202,FACULTY OF ENGINEERING AND TECHNOLOGY,THU,3,10:20-11:10,21MAB102T/ACCA,
CSE,I Year,I/II/CSE H,ADMIN 202,FACULTY OF ENGINEERING AND TECHNOLOGY,THU,4,11:10-12:00,21EES101T/BEEE,
CSE,I Year,I/II/CSE H,ADMIN 202,FACULTY OF ENGINEERING AND TECHNOLOGY,THU,5,12:40-1:30,,
CSE,I Year,I/II/CSE H,ADMIN 202,FACULTY OF ENGINEERING AND TECHNOLOGY,THU,6,1:30-2:20,,
CSE,I Year,I/II/CSE H,ADMIN 202,FACULTY OF ENGINEERING AND TECHNOLOGY,THU,7,2:20-3:05,,
CSE,I Year,I/II/CSE H,ADMIN 202,FACULTY OF ENGINEERING AND TECHNOLOGY,THU,8,3:05-3:50,,
CSE,I Year,I/II/CSE H,ADMIN 202,FACULTY OF ENGINEERING AND TECHNOLOGY,FRI,1,8:30-9:20,21MAB102T/ACCA,
CSE,I Year,I/II/CSE H,ADMIN 202,FACULTY OF ENGINEERING AND TECHNOLOGY,FRI,2,9:20-10:10,21LEH101T/CE,
CSE,I Year,I/II/CSE H,ADMIN 202,FACULTY OF ENGINEERING AND TECHNOLOGY,FRI,3,10:20-11:10,21EES101T/BEEE,
CSE,I Year,I/II/CSE H,ADMIN 202,FACULTY OF ENGINEERING AND TECHNOLOGY,FRI,4,11:10-12:00,,
CSE,I Year,I/II/CSE H,ADMIN 202,FACULTY OF ENGINEERING AND TECHNOLOGY,FRI,5,12:40-1:30,21PYB102J/PHY,
CSE,I Year,I/II/CSE H,ADMIN 202,FACULTY OF ENGINEERING AND TECHNOLOGY,FRI,6,1:30-2:20,,
CSE,I Year,I/II/CSE H,ADMIN 202,FACULTY OF ENGINEERING AND TECHNOLOGY,FRI,7,2:20-3:05,,
CSE,I Year,I/II/CSE H,ADMIN 202,FACULTY OF ENGINEERING AND TECHNOLOGY,FRI,8,3:05-3:50,,
CSE,I Year,I/II/CSE I,ADMIN 203,FACULTY OF ENGINEERING AND TECHNOLOGY,MON,1,8:30-9:20,21LEH101T/CE,
CSE,I Year,I/II/CSE I,ADMIN 203,FACULTY OF ENGINEERING AND TECHNOLOGY,MON,2,9:20-10:10,21PYB102J/PHY,
CSE,I Year,I/II/CSE I,ADMIN 203,FACULTY OF ENGINEERING AND TECHNOLOGY,MON,3,10:20-11:10,21PDM102L/GA,
CSE,I Year,I/II/CSE I,ADMIN 203,FACULTY OF ENGINEERING AND TECHNOLOGY,MON,4,11:10-12:00,,
CSE,I Year,I/II/CSE I,ADMIN 203,FACULTY OF ENGINEERING AND TECHNOLOGY,MON,5,12:40-1:30,21MAB102T/ACCA,
CSE,I Year,I/II/CSE I,ADMIN 203,FACULTY OF ENGINEERING AND TECHNOLOGY,MON,6,1:30-2:20,21EES101T/BEEE,
CSE,I Year,I/II/CSE I,ADMIN 203,FACULTY OF ENGINEERING AND TECHNOLOGY,MON,7,2:20-3:05,21LEM101T/ COI,
CSE,I Year,I/II/CSE I,ADMIN 203,FACULTY OF ENGINEERING AND TECHNOLOGY,MON,8,3:05-3:50,,
CSE,I Year,I/II/CSE I,ADMIN 203,FACULTY OF ENGINEERING AND TECHNOLOGY,TUE,1,8:30-9:20,21PYB102J/PHY,
CSE,I Year,I/II/CSE I,ADMIN 203,FACULTY OF ENGINEERING AND TECHNOLOGY,TUE,2,9:20-10:10,,
CSE,I Year,I/II/CSE I,ADMIN 203,FACULTY OF ENGINEERING AND TECHNOLOGY,TUE,3,10:20-11:10,21MAB102T/ACCA,
CSE,I Year,I/II/CSE I,ADMIN 203,FACULTY OF ENGINEERING AND TECHNOLOGY,TUE,4,11:10-12:00,21CSC101T/OODP,
CSE,I Year,I/II/CSE I,ADMIN 203,FACULTY OF ENGINEERING AND TECHNOLOGY,TUE,5,12:40-1:30,,
CSE,I Year,I/II/CSE I,ADMIN 203,FACULTY OF ENGINEERING AND TECHNOLOGY,TUE,6,1:30-2:20,21MES101L/WS,
CSE,I Year,I/II/CSE I,ADMIN 203,FACULTY OF ENGINEERING AND TECHNOLOGY,TUE,7,2:20-3:05,,
CSE,I Year,I/II/CSE I,ADMIN 203,FACULTY OF ENGINEERING AND TECHNOLOGY,TUE,8,3:05-3:50,,
CSE,I Year,I/II/CSE I,ADMIN 203,FACULTY OF ENGINEERING AND TECHNOLOGY,WED,1,8:30-9:20,21CSC101T/OODP,
CSE,I Year,I/II/CSE I,ADMIN 203,FACULTY OF ENGINEERING AND TECHNOLOGY,WED,2,9:20-10:10,21EES101T/BEEE,
CSE,I Year,I/II/CSE I,ADMIN 203,FACULTY OF ENGINEERING AND TECHNOLOGY,WED,3,10:20-11:10,21LEH101T/CE,
CSE,I Year,I/II/CSE I,ADMIN 203,FACULTY OF ENGINEERING AND TECHNOLOGY,WED,4,11:10-12:00,21PYB102J/PHY,
CSE,I Year,I/II/CSE I,ADMIN 203,FACULTY OF ENGINEERING AND TECHNOLOGY,WED,5,12:40-1:30,,
CSE,I Year,I/II/CSE I,ADMIN 203,FACULTY OF ENGINEERING AND TECHNOLOGY,WED,6,1:30-2:20,,
CSE,I Year,I/II/CSE I,ADMIN 203,FACULTY OF ENGINEERING AND TECHNOLOGY,WED,7,2:20-3:05,,
CSE,I Year,I/II/CSE I,ADMIN 203,FACULTY OF ENGINEERING AND TECHNOLOGY,WED,8,3:05-3:50,,
CSE,I Year,I/II/CSE I,ADMIN 203,FACULTY OF ENGINEERING AND TECHNOLOGY,THU,1,8:30-9:20,21PYB102J/PHY,
CSE,I Year,I/II/CSE I,ADMIN 203,FACULTY OF ENGINEERING AND TECHNOLOGY,THU,2,9:20-10:10,21CSC101T/OODP,
CSE,I Year,I/II/CSE I,ADMIN 203,FACULTY OF ENGINEERING AND TECHNOLOGY,THU,3,10:20-11:10,21EES101T/BEEE,
CSE,I Year,I/II/CSE I,ADMIN 203,FACULTY OF ENGINEERING AND TECHNOLOGY,THU,4,11:10-12:00,21MAB102T/ACCA,
CSE,I Year,I/II/CSE I,ADMIN 203,FACULTY OF ENGINEERING AND TECHNOLOGY,THU,5,12:40-1:30,21GNM104L/NSO,
CSE,I Year,I/II/CSE I,ADMIN 203,FACULTY OF ENGINEERING AND TECHNOLOGY,THU,6,1:30-2:20,,
CSE,I Year,I/II/CSE I,ADMIN 203,FACULTY OF ENGINEERING AND TECHNOLOGY,THU,7,2:20-3:05,,
CSE,I Year,I/II/CSE I,ADMIN 203,FACULTY OF ENGINEERING AND TECHNOLOGY,THU,8,3:05-3:50,,
CSE,I Year,I/II/CSE I,ADMIN 203,FACULTY OF ENGINEERING AND TECHNOLOGY,FRI,1,8:30-9:20,21MAB102T/ACCA,
CSE,I Year,I/II/CSE I,ADMIN 203,FACULTY OF ENGINEERING AND TECHNOLOGY,FRI,2,9:20-10:10,21EES101T/BEEE,
CSE,I Year,I/II/CSE I,ADMIN 203,FACULTY OF ENGINEERING AND TECHNOLOGY,FRI,3,10:20-11:10,21PYB102J/PHY,
CSE,I Year,I/II/CSE I,ADMIN 203,FACULTY OF ENGINEERING AND TECHNOLOGY,FRI,4,11:10-12:00,21LEH101T/CE,
CSE,I Year,I/II/CSE I,ADMIN 203,FACULTY OF ENGINEERING AND TECHNOLOGY,FRI,5,12:40-1:30,,
CSE,I Year,I/II/CSE I,ADMIN 203,FACULTY OF ENGINEERING AND TECHNOLOGY,FRI,6,1:30-2:20,,
CSE,I Year,I/II/CSE I,ADMIN 203,FACULTY OF ENGINEERING AND TECHNOLOGY,FRI,7,2:20-3:05,,
CSE,I Year,I/II/CSE I,ADMIN 203,FACULTY OF ENGINEERING AND TECHNOLOGY,FRI,8,3:05-3:50,,
CSE,I Year,I/II/CSE J,ADMIN 204,FACULTY OF ENGINEERING AND TECHNOLOGY,MON,1,8:30-9:20,21PYB102J/PHY,
CSE,I Year,I/II/CSE J,ADMIN 204,FACULTY OF ENGINEERING AND TECHNOLOGY,MON,2,9:20-10:10,21MAB102T/ACCA,
CSE,I Year,I/II/CSE J,ADMIN 204,FACULTY OF ENGINEERING AND TECHNOLOGY,MON,3,10:20-11:10,21EES101T/BEEE,
CSE,I Year,I/II/CSE J,ADMIN 204,FACULTY OF ENGINEERING AND TECHNOLOGY,MON,4,11:10-12:00,21CSC101T/OODP,
CSE,I Year,I/II/CSE J,ADMIN 204,FACULTY OF ENGINEERING AND TECHNOLOGY,MON,5,12:40-1:30,21GNM104L/NSO,
CSE,I Year,I/II/CSE J,ADMIN 204,FACULTY OF ENGINEERING AND TECHNOLOGY,MON,6,1:30-2:20,,
CSE,I Year,I/II/CSE J,ADMIN 204,FACULTY OF ENGINEERING AND TECHNOLOGY,MON,7,2:20-3:05,21PYB102J/PHY,
CSE,I Year,I/II/CSE J,ADMIN 204,FACULTY OF ENGINEERING AND TECHNOLOGY,MON,8,3:05-3:50,,
CSE,I Year,I/II/CSE J,ADMIN 204,FACULTY OF ENGINEERING AND TECHNOLOGY,TUE,1,8:30-9:20,21LEH101T/CE,
CSE,I Year,I/II/CSE J,ADMIN 204,FACULTY OF ENGINEERING AND TECHNOLOGY,TUE,2,9:20-10:10,21EES101T/BEEE,
CSE,I Year,I/II/CSE J,ADMIN 204,FACULTY OF ENGINEERING AND TECHNOLOGY,TUE,3,10:20-11:10,21MAB102T/ACCA,
CSE,I Year,I/II/CSE J,ADMIN 204,FACULTY OF ENGINEERING AND TECHNOLOGY,TUE,4,11:10-12:00,21PYB102J/PHY,
CSE,I Year,I/II/CSE J,ADMIN 204,FACULTY OF ENGINEERING AND TECHNOLOGY,TUE,5,12:40-1:30,21PDM102L/GA,
CSE,I Year,I/II/CSE J,ADMIN 204,FACULTY OF ENGINEERING AND TECHNOLOGY,TUE,6,1:30-2:20,,
CSE,I Year,I/II/CSE J,ADMIN 204,FACULTY OF ENGINEERING AND TECHNOLOGY,TUE,7,2:20-3:05,,
CSE,I Year,I/II/CSE J,ADMIN 204,FACULTY OF ENGINEERING AND TECHNOLOGY,TUE,8,3:05-3:50,,
CSE,I Year,I/II/CSE J,ADMIN 204,FACULTY OF ENGINEERING AND TECHNOLOGY,WED,1,8:30-9:20,21MES101L/WS,
CSE,I Year,I/II/CSE J,ADMIN 204,FACULTY OF ENGINEERING AND TECHNOLOGY,WED,2,9:20-10:10,,
CSE,I Year,I/II/CSE J,ADMIN 204,FACULTY OF ENGINEERING AND TECHNOLOGY,WED,3,10:20-11:10,21MES101L/WS,
CSE,I Year,I/II/CSE J,ADMIN 204,FACULTY OF ENGINEERING AND TECHNOLOGY,WED,4,11:10-12:00,,
CSE,I Year,I/II/CSE J,ADMIN 204,FACULTY OF ENGINEERING AND TECHNOLOGY,WED,5,12:40-1:30,,
CSE,I Year,I/II/CSE J,ADMIN 204,FACULTY OF ENGINEERING AND TECHNOLOGY,WED,6,1:30-2:20,,
CSE,I Year,I/II/CSE J,ADMIN 204,FACULTY OF ENGINEERING AND TECHNOLOGY,WED,7,2:20-3:05,,
CSE,I Year,I/II/CSE J,ADMIN 204,FACULTY OF ENGINEERING AND TECHNOLOGY,WED,8,3:05-3:50,,
CSE,I Year,I/II/CSE J,ADMIN 204,FACULTY OF ENGINEERING AND TECHNOLOGY,THU,1,8:30-9:20,21EES101T/BEEE,
CSE,I Year,I/II/CSE J,ADMIN 204,FACULTY OF ENGINEERING AND TECHNOLOGY,THU,2,9:20-10:10,21MAB102T/ACCA,
CSE,I Year,I/II/CSE J,ADMIN 204,FACULTY OF ENGINEERING AND TECHNOLOGY,THU,3,10:20-11:10,21LEH101T/CE,
CSE,I Year,I/II/CSE J,ADMIN 204,FACULTY OF ENGINEERING AND TECHNOLOGY,THU,4,11:10-12:00,21CSC101T/OODP,
CSE,I Year,I/II/CSE J,ADMIN 204,FACULTY OF ENGINEERING AND TECHNOLOGY,THU,5,12:40-1:30,21PYB102J/PHY,
CSE,I Year,I/II/CSE J,ADMIN 204,FACULTY OF ENGINEERING AND TECHNOLOGY,THU,6,1:30-2:20,21LEM101T/ COI,
CSE,I Year,I/II/CSE J,ADMIN 204,FACULTY OF ENGINEERING AND TECHNOLOGY,THU,7,2:20-3:05,,
CSE,I Year,I/II/CSE J,ADMIN 204,FACULTY OF ENGINEERING AND TECHNOLOGY,THU,8,3:05-3:50,,
CSE,I Year,I/II/CSE J,ADMIN 204,FACULTY OF ENGINEERING AND TECHNOLOGY,FRI,1,8:30-9:20,21MAB102T/ACCA,
CSE,I Year,I/II/CSE J,ADMIN 204,FACULTY OF ENGINEERING AND TECHNOLOGY,FRI,2,9:20-10:10,21PYB102J/PHY,
CSE,I Year,I/II/CSE J,ADMIN 204,FACULTY OF ENGINEERING AND TECHNOLOGY,FRI,3,10:20-11:10,21LEH101T/CE,
CSE,I Year,I/II/CSE J,ADMIN 204,FACULTY OF ENGINEERING AND TECHNOLOGY,FRI,4,11:10-12:00,21CSC101T/OODP,
CSE,I Year,I/II/CSE J,ADMIN 204,FACULTY OF ENGINEERING AND TECHNOLOGY,FRI,5,12:40-1:30,21EES101T/BEEE,
CSE,I Year,I/II/CSE J,ADMIN 204,FACULTY OF ENGINEERING AND TECHNOLOGY,FRI,6,1:30-2:20,,
CSE,I Year,I/II/CSE J,ADMIN 204,FACULTY OF ENGINEERING AND TECHNOLOGY,FRI,7,2:20-3:05,,
CSE,I Year,I/II/CSE J,ADMIN 204,FACULTY OF ENGINEERING AND TECHNOLOGY,FRI,8,3:05-3:50,,
CSE,I Year,I/II/CSE K,ADMIN 205,FACULTY OF ENGINEERING AND TECHNOLOGY,MON,1,8:30-9:20,21EES101T/BEEE,
CSE,I Year,I/II/CSE K,ADMIN 205,FACULTY OF ENGINEERING AND TECHNOLOGY,MON,2,9:20-10:10,,
CSE,I Year,I/II/CSE K,ADMIN 205,FACULTY OF ENGINEERING AND TECHNOLOGY,MON,3,10:20-11:10,21LEH101T/CE,
CSE,I Year,I/II/CSE K,ADMIN 205,FACULTY OF ENGINEERING AND TECHNOLOGY,MON,4,11:10-12:00,21PYB102J/PHY,
CSE,I Year,I/II/CSE K,ADMIN 205,FACULTY OF ENGINEERING AND TECHNOLOGY,MON,5,12:40-1:30,,
CSE,I Year,I/II/CSE K,ADMIN 205,FACULTY OF ENGINEERING AND TECHNOLOGY,MON,6,1:30-2:20,,
CSE,I Year,I/II/CSE K,ADMIN 205,FACULTY OF ENGINEERING AND TECHNOLOGY,MON,7,2:20-3:05,,
CSE,I Year,I/II/CSE K,ADMIN 205,FACULTY OF ENGINEERING AND TECHNOLOGY,MON,8,3:05-3:50,,
CSE,I Year,I/II/CSE K,ADMIN 205,FACULTY OF ENGINEERING AND TECHNOLOGY,TUE,1,8:30-9:20,21CSC101T/OODP,
CSE,I Year,I/II/CSE K,ADMIN 205,FACULTY OF ENGINEERING AND TECHNOLOGY,TUE,2,9:20-10:10,21MAB102T/ACCA,
CSE,I Year,I/II/CSE K,ADMIN 205,FACULTY OF ENGINEERING AND TECHNOLOGY,TUE,3,10:20-11:10,21PYB102J/PHY,
CSE,I Year,I/II/CSE K,ADMIN 205,FACULTY OF ENGINEERING AND TECHNOLOGY,TUE,4,11:10-12:00,,
CSE,I Year,I/II/CSE K,ADMIN 205,FACULTY OF ENGINEERING AND TECHNOLOGY,TUE,5,12:40-1:30,21EES101T/BEEE,
CSE,I Year,I/II/CSE K,ADMIN 205,FACULTY OF ENGINEERING AND TECHNOLOGY,TUE,6,1:30-2:20,21LEM101T/ COI,
CSE,I Year,I/II/CSE K,ADMIN 205,FACULTY OF ENGINEERING AND TECHNOLOGY,TUE,7,2:20-3:05,,
CSE,I Year,I/II/CSE K,ADMIN 205,FACULTY OF ENGINEERING AND TECHNOLOGY,TUE,8,3:05-3:50,,
CSE,I Year,I/II/CSE K,ADMIN 205,FACULTY OF ENGINEERING AND TECHNOLOGY,WED,1,8:30-9:20,21PYB102J/PHY,
CSE,I Year,I/II/CSE K,ADMIN 205,FACULTY OF ENGINEERING AND TECHNOLOGY,WED,2,9:20-10:10,21MAB102T/ACCA,
CSE,I Year,I/II/CSE K,ADMIN 205,FACULTY OF ENGINEERING AND TECHNOLOGY,WED,3,10:20-11:10,21CSC101T/OODP,
CSE,I Year,I/II/CSE K,ADMIN 205,FACULTY OF ENGINEERING AND TECHNOLOGY,WED,4,11:10-12:00,21LEH101T/CE,
CSE,I Year,I/II/CSE K,ADMIN 205,FACULTY OF ENGINEERING AND TECHNOLOGY,WED,5,12:40-1:30,,
CSE,I Year,I/II/CSE K,ADMIN 205,FACULTY OF ENGINEERING AND TECHNOLOGY,WED,6,1:30-2:20,21EES101T/BEEE,
CSE,I Year,I/II/CSE K,ADMIN 205,FACULTY OF ENGINEERING AND TECHNOLOGY,WED,7,2:20-3:05,21PDM102L/GA,
CSE,I Year,I/II/CSE K,ADMIN 205,FACULTY OF ENGINEERING AND TECHNOLOGY,WED,8,3:05-3:50,,
CSE,I Year,I/II/CSE K,ADMIN 205,FACULTY OF ENGINEERING AND TECHNOLOGY,THU,1,8:30-9:20,21MES101L/WS,
CSE,I Year,I/II/CSE K,ADMIN 205,FACULTY OF ENGINEERING AND TECHNOLOGY,THU,2,9:20-10:10,,
CSE,I Year,I/II/CSE K,ADMIN 205,FACULTY OF ENGINEERING AND TECHNOLOGY,THU,3,10:20-11:10,21MES101L/WS,
CSE,I Year,I/II/CSE K,ADMIN 205,FACULTY OF ENGINEERING AND TECHNOLOGY,THU,4,11:10-12:00,,
CSE,I Year,I/II/CSE K,ADMIN 205,FACULTY OF ENGINEERING AND TECHNOLOGY,THU,5,12:40-1:30,21PYB102J/PHY,
CSE,I Year,I/II/CSE K,ADMIN 205,FACULTY OF ENGINEERING AND TECHNOLOGY,THU,6,1:30-2:20,21MAB102T/ACCA,
CSE,I Year,I/II/CSE K,ADMIN 205,FACULTY OF ENGINEERING AND TECHNOLOGY,THU,7,2:20-3:05,21GNM104L/NSO,
CSE,I Year,I/II/CSE K,ADMIN 205,FACULTY OF ENGINEERING AND TECHNOLOGY,THU,8,3:05-3:50,,
CSE,I Year,I/II/CSE K,ADMIN 205,FACULTY OF ENGINEERING AND TECHNOLOGY,FRI,1,8:30-9:20,21MAB102T/ACCA,
CSE,I Year,I/II/CSE K,ADMIN 205,FACULTY OF ENGINEERING AND TECHNOLOGY,FRI,2,9:20-10:10,21LEH101T/CE,
CSE,I Year,I/II/CSE K,ADMIN 205,FACULTY OF ENGINEERING AND TECHNOLOGY,FRI,3,10:20-11:10,21PYB102J/PHY,
CSE,I Year,I/II/CSE K,ADMIN 205,FACULTY OF ENGINEERING AND TECHNOLOGY,FRI,4,11:10-12:00,21CSC101T/OODP,
CSE,I Year,I/II/CSE K,ADMIN 205,FACULTY OF ENGINEERING AND TECHNOLOGY,FRI,5,12:40-1:30,21EES101T/BEEE,
CSE,I Year,I/II/CSE K,ADMIN 205,FACULTY OF ENGINEERING AND TECHNOLOGY,FRI,6,1:30-2:20,,
CSE,I Year,I/II/CSE K,ADMIN 205,FACULTY OF ENGINEERING AND TECHNOLOGY,FRI,7,2:20-3:05,,
CSE,I Year,I/II/CSE K,ADMIN 205,FACULTY OF ENGINEERING AND TECHNOLOGY,FRI,8,3:05-3:50,,
CSE,I Year,I/II/CSE L,ADMIN 301,FACULTY OF ENGINEERING AND TECHNOLOGY,MON,1,8:30-9:20,21CSC101T/OODP,
CSE,I Year,I/II/CSE L,ADMIN 301,FACULTY OF ENGINEERING AND TECHNOLOGY,MON,2,9:20-10:10,21MAB102T/ACCA,
CSE,I Year,I/II/CSE L,ADMIN 301,FACULTY OF ENGINEERING AND TECHNOLOGY,MON,3,10:20-11:10,21PYB102J/PHY,
CSE,I Year,I/II/CSE L,ADMIN 301,FACULTY OF ENGINEERING AND TECHNOLOGY,MON,4,11:10-12:00,21EES101T/BEEE,
CSE,I Year,I/II/CSE L,ADMIN 301,FACULTY OF ENGINEERING AND TECHNOLOGY,MON,5,12:40-1:30,,
CSE,I Year,I/II/CSE L,ADMIN 301,FACULTY OF ENGINEERING AND TECHNOLOGY,MON,6,1:30-2:20,,
CSE,I Year,I/II/CSE L,ADMIN 301,FACULTY OF ENGINEERING AND TECHNOLOGY,MON,7,2:20-3:05,,
CSE,I Year,I/II/CSE L,ADMIN 301,FACULTY OF ENGINEERING AND TECHNOLOGY,MON,8,3:05-3:50,,
CSE,I Year,I/II/CSE L,ADMIN 301,FACULTY OF ENGINEERING AND TECHNOLOGY,TUE,1,8:30-9:20,21LEH101T/CE,
CSE,I Year,I/II/CSE L,ADMIN 301,FACULTY OF ENGINEERING AND TECHNOLOGY,TUE,2,9:20-10:10,21EES101T/BEEE,
CSE,I Year,I/II/CSE L,ADMIN 301,FACULTY OF ENGINEERING AND TECHNOLOGY,TUE,3,10:20-11:10,21MAB102T/ACCA,
CSE,I Year,I/II/CSE L,ADMIN 301,FACULTY OF ENGINEERING AND TECHNOLOGY,TUE,4,11:10-12:00,21PYB102J/PHY,
CSE,I Year,I/II/CSE L,ADMIN 301,FACULTY OF ENGINEERING AND TECHNOLOGY,TUE,5,12:40-1:30,,
CSE,I Year,I/II/CSE L,ADMIN 301,FACULTY OF ENGINEERING AND TECHNOLOGY,TUE,6,1:30-2:20,,
CSE,I Year,I/II/CSE L,ADMIN 301,FACULTY OF ENGINEERING AND TECHNOLOGY,TUE,7,2:20-3:05,,
CSE,I Year,I/II/CSE L,ADMIN 301,FACULTY OF ENGINEERING AND TECHNOLOGY,TUE,8,3:05-3:50,,
CSE,I Year,I/II/CSE L,ADMIN 301,FACULTY OF ENGINEERING AND TECHNOLOGY,WED,1,8:30-9:20,21MAB102T/ACCA,
CSE,I Year,I/II/CSE L,ADMIN 301,FACULTY OF ENGINEERING AND TECHNOLOGY,WED,2,9:20-10:10,21PYB102J/PHY,
CSE,I Year,I/II/CSE L,ADMIN 301,FACULTY OF ENGINEERING AND TECHNOLOGY,WED,3,10:20-11:10,21LEH101T/CE,
CSE,I Year,I/II/CSE L,ADMIN 301,FACULTY OF ENGINEERING AND TECHNOLOGY,WED,4,11:10-12:00,21CSC101T/OODP,
CSE,I Year,I/II/CSE L,ADMIN 301,FACULTY OF ENGINEERING AND TECHNOLOGY,WED,5,12:40-1:30,,
CSE,I Year,I/II/CSE L,ADMIN 301,FACULTY OF ENGINEERING AND TECHNOLOGY,WED,6,1:30-2:20,21EES101T/BEEE,
CSE,I Year,I/II/CSE L,ADMIN 301,FACULTY OF ENGINEERING AND TECHNOLOGY,WED,7,2:20-3:05,21GNM104L/NSO,
CSE,I Year,I/II/CSE L,ADMIN 301,FACULTY OF ENGINEERING AND TECHNOLOGY,WED,8,3:05-3:50,,
CSE,I Year,I/II/CSE L,ADMIN 301,FACULTY OF ENGINEERING AND TECHNOLOGY,THU,1,8:30-9:20,21PDM102L/GA,
CSE,I Year,I/II/CSE L,ADMIN 301,FACULTY OF ENGINEERING AND TECHNOLOGY,THU,2,9:20-10:10,,
CSE,I Year,I/II/CSE L,ADMIN 301,FACULTY OF ENGINEERING AND TECHNOLOGY,THU,3,10:20-11:10,21EES101T/BEEE,
CSE,I Year,I/II/CSE L,ADMIN 301,FACULTY OF ENGINEERING AND TECHNOLOGY,THU,4,11:10-12:00,21LEM101T/ COI,
CSE,I Year,I/II/CSE L,ADMIN 301,FACULTY OF ENGINEERING AND TECHNOLOGY,THU,5,12:40-1:30,21MAB102T/ACCA,
CSE,I Year,I/II/CSE L,ADMIN 301,FACULTY OF ENGINEERING AND TECHNOLOGY,THU,6,1:30-2:20,,
CSE,I Year,I/II/CSE L,ADMIN 301,FACULTY OF ENGINEERING AND TECHNOLOGY,THU,7,2:20-3:05,,
CSE,I Year,I/II/CSE L,ADMIN 301,FACULTY OF ENGINEERING AND TECHNOLOGY,THU,8,3:05-3:50,,
CSE,I Year,I/II/CSE L,ADMIN 301,FACULTY OF ENGINEERING AND TECHNOLOGY,FRI,1,8:30-9:20,21PYB102J/PHY,
CSE,I Year,I/II/CSE L,ADMIN 301,FACULTY OF ENGINEERING AND TECHNOLOGY,FRI,2,9:20-10:10,21LEH101T/CE,
CSE,I Year,I/II/CSE L,ADMIN 301,FACULTY OF ENGINEERING AND TECHNOLOGY,FRI,3,10:20-11:10,21CSC101T/OODP,
CSE,I Year,I/II/CSE L,ADMIN 301,FACULTY OF ENGINEERING AND TECHNOLOGY,FRI,4,11:10-12:00,21MES101L/WS,
CSE,I Year,I/II/CSE L,ADMIN 301,FACULTY OF ENGINEERING AND TECHNOLOGY,FRI,5,12:40-1:30,21MES101L/WS,
CSE,I Year,I/II/CSE L,ADMIN 301,FACULTY OF ENGINEERING AND TECHNOLOGY,FRI,6,1:30-2:20,,
CSE,I Year,I/II/CSE L,ADMIN 301,FACULTY OF ENGINEERING AND TECHNOLOGY,FRI,7,2:20-3:05,21PYB102J/PHY,
CSE,I Year,I/II/CSE L,ADMIN 301,FACULTY OF ENGINEERING AND TECHNOLOGY,FRI,8,3:05-3:50,,
CSE,I Year,I/II/CSE M,ADMIN 302,FACULTY OF ENGINEERING AND TECHNOLOGY,MON,1,8:30-9:20,21CSC101T/OODP,
CSE,I Year,I/II/CSE M,ADMIN 302,FACULTY OF ENGINEERING AND TECHNOLOGY,MON,2,9:20-10:10,21EES101T/BEEE,
CSE,I Year,I/II/CSE M,ADMIN 302,FACULTY OF ENGINEERING AND TECHNOLOGY,MON,3,10:20-11:10,21LEH101T/CE,
CSE,I Year,I/II/CSE M,ADMIN 302,FACULTY OF ENGINEERING AND TECHNOLOGY,MON,4,11:10-12:00,21MAB102T/ACCA,
CSE,I Year,I/II/CSE M,ADMIN 302,FACULTY OF ENGINEERING AND TECHNOLOGY,MON,5,12:40-1:30,,
CSE,I Year,I/II/CSE M,ADMIN 302,FACULTY OF ENGINEERING AND TECHNOLOGY,MON,6,1:30-2:20,,
CSE,I Year,I/II/CSE M,ADMIN 302,FACULTY OF ENGINEERING AND TECHNOLOGY,MON,7,2:20-3:05,,
CSE,I Year,I/II/CSE M,ADMIN 302,FACULTY OF ENGINEERING AND TECHNOLOGY,MON,8,3:05-3:50,,
CSE,I Year,I/II/CSE M,ADMIN 302,FACULTY OF ENGINEERING AND TECHNOLOGY,TUE,1,8:30-9:20,21EES101T/BEEE,
CSE,I Year,I/II/CSE M,ADMIN 302,FACULTY OF ENGINEERING AND TECHNOLOGY,TUE,2,9:20-10:10,21MAB102T/ACCA,
CSE,I Year,I/II/CSE M,ADMIN 302,FACULTY OF ENGINEERING AND TECHNOLOGY,TUE,3,10:20-11:10,21PYB102J/PHY,
CSE,I Year,I/II/CSE M,ADMIN 302,FACULTY OF ENGINEERING AND TECHNOLOGY,TUE,4,11:10-12:00,21CSC101T/OODP,
CSE,I Year,I/II/CSE M,ADMIN 302,FACULTY OF ENGINEERING AND TECHNOLOGY,TUE,5,12:40-1:30,,
CSE,I Year,I/II/CSE M,ADMIN 302,FACULTY OF ENGINEERING AND TECHNOLOGY,TUE,6,1:30-2:20,21MES101L/WS,
CSE,I Year,I/II/CSE M,ADMIN 302,FACULTY OF ENGINEERING AND TECHNOLOGY,TUE,7,2:20-3:05,,
CSE,I Year,I/II/CSE M,ADMIN 302,FACULTY OF ENGINEERING AND TECHNOLOGY,TUE,8,3:05-3:50,,
CSE,I Year,I/II/CSE M,ADMIN 302,FACULTY OF ENGINEERING AND TECHNOLOGY,WED,1,8:30-9:20,21LEH101T/CE,
CSE,I Year,I/II/CSE M,ADMIN 302,FACULTY OF ENGINEERING AND TECHNOLOGY,WED,2,9:20-10:10,21MAB102T/ACCA,
CSE,I Year,I/II/CSE M,ADMIN 302,FACULTY OF ENGINEERING AND TECHNOLOGY,WED,3,10:20-11:10,21EES101T/BEEE,
CSE,I Year,I/II/CSE M,ADMIN 302,FACULTY OF ENGINEERING AND TECHNOLOGY,WED,4,11:10-12:00,21PYB102J/PHY,
CSE,I Year,I/II/CSE M,ADMIN 302,FACULTY OF ENGINEERING AND TECHNOLOGY,WED,5,12:40-1:30,,
CSE,I Year,I/II/CSE M,ADMIN 302,FACULTY OF ENGINEERING AND TECHNOLOGY,WED,6,1:30-2:20,,
CSE,I Year,I/II/CSE M,ADMIN 302,FACULTY OF ENGINEERING AND TECHNOLOGY,WED,7,2:20-3:05,,
CSE,I Year,I/II/CSE M,ADMIN 302,FACULTY OF ENGINEERING AND TECHNOLOGY,WED,8,3:05-3:50,,
CSE,I Year,I/II/CSE M,ADMIN 302,FACULTY OF ENGINEERING AND TECHNOLOGY,THU,1,8:30-9:20,21PYB102J/PHY,
CSE,I Year,I/II/CSE M,ADMIN 302,FACULTY OF ENGINEERING AND TECHNOLOGY,THU,2,9:20-10:10,21EES101T/BEEE,
CSE,I Year,I/II/CSE M,ADMIN 302,FACULTY OF ENGINEERING AND TECHNOLOGY,THU,3,10:20-11:10,21PYB102J/PHY,
CSE,I Year,I/II/CSE M,ADMIN 302,FACULTY OF ENGINEERING AND TECHNOLOGY,THU,4,11:10-12:00,,
CSE,I Year,I/II/CSE M,ADMIN 302,FACULTY OF ENGINEERING AND TECHNOLOGY,THU,5,12:40-1:30,21PDM102L/GA,
CSE,I Year,I/II/CSE M,ADMIN 302,FACULTY OF ENGINEERING AND TECHNOLOGY,THU,6,1:30-2:20,,
CSE,I Year,I/II/CSE M,ADMIN 302,FACULTY OF ENGINEERING AND TECHNOLOGY,THU,7,2:20-3:05,21LEM101T/ COI,
CSE,I Year,I/II/CSE M,ADMIN 302,FACULTY OF ENGINEERING AND TECHNOLOGY,THU,8,3:05-3:50,,
CSE,I Year,I/II/CSE M,ADMIN 302,FACULTY OF ENGINEERING AND TECHNOLOGY,FRI,1,8:30-9:20,21MAB102T/ACCA,
CSE,I Year,I/II/CSE M,ADMIN 302,FACULTY OF ENGINEERING AND TECHNOLOGY,FRI,2,9:20-10:10,21PYB102J/PHY,
CSE,I Year,I/II/CSE M,ADMIN 302,FACULTY OF ENGINEERING AND TECHNOLOGY,FRI,3,10:20-11:10,21CSC101T/OODP,
CSE,I Year,I/II/CSE M,ADMIN 302,FACULTY OF ENGINEERING AND TECHNOLOGY,FRI,4,11:10-12:00,21LEH101T/CE,
CSE,I Year,I/II/CSE M,ADMIN 302,FACULTY OF ENGINEERING AND TECHNOLOGY,FRI,5,12:40-1:30,21GNM104L/NSO,
CSE,I Year,I/II/CSE M,ADMIN 302,FACULTY OF ENGINEERING AND TECHNOLOGY,FRI,6,1:30-2:20,,
CSE,I Year,I/II/CSE M,ADMIN 302,FACULTY OF ENGINEERING AND TECHNOLOGY,FRI,7,2:20-3:05,,
CSE,I Year,I/II/CSE M,ADMIN 302,FACULTY OF ENGINEERING AND TECHNOLOGY,FRI,8,3:05-3:50,,
CSE,I Year,I/II/CSE N,ADMIN 303,FACULTY OF ENGINEERING AND TECHNOLOGY,MON,1,8:30-9:20,21EES101T/BEEE,
CSE,I Year,I/II/CSE N,ADMIN 303,FACULTY OF ENGINEERING AND TECHNOLOGY,MON,2,9:20-10:10,21LEH101T/CE,
CSE,I Year,I/II/CSE N,ADMIN 303,FACULTY OF ENGINEERING AND TECHNOLOGY,MON,3,10:20-11:10,21PYB102J/PHY,
CSE,I Year,I/II/CSE N,ADMIN 303,FACULTY OF ENGINEERING AND TECHNOLOGY,MON,4,11:10-12:00,21CSC101T/OODP,
CSE,I Year,I/II/CSE N,ADMIN 303,FACULTY OF ENGINEERING AND TECHNOLOGY,MON,5,12:40-1:30,,
CSE,I Year,I/II/CSE N,ADMIN 303,FACULTY OF ENGINEERING AND TECHNOLOGY,MON,6,1:30-2:20,,
CSE,I Year,I/II/CSE N,ADMIN 303,FACULTY OF ENGINEERING AND TECHNOLOGY,MON,7,2:20-3:05,,
CSE,I Year,I/II/CSE N,ADMIN 303,FACULTY OF ENGINEERING AND TECHNOLOGY,MON,8,3:05-3:50,,
CSE,I Year,I/II/CSE N,ADMIN 303,FACULTY OF ENGINEERING AND TECHNOLOGY,TUE,1,8:30-9:20,21CSC101T/OODP,
CSE,I Year,I/II/CSE N,ADMIN 303,FACULTY OF ENGINEERING AND TECHNOLOGY,TUE,2,9:20-10:10,21PYB102J/PHY,
CSE,I Year,I/II/CSE N,ADMIN 303,FACULTY OF ENGINEERING AND TECHNOLOGY,TUE,3,10:20-11:10,21MAB102T/ACCA,
CSE,I Year,I/II/CSE N,ADMIN 303,FACULTY OF ENGINEERING AND TECHNOLOGY,TUE,4,11:10-12:00,21LEH101T/CE,
CSE,I Year,I/II/CSE N,ADMIN 303,FACULTY OF ENGINEERING AND TECHNOLOGY,TUE,5,12:40-1:30,21EES101T/BEEE,
CSE,I Year,I/II/CSE N,ADMIN 303,FACULTY OF ENGINEERING AND TECHNOLOGY,TUE,6,1:30-2:20,21LEM101T/ COI,
CSE,I Year,I/II/CSE N,ADMIN 303,FACULTY OF ENGINEERING AND TECHNOLOGY,TUE,7,2:20-3:05,21GNM104L/NSO,
CSE,I Year,I/II/CSE N,ADMIN 303,FACULTY OF ENGINEERING AND TECHNOLOGY,TUE,8,3:05-3:50,,
CSE,I Year,I/II/CSE N,ADMIN 303,FACULTY OF ENGINEERING AND TECHNOLOGY,WED,1,8:30-9:20,21MAB102T/ACCA,
CSE,I Year,I/II/CSE N,ADMIN 303,FACULTY OF ENGINEERING AND TECHNOLOGY,WED,2,9:20-10:10,21CSC101T/OODP,
CSE,I Year,I/II/CSE N,ADMIN 303,FACULTY OF ENGINEERING AND TECHNOLOGY,WED,3,10:20-11:10,21PYB102J/PHY,
CSE,I Year,I/II/CSE N,ADMIN 303,FACULTY OF ENGINEERING AND TECHNOLOGY,WED,4,11:10-12:00,,
CSE,I Year,I/II/CSE N,ADMIN 303,FACULTY OF ENGINEERING AND TECHNOLOGY,WED,5,12:40-1:30,,
CSE,I Year,I/II/CSE N,ADMIN 303,FACULTY OF ENGINEERING AND TECHNOLOGY,WED,6,1:30-2:20,,
CSE,I Year,I/II/CSE N,ADMIN 303,FACULTY OF ENGINEERING AND TECHNOLOGY,WED,7,2:20-3:05,,
CSE,I Year,I/II/CSE N,ADMIN 303,FACULTY OF ENGINEERING AND TECHNOLOGY,WED,8,3:05-3:50,,
CSE,I Year,I/II/CSE N,ADMIN 303,FACULTY OF ENGINEERING AND TECHNOLOGY,THU,1,8:30-9:20,21LEH101T/CE,
CSE,I Year,I/II/CSE N,ADMIN 303,FACULTY OF ENGINEERING AND TECHNOLOGY,THU,2,9:20-10:10,21PYB102J/PHY,
CSE,I Year,I/II/CSE N,ADMIN 303,FACULTY OF ENGINEERING AND TECHNOLOGY,THU,3,10:20-11:10,21PDM102L/GA,
CSE,I Year,I/II/CSE N,ADMIN 303,FACULTY OF ENGINEERING AND TECHNOLOGY,THU,4,11:10-12:00,,
CSE,I Year,I/II/CSE N,ADMIN 303,FACULTY OF ENGINEERING AND TECHNOLOGY,THU,5,12:40-1:30,21MAB102T/ACCA,
CSE,I Year,I/II/CSE N,ADMIN 303,FACULTY OF ENGINEERING AND TECHNOLOGY,THU,6,1:30-2:20,21EES101T/BEEE,
CSE,I Year,I/II/CSE N,ADMIN 303,FACULTY OF ENGINEERING AND TECHNOLOGY,THU,7,2:20-3:05,,
CSE,I Year,I/II/CSE N,ADMIN 303,FACULTY OF ENGINEERING AND TECHNOLOGY,THU,8,3:05-3:50,,
CSE,I Year,I/II/CSE N,ADMIN 303,FACULTY OF ENGINEERING AND TECHNOLOGY,FRI,1,8:30-9:20,21PYB102J/PHY,
CSE,I Year,I/II/CSE N,ADMIN 303,FACULTY OF ENGINEERING AND TECHNOLOGY,FRI,2,9:20-10:10,21EES101T/BEEE,
CSE,I Year,I/II/CSE N,ADMIN 303,FACULTY OF ENGINEERING AND TECHNOLOGY,FRI,3,10:20-11:10,21MAB102T/ACCA,
CSE,I Year,I/II/CSE N,ADMIN 303,FACULTY OF ENGINEERING AND TECHNOLOGY,FRI,4,11:10-12:00,21MES101L/WS,
CSE,I Year,I/II/CSE N,ADMIN 303,FACULTY OF ENGINEERING AND TECHNOLOGY,FRI,5,12:40-1:30,21MES101L/WS,
CSE,I Year,I/II/CSE N,ADMIN 303,FACULTY OF ENGINEERING AND TECHNOLOGY,FRI,6,1:30-2:20,,
CSE,I Year,I/II/CSE N,ADMIN 303,FACULTY OF ENGINEERING AND TECHNOLOGY,FRI,7,2:20-3:05,,
CSE,I Year,I/II/CSE N,ADMIN 303,FACULTY OF ENGINEERING AND TECHNOLOGY,FRI,8,3:05-3:50,,
CSE,I Year,I/II/CSE O,ADMIN 304,FACULTY OF ENGINEERING AND TECHNOLOGY,MON,1,8:30-9:20,21CSC101T/OODP,
CSE,I Year,I/II/CSE O,ADMIN 304,FACULTY OF ENGINEERING AND TECHNOLOGY,MON,2,9:20-10:10,21LEH101T/CE,
CSE,I Year,I/II/CSE O,ADMIN 304,FACULTY OF ENGINEERING AND TECHNOLOGY,MON,3,10:20-11:10,21PYB102J/PHY,
CSE,I Year,I/II/CSE O,ADMIN 304,FACULTY OF ENGINEERING AND TECHNOLOGY,MON,4,11:10-12:00,21MAB102T/ACCA,
CSE,I Year,I/II/CSE O,ADMIN 304,FACULTY OF ENGINEERING AND TECHNOLOGY,MON,5,12:40-1:30,,
CSE,I Year,I/II/CSE O,ADMIN 304,FACULTY OF ENGINEERING AND TECHNOLOGY,MON,6,1:30-2:20,,
CSE,I Year,I/II/CSE O,ADMIN 304,FACULTY OF ENGINEERING AND TECHNOLOGY,MON,7,2:20-3:05,,
CSE,I Year,I/II/CSE O,ADMIN 304,FACULTY OF ENGINEERING AND TECHNOLOGY,MON,8,3:05-3:50,,
CSE,I Year,I/II/CSE O,ADMIN 304,FACULTY OF ENGINEERING AND TECHNOLOGY,TUE,1,8:30-9:20,21MAB102T/ACCA,
CSE,I Year,I/II/CSE O,ADMIN 304,FACULTY OF ENGINEERING AND TECHNOLOGY,TUE,2,9:20-10:10,21EES101T/BEEE,
CSE,I Year,I/II/CSE O,ADMIN 304,FACULTY OF ENGINEERING AND TECHNOLOGY,TUE,3,10:20-11:10,21LEH101T/CE,
CSE,I Year,I/II/CSE O,ADMIN 304,FACULTY OF ENGINEERING AND TECHNOLOGY,TUE,4,11:10-12:00,21PYB102J/PHY,
CSE,I Year,I/II/CSE O,ADMIN 304,FACULTY OF ENGINEERING AND TECHNOLOGY,TUE,5,12:40-1:30,21GNM104L/NSO,
CSE,I Year,I/II/CSE O,ADMIN 304,FACULTY OF ENGINEERING AND TECHNOLOGY,TUE,6,1:30-2:20,,
CSE,I Year,I/II/CSE O,ADMIN 304,FACULTY OF ENGINEERING AND TECHNOLOGY,TUE,7,2:20-3:05,21PYB102J/PHY,
CSE,I Year,I/II/CSE O,ADMIN 304,FACULTY OF ENGINEERING AND TECHNOLOGY,TUE,8,3:05-3:50,,
CSE,I Year,I/II/CSE O,ADMIN 304,FACULTY OF ENGINEERING AND TECHNOLOGY,WED,1,8:30-9:20,21PYB102J/PHY,
CSE,I Year,I/II/CSE O,ADMIN 304,FACULTY OF ENGINEERING AND TECHNOLOGY,WED,2,9:20-10:10,21EES101T/BEEE,
CSE,I Year,I/II/CSE O,ADMIN 304,FACULTY OF ENGINEERING AND TECHNOLOGY,WED,3,10:20-11:10,21MAB102T/ACCA,
CSE,I Year,I/II/CSE O,ADMIN 304,FACULTY OF ENGINEERING AND TECHNOLOGY,WED,4,11:10-12:00,21CSC101T/OODP,
CSE,I Year,I/II/CSE O,ADMIN 304,FACULTY OF ENGINEERING AND TECHNOLOGY,WED,5,12:40-1:30,,
CSE,I Year,I/II/CSE O,ADMIN 304,FACULTY OF ENGINEERING AND TECHNOLOGY,WED,6,1:30-2:20,,
CSE,I Year,I/II/CSE O,ADMIN 304,FACULTY OF ENGINEERING AND TECHNOLOGY,WED,7,2:20-3:05,,
CSE,I Year,I/II/CSE O,ADMIN 304,FACULTY OF ENGINEERING AND TECHNOLOGY,WED,8,3:05-3:50,,
CSE,I Year,I/II/CSE O,ADMIN 304,FACULTY OF ENGINEERING AND TECHNOLOGY,THU,1,8:30-9:20,21LEH101T/CE,
CSE,I Year,I/II/CSE O,ADMIN 304,FACULTY OF ENGINEERING AND TECHNOLOGY,THU,2,9:20-10:10,21EES101T/BEEE,
CSE,I Year,I/II/CSE O,ADMIN 304,FACULTY OF ENGINEERING AND TECHNOLOGY,THU,3,10:20-11:10,21PDM102L/GA,
CSE,I Year,I/II/CSE O,ADMIN 304,FACULTY OF ENGINEERING AND TECHNOLOGY,THU,4,11:10-12:00,,
CSE,I Year,I/II/CSE O,ADMIN 304,FACULTY OF ENGINEERING AND TECHNOLOGY,THU,5,12:40-1:30,21LEM101T/ COI,
CSE,I Year,I/II/CSE O,ADMIN 304,FACULTY OF ENGINEERING AND TECHNOLOGY,THU,6,1:30-2:20,,
CSE,I Year,I/II/CSE O,ADMIN 304,FACULTY OF ENGINEERING AND TECHNOLOGY,THU,7,2:20-3:05,,
CSE,I Year,I/II/CSE O,ADMIN 304,FACULTY OF ENGINEERING AND TECHNOLOGY,THU,8,3:05-3:50,,
CSE,I Year,I/II/CSE O,ADMIN 304,FACULTY OF ENGINEERING AND TECHNOLOGY,FRI,1,8:30-9:20,21EES101T/BEEE,
CSE,I Year,I/II/CSE O,ADMIN 304,FACULTY OF ENGINEERING AND TECHNOLOGY,FRI,2,9:20-10:10,21MAB102T/ACCA,
CSE,I Year,I/II/CSE O,ADMIN 304,FACULTY OF ENGINEERING AND TECHNOLOGY,FRI,3,10:20-11:10,21CSC101T/OODP,
CSE,I Year,I/II/CSE O,ADMIN 304,FACULTY OF ENGINEERING AND TECHNOLOGY,FRI,4,11:10-12:00,21PYB102J/PHY,
CSE,I Year,I/II/CSE O,ADMIN 304,FACULTY OF ENGINEERING AND TECHNOLOGY,FRI,5,12:40-1:30,,
CSE,I Year,I/II/CSE O,ADMIN 304,FACULTY OF ENGINEERING AND TECHNOLOGY,FRI,6,1:30-2:20,21MES101L/WS,
CSE,I Year,I/II/CSE O,ADMIN 304,FACULTY OF ENGINEERING AND TECHNOLOGY,FRI,7,2:20-3:05,,
CSE,I Year,I/II/CSE O,ADMIN 304,FACULTY OF ENGINEERING AND TECHNOLOGY,FRI,8,3:05-3:50,,
CSE,I Year,I/I/CSE P,ADMIN 304,FACULTY OF ENGINEERING AND TECHNOLOGY,MON,1,8:30-9:20,21GNH101J / POE,
CSE,I Year,I/I/CSE P,ADMIN 304,FACULTY OF ENGINEERING AND TECHNOLOGY,MON,2,9:20-10:10,,
CSE,I Year,I/I/CSE P,ADMIN 304,FACULTY OF ENGINEERING AND TECHNOLOGY,MON,3,10:20-11:10,21MAB101T/CLA,
CSE,I Year,I/I/CSE P,ADMIN 304,FACULTY OF ENGINEERING AND TECHNOLOGY,MON,4,11:10-12:00,21CSS101J/PPS,
CSE,I Year,I/I/CSE P,ADMIN 304,FACULTY OF ENGINEERING AND TECHNOLOGY,MON,5,12:40-1:30,,
CSE,I Year,I/I/CSE P,ADMIN 304,FACULTY OF ENGINEERING AND TECHNOLOGY,MON,6,1:30-2:20,21CYB101J/CHEM,
CSE,I Year,I/I/CSE P,ADMIN 304,FACULTY OF ENGINEERING AND TECHNOLOGY,MON,7,2:20-3:05,,
CSE,I Year,I/I/CSE P,ADMIN 304,FACULTY OF ENGINEERING AND TECHNOLOGY,MON,8,3:05-3:50,,
CSE,I Year,I/I/CSE P,ADMIN 304,FACULTY OF ENGINEERING AND TECHNOLOGY,TUE,1,8:30-9:20,21MAB101T/CLA,
CSE,I Year,I/I/CSE P,ADMIN 304,FACULTY OF ENGINEERING AND TECHNOLOGY,TUE,2,9:20-10:10,"21LEH103T/ FRENCH 
21LEH104T/ GERMAN
 21LEH105T/ JAPANESE",
CSE,I Year,I/I/CSE P,ADMIN 304,FACULTY OF ENGINEERING AND TECHNOLOGY,TUE,3,10:20-11:10,21CSS101J/PPS,
CSE,I Year,I/I/CSE P,ADMIN 304,FACULTY OF ENGINEERING AND TECHNOLOGY,TUE,4,11:10-12:00,21CYB101J/CHEM,
CSE,I Year,I/I/CSE P,ADMIN 304,FACULTY OF ENGINEERING AND TECHNOLOGY,TUE,5,12:40-1:30,21CSS101J/PPS,
CSE,I Year,I/I/CSE P,ADMIN 304,FACULTY OF ENGINEERING AND TECHNOLOGY,TUE,6,1:30-2:20,,
CSE,I Year,I/I/CSE P,ADMIN 304,FACULTY OF ENGINEERING AND TECHNOLOGY,TUE,7,2:20-3:05,,
CSE,I Year,I/I/CSE P,ADMIN 304,FACULTY OF ENGINEERING AND TECHNOLOGY,TUE,8,3:05-3:50,,
CSE,I Year,I/I/CSE P,ADMIN 304,FACULTY OF ENGINEERING AND TECHNOLOGY,WED,1,8:30-9:20,21BTB102T/CB,
CSE,I Year,I/I/CSE P,ADMIN 304,FACULTY OF ENGINEERING AND TECHNOLOGY,WED,2,9:20-10:10,21CYB101J/CHEM,
CSE,I Year,I/I/CSE P,ADMIN 304,FACULTY OF ENGINEERING AND TECHNOLOGY,WED,3,10:20-11:10,21CSS101J/PPS,
CSE,I Year,I/I/CSE P,ADMIN 304,FACULTY OF ENGINEERING AND TECHNOLOGY,WED,4,11:10-12:00,21GNH101J / POE,
CSE,I Year,I/I/CSE P,ADMIN 304,FACULTY OF ENGINEERING AND TECHNOLOGY,WED,5,12:40-1:30,,
CSE,I Year,I/I/CSE P,ADMIN 304,FACULTY OF ENGINEERING AND TECHNOLOGY,WED,6,1:30-2:20,21MES102J / EG,
CSE,I Year,I/I/CSE P,ADMIN 304,FACULTY OF ENGINEERING AND TECHNOLOGY,WED,7,2:20-3:05,,
CSE,I Year,I/I/CSE P,ADMIN 304,FACULTY OF ENGINEERING AND TECHNOLOGY,WED,8,3:05-3:50,,
CSE,I Year,I/I/CSE P,ADMIN 304,FACULTY OF ENGINEERING AND TECHNOLOGY,THU,1,8:30-9:20,,
CSE,I Year,I/I/CSE P,ADMIN 304,FACULTY OF ENGINEERING AND TECHNOLOGY,THU,2,9:20-10:10,,
CSE,I Year,I/I/CSE P,ADMIN 304,FACULTY OF ENGINEERING AND TECHNOLOGY,THU,3,10:20-11:10,,
CSE,I Year,I/I/CSE P,ADMIN 304,FACULTY OF ENGINEERING AND TECHNOLOGY,THU,4,11:10-12:00,,
CSE,I Year,I/I/CSE P,ADMIN 304,FACULTY OF ENGINEERING AND TECHNOLOGY,THU,5,12:40-1:30,"21LEH103T/ FRENCH 
21LEH104T/ GERMAN
 21LEH105T/ JAPANESE",
CSE,I Year,I/I/CSE P,ADMIN 304,FACULTY OF ENGINEERING AND TECHNOLOGY,THU,6,1:30-2:20,21BTB102T/CB,
CSE,I Year,I/I/CSE P,ADMIN 304,FACULTY OF ENGINEERING AND TECHNOLOGY,THU,7,2:20-3:05,21MAB101T/CLA,
CSE,I Year,I/I/CSE P,ADMIN 304,FACULTY OF ENGINEERING AND TECHNOLOGY,THU,8,3:05-3:50,21CYB101J/CHEM,
CSE,I Year,I/I/CSE P,ADMIN 304,FACULTY OF ENGINEERING AND TECHNOLOGY,FRI,1,8:30-9:20,21CYB101J/CHEM,
CSE,I Year,I/I/CSE P,ADMIN 304,FACULTY OF ENGINEERING AND TECHNOLOGY,FRI,2,9:20-10:10,,
CSE,I Year,I/I/CSE P,ADMIN 304,FACULTY OF ENGINEERING AND TECHNOLOGY,FRI,3,10:20-11:10,21PDM101L/PSP,
CSE,I Year,I/I/CSE P,ADMIN 304,FACULTY OF ENGINEERING AND TECHNOLOGY,FRI,4,11:10-12:00,,
CSE,I Year,I/I/CSE P,ADMIN 304,FACULTY OF ENGINEERING AND TECHNOLOGY,FRI,5,12:40-1:30,"21LEH103T/ FRENCH 
21LEH104T/ GERMAN
 21LEH105T/ JAPANESE",
CSE,I Year,I/I/CSE P,ADMIN 304,FACULTY OF ENGINEERING AND TECHNOLOGY,FRI,6,1:30-2:20,21MAB101T/CLA,
CSE,I Year,I/I/CSE P,ADMIN 304,FACULTY OF ENGINEERING AND TECHNOLOGY,FRI,7,2:20-3:05,21CYM101T/ EVS,
CSE,I Year,I/I/CSE P,ADMIN 304,FACULTY OF ENGINEERING AND TECHNOLOGY,FRI,8,3:05-3:50,,
CSE,I Year,I/I/CSE Q,(Not specified),FACULTY OF ENGINEERING AND TECHNOLOGY,MON,1,8:30-9:20,21MAB101T/CLA,
CSE,I Year,I/I/CSE Q,(Not specified),FACULTY OF ENGINEERING AND TECHNOLOGY,MON,2,9:20-10:10,21BTB102T/CB,
CSE,I Year,I/I/CSE Q,(Not specified),FACULTY OF ENGINEERING AND TECHNOLOGY,MON,3,10:20-11:10,,
CSE,I Year,I/I/CSE Q,(Not specified),FACULTY OF ENGINEERING AND TECHNOLOGY,MON,4,11:10-12:00,21MES102J / EG,
CSE,I Year,I/I/CSE Q,(Not specified),FACULTY OF ENGINEERING AND TECHNOLOGY,MON,5,12:40-1:30,21MES102J / EG,
CSE,I Year,I/I/CSE Q,(Not specified),FACULTY OF ENGINEERING AND TECHNOLOGY,MON,6,1:30-2:20,,
CSE,I Year,I/I/CSE Q,(Not specified),FACULTY OF ENGINEERING AND TECHNOLOGY,MON,7,2:20-3:05,,
CSE,I Year,I/I/CSE Q,(Not specified),FACULTY OF ENGINEERING AND TECHNOLOGY,MON,8,3:05-3:50,,
CSE,I Year,I/I/CSE Q,(Not specified),FACULTY OF ENGINEERING AND TECHNOLOGY,TUE,1,8:30-9:20,21CSS101J/PPS,
CSE,I Year,I/I/CSE Q,(Not specified),FACULTY OF ENGINEERING AND TECHNOLOGY,TUE,2,9:20-10:10,"21LEH103T/ FRENCH 
21LEH104T/ GERMAN
 21LEH105T/ JAPANESE",
CSE,I Year,I/I/CSE Q,(Not specified),FACULTY OF ENGINEERING AND TECHNOLOGY,TUE,3,10:20-11:10,21GNH101J / POE,
CSE,I Year,I/I/CSE Q,(Not specified),FACULTY OF ENGINEERING AND TECHNOLOGY,TUE,4,11:10-12:00,,
CSE,I Year,I/I/CSE Q,(Not specified),FACULTY OF ENGINEERING AND TECHNOLOGY,TUE,5,12:40-1:30,21MAB101T/CLA,
CSE,I Year,I/I/CSE Q,(Not specified),FACULTY OF ENGINEERING AND TECHNOLOGY,TUE,6,1:30-2:20,21CYB101J/CHEM,
CSE,I Year,I/I/CSE Q,(Not specified),FACULTY OF ENGINEERING AND TECHNOLOGY,TUE,7,2:20-3:05,21CSS101J/PPS,
CSE,I Year,I/I/CSE Q,(Not specified),FACULTY OF ENGINEERING AND TECHNOLOGY,TUE,8,3:05-3:50,,
CSE,I Year,I/I/CSE Q,(Not specified),FACULTY OF ENGINEERING AND TECHNOLOGY,WED,1,8:30-9:20,"21LEH103T/ FRENCH 
21LEH104T/ GERMAN
 21LEH105T/ JAPANESE",
CSE,I Year,I/I/CSE Q,(Not specified),FACULTY OF ENGINEERING AND TECHNOLOGY,WED,2,9:20-10:10,21MAB101T/CLA,
CSE,I Year,I/I/CSE Q,(Not specified),FACULTY OF ENGINEERING AND TECHNOLOGY,WED,3,10:20-11:10,21CYB101J/CHEM,
CSE,I Year,I/I/CSE Q,(Not specified),FACULTY OF ENGINEERING AND TECHNOLOGY,WED,4,11:10-12:00,21CYM101T/ EVS,
CSE,I Year,I/I/CSE Q,(Not specified),FACULTY OF ENGINEERING AND TECHNOLOGY,WED,5,12:40-1:30,,
CSE,I Year,I/I/CSE Q,(Not specified),FACULTY OF ENGINEERING AND TECHNOLOGY,WED,6,1:30-2:20,,
CSE,I Year,I/I/CSE Q,(Not specified),FACULTY OF ENGINEERING AND TECHNOLOGY,WED,7,2:20-3:05,,
CSE,I Year,I/I/CSE Q,(Not specified),FACULTY OF ENGINEERING AND TECHNOLOGY,WED,8,3:05-3:50,,
CSE,I Year,I/I/CSE Q,(Not specified),FACULTY OF ENGINEERING AND TECHNOLOGY,THU,1,8:30-9:20,21GNH101J / POE,
CSE,I Year,I/I/CSE Q,(Not specified),FACULTY OF ENGINEERING AND TECHNOLOGY,THU,2,9:20-10:10,21CSS101J/PPS,
CSE,I Year,I/I/CSE Q,(Not specified),FACULTY OF ENGINEERING AND TECHNOLOGY,THU,3,10:20-11:10,21CYB101J/CHEM,
CSE,I Year,I/I/CSE Q,(Not specified),FACULTY OF ENGINEERING AND TECHNOLOGY,THU,4,11:10-12:00,21MAB101T/CLA,
CSE,I Year,I/I/CSE Q,(Not specified),FACULTY OF ENGINEERING AND TECHNOLOGY,THU,5,12:40-1:30,,
CSE,I Year,I/I/CSE Q,(Not specified),FACULTY OF ENGINEERING AND TECHNOLOGY,THU,6,1:30-2:20,,
CSE,I Year,I/I/CSE Q,(Not specified),FACULTY OF ENGINEERING AND TECHNOLOGY,THU,7,2:20-3:05,,
CSE,I Year,I/I/CSE Q,(Not specified),FACULTY OF ENGINEERING AND TECHNOLOGY,THU,8,3:05-3:50,,
CSE,I Year,I/I/CSE Q,(Not specified),FACULTY OF ENGINEERING AND TECHNOLOGY,FRI,1,8:30-9:20,21CYB101J/CHEM,
CSE,I Year,I/I/CSE Q,(Not specified),FACULTY OF ENGINEERING AND TECHNOLOGY,FRI,2,9:20-10:10,"21LEH103T/ FRENCH 
21LEH104T/ GERMAN
 21LEH105T/ JAPANESE",
CSE,I Year,I/I/CSE Q,(Not specified),FACULTY OF ENGINEERING AND TECHNOLOGY,FRI,3,10:20-11:10,21PDM101L/PSP,
CSE,I Year,I/I/CSE Q,(Not specified),FACULTY OF ENGINEERING AND TECHNOLOGY,FRI,4,11:10-12:00,,
CSE,I Year,I/I/CSE Q,(Not specified),FACULTY OF ENGINEERING AND TECHNOLOGY,FRI,5,12:40-1:30,21BTB102T/CB,
CSE,I Year,I/I/CSE Q,(Not specified),FACULTY OF ENGINEERING AND TECHNOLOGY,FRI,6,1:30-2:20,21CSS101J/PPS,
CSE,I Year,I/I/CSE Q,(Not specified),FACULTY OF ENGINEERING AND TECHNOLOGY,FRI,7,2:20-3:05,21CYB101J/CHEM,
CSE,I Year,I/I/CSE Q,(Not specified),FACULTY OF ENGINEERING AND TECHNOLOGY,FRI,8,3:05-3:50,,
CSE,I Year,I/I/CSE R,(Not specified),FACULTY OF ENGINEERING AND TECHNOLOGY,MON,1,8:30-9:20,21GNH101J / POE,
CSE,I Year,I/I/CSE R,(Not specified),FACULTY OF ENGINEERING AND TECHNOLOGY,MON,2,9:20-10:10,,
CSE,I Year,I/I/CSE R,(Not specified),FACULTY OF ENGINEERING AND TECHNOLOGY,MON,3,10:20-11:10,,
CSE,I Year,I/I/CSE R,(Not specified),FACULTY OF ENGINEERING AND TECHNOLOGY,MON,4,11:10-12:00,,
CSE,I Year,I/I/CSE R,(Not specified),FACULTY OF ENGINEERING AND TECHNOLOGY,MON,5,12:40-1:30,,
CSE,I Year,I/I/CSE R,(Not specified),FACULTY OF ENGINEERING AND TECHNOLOGY,MON,6,1:30-2:20,,
CSE,I Year,I/I/CSE R,(Not specified),FACULTY OF ENGINEERING AND TECHNOLOGY,MON,7,2:20-3:05,,
CSE,I Year,I/I/CSE R,(Not specified),FACULTY OF ENGINEERING AND TECHNOLOGY,MON,8,3:05-3:50,,
CSE,I Year,I/I/CSE R,(Not specified),FACULTY OF ENGINEERING AND TECHNOLOGY,TUE,1,8:30-9:20,21CSS101J/PPS,
CSE,I Year,I/I/CSE R,(Not specified),FACULTY OF ENGINEERING AND TECHNOLOGY,TUE,2,9:20-10:10,"21LEH103T/ FRENCH 
21LEH104T/ GERMAN
 21LEH105T/ JAPANESE",
CSE,I Year,I/I/CSE R,(Not specified),FACULTY OF ENGINEERING AND TECHNOLOGY,TUE,3,10:20-11:10,21PDM101L/PSP,
CSE,I Year,I/I/CSE R,(Not specified),FACULTY OF ENGINEERING AND TECHNOLOGY,TUE,4,11:10-12:00,21MAB101T/CLA,
CSE,I Year,I/I/CSE R,(Not specified),FACULTY OF ENGINEERING AND TECHNOLOGY,TUE,5,12:40-1:30,21MAB101T/CLA,
CSE,I Year,I/I/CSE R,(Not specified),FACULTY OF ENGINEERING AND TECHNOLOGY,TUE,6,1:30-2:20,,
CSE,I Year,I/I/CSE R,(Not specified),FACULTY OF ENGINEERING AND TECHNOLOGY,TUE,7,2:20-3:05,,
CSE,I Year,I/I/CSE R,(Not specified),FACULTY OF ENGINEERING AND TECHNOLOGY,TUE,8,3:05-3:50,,
CSE,I Year,I/I/CSE R,(Not specified),FACULTY OF ENGINEERING AND TECHNOLOGY,WED,1,8:30-9:20,"21LEH103T/ FRENCH 
21LEH104T/ GERMAN
 21LEH105T/ JAPANESE",
CSE,I Year,I/I/CSE R,(Not specified),FACULTY OF ENGINEERING AND TECHNOLOGY,WED,2,9:20-10:10,21CYB101J/CHEM,
CSE,I Year,I/I/CSE R,(Not specified),FACULTY OF ENGINEERING AND TECHNOLOGY,WED,3,10:20-11:10,21MAB101T/CLA,
CSE,I Year,I/I/CSE R,(Not specified),FACULTY OF ENGINEERING AND TECHNOLOGY,WED,4,11:10-12:00,21MES102J / EG,
CSE,I Year,I/I/CSE R,(Not specified),FACULTY OF ENGINEERING AND TECHNOLOGY,WED,5,12:40-1:30,,
CSE,I Year,I/I/CSE R,(Not specified),FACULTY OF ENGINEERING AND TECHNOLOGY,WED,6,1:30-2:20,,
CSE,I Year,I/I/CSE R,(Not specified),FACULTY OF ENGINEERING AND TECHNOLOGY,WED,7,2:20-3:05,,
CSE,I Year,I/I/CSE R,(Not specified),FACULTY OF ENGINEERING AND TECHNOLOGY,WED,8,3:05-3:50,,
CSE,I Year,I/I/CSE R,(Not specified),FACULTY OF ENGINEERING AND TECHNOLOGY,THU,1,8:30-9:20,21MAB101T/CLA,
CSE,I Year,I/I/CSE R,(Not specified),FACULTY OF ENGINEERING AND TECHNOLOGY,THU,2,9:20-10:10,21CSS101J/PPS,
CSE,I Year,I/I/CSE R,(Not specified),FACULTY OF ENGINEERING AND TECHNOLOGY,THU,3,10:20-11:10,21BTB102T/CB,
CSE,I Year,I/I/CSE R,(Not specified),FACULTY OF ENGINEERING AND TECHNOLOGY,THU,4,11:10-12:00,21CYB101J/CHEM,
CSE,I Year,I/I/CSE R,(Not specified),FACULTY OF ENGINEERING AND TECHNOLOGY,THU,5,12:40-1:30,,
CSE,I Year,I/I/CSE R,(Not specified),FACULTY OF ENGINEERING AND TECHNOLOGY,THU,6,1:30-2:20,,
CSE,I Year,I/I/CSE R,(Not specified),FACULTY OF ENGINEERING AND TECHNOLOGY,THU,7,2:20-3:05,,
CSE,I Year,I/I/CSE R,(Not specified),FACULTY OF ENGINEERING AND TECHNOLOGY,THU,8,3:05-3:50,,
CSE,I Year,I/I/CSE R,(Not specified),FACULTY OF ENGINEERING AND TECHNOLOGY,FRI,1,8:30-9:20,21GNH101J / POE,
CSE,I Year,I/I/CSE R,(Not specified),FACULTY OF ENGINEERING AND TECHNOLOGY,FRI,2,9:20-10:10,"21LEH103T/ FRENCH 
21LEH104T/ GERMAN
 21LEH105T/ JAPANESE",
CSE,I Year,I/I/CSE R,(Not specified),FACULTY OF ENGINEERING AND TECHNOLOGY,FRI,3,10:20-11:10,21BTB102T/CB,
CSE,I Year,I/I/CSE R,(Not specified),FACULTY OF ENGINEERING AND TECHNOLOGY,FRI,4,11:10-12:00,21CSS101J/PPS,
CSE,I Year,I/I/CSE R,(Not specified),FACULTY OF ENGINEERING AND TECHNOLOGY,FRI,5,12:40-1:30,21CSS101J/PPS,
CSE,I Year,I/I/CSE R,(Not specified),FACULTY OF ENGINEERING AND TECHNOLOGY,FRI,6,1:30-2:20,,
CSE,I Year,I/I/CSE R,(Not specified),FACULTY OF ENGINEERING AND TECHNOLOGY,FRI,7,2:20-3:05,,
CSE,I Year,I/I/CSE R,(Not specified),FACULTY OF ENGINEERING AND TECHNOLOGY,FRI,8,3:05-3:50,,
CSE,II Year,II/IV/CSE A,BMS 401,FACULTY OF ENGINEERING AND TECHNOLOGY,MON,1,8:30-9:20,21CSC205P/DBMS,
CSE,II Year,II/IV/CSE A,BMS 401,FACULTY OF ENGINEERING AND TECHNOLOGY,MON,2,9:20-10:10,,
CSE,II Year,II/IV/CSE A,BMS 401,FACULTY OF ENGINEERING AND TECHNOLOGY,MON,3,10:20-11:10,,
CSE,II Year,II/IV/CSE A,BMS 401,FACULTY OF ENGINEERING AND TECHNOLOGY,MON,4,11:10-12:00,,
CSE,II Year,II/IV/CSE A,BMS 401,FACULTY OF ENGINEERING AND TECHNOLOGY,MON,5,12:40-1:30,,
CSE,II Year,II/IV/CSE A,BMS 401,FACULTY OF ENGINEERING AND TECHNOLOGY,MON,6,1:30-2:20,,
CSE,II Year,II/IV/CSE A,BMS 401,FACULTY OF ENGINEERING AND TECHNOLOGY,MON,7,2:20-3:05,,
CSE,II Year,II/IV/CSE A,BMS 401,FACULTY OF ENGINEERING AND TECHNOLOGY,MON,8,3:05-3:50,,
CSE,II Year,II/IV/CSE A,BMS 401,FACULTY OF ENGINEERING AND TECHNOLOGY,TUE,1,8:30-9:20,21PDH201T/SE,
CSE,II Year,II/IV/CSE A,BMS 401,FACULTY OF ENGINEERING AND TECHNOLOGY,TUE,2,9:20-10:10,21CSC204J/DAA,
CSE,II Year,II/IV/CSE A,BMS 401,FACULTY OF ENGINEERING AND TECHNOLOGY,TUE,3,10:20-11:10,21CSC206T/AI,
CSE,II Year,II/IV/CSE A,BMS 401,FACULTY OF ENGINEERING AND TECHNOLOGY,TUE,4,11:10-12:00,21MAB204T/PQT,
CSE,II Year,II/IV/CSE A,BMS 401,FACULTY OF ENGINEERING AND TECHNOLOGY,TUE,5,12:40-1:30,,
CSE,II Year,II/IV/CSE A,BMS 401,FACULTY OF ENGINEERING AND TECHNOLOGY,TUE,6,1:30-2:20,,
CSE,II Year,II/IV/CSE A,BMS 401,FACULTY OF ENGINEERING AND TECHNOLOGY,TUE,7,2:20-3:05,,
CSE,II Year,II/IV/CSE A,BMS 401,FACULTY OF ENGINEERING AND TECHNOLOGY,TUE,8,3:05-3:50,,
CSE,II Year,II/IV/CSE A,BMS 401,FACULTY OF ENGINEERING AND TECHNOLOGY,WED,1,8:30-9:20,21CSE253T/IoT,
CSE,II Year,II/IV/CSE A,BMS 401,FACULTY OF ENGINEERING AND TECHNOLOGY,WED,2,9:20-10:10,21CSC204J/DAA,
CSE,II Year,II/IV/CSE A,BMS 401,FACULTY OF ENGINEERING AND TECHNOLOGY,WED,3,10:20-11:10,21PDM202L/CCTS,
CSE,II Year,II/IV/CSE A,BMS 401,FACULTY OF ENGINEERING AND TECHNOLOGY,WED,4,11:10-12:00,21MAB204T/PQT,
CSE,II Year,II/IV/CSE A,BMS 401,FACULTY OF ENGINEERING AND TECHNOLOGY,WED,5,12:40-1:30,,
CSE,II Year,II/IV/CSE A,BMS 401,FACULTY OF ENGINEERING AND TECHNOLOGY,WED,6,1:30-2:20,,
CSE,II Year,II/IV/CSE A,BMS 401,FACULTY OF ENGINEERING AND TECHNOLOGY,WED,7,2:20-3:05,,
CSE,II Year,II/IV/CSE A,BMS 401,FACULTY OF ENGINEERING AND TECHNOLOGY,WED,8,3:05-3:50,,
CSE,II Year,II/IV/CSE A,BMS 401,FACULTY OF ENGINEERING AND TECHNOLOGY,THU,1,8:30-9:20,21CSC206T/AI,
CSE,II Year,II/IV/CSE A,BMS 401,FACULTY OF ENGINEERING AND TECHNOLOGY,THU,2,9:20-10:10,21CSC204J/DAA,
CSE,II Year,II/IV/CSE A,BMS 401,FACULTY OF ENGINEERING AND TECHNOLOGY,THU,3,10:20-11:10,21MAB204T/PQT,
CSE,II Year,II/IV/CSE A,BMS 401,FACULTY OF ENGINEERING AND TECHNOLOGY,THU,4,11:10-12:00,21CSC205P/DBMS,
CSE,II Year,II/IV/CSE A,BMS 401,FACULTY OF ENGINEERING AND TECHNOLOGY,THU,5,12:40-1:30,21LEM202T/UHV,
CSE,II Year,II/IV/CSE A,BMS 401,FACULTY OF ENGINEERING AND TECHNOLOGY,THU,6,1:30-2:20,21CSE253T/IoT,
CSE,II Year,II/IV/CSE A,BMS 401,FACULTY OF ENGINEERING AND TECHNOLOGY,THU,7,2:20-3:05,,
CSE,II Year,II/IV/CSE A,BMS 401,FACULTY OF ENGINEERING AND TECHNOLOGY,THU,8,3:05-3:50,,
CSE,II Year,II/IV/CSE A,BMS 401,FACULTY OF ENGINEERING AND TECHNOLOGY,FRI,1,8:30-9:20,21LEM202T/UHV,
CSE,II Year,II/IV/CSE A,BMS 401,FACULTY OF ENGINEERING AND TECHNOLOGY,FRI,2,9:20-10:10,21CSE253T/IoT,
CSE,II Year,II/IV/CSE A,BMS 401,FACULTY OF ENGINEERING AND TECHNOLOGY,FRI,3,10:20-11:10,21CSC206T/AI,
CSE,II Year,II/IV/CSE A,BMS 401,FACULTY OF ENGINEERING AND TECHNOLOGY,FRI,4,11:10-12:00,21MAB204T/PQT,
CSE,II Year,II/IV/CSE A,BMS 401,FACULTY OF ENGINEERING AND TECHNOLOGY,FRI,5,12:40-1:30,21CSC205P/DBMS,
CSE,II Year,II/IV/CSE A,BMS 401,FACULTY OF ENGINEERING AND TECHNOLOGY,FRI,6,1:30-2:20,,
CSE,II Year,II/IV/CSE A,BMS 401,FACULTY OF ENGINEERING AND TECHNOLOGY,FRI,7,2:20-3:05,,
CSE,II Year,II/IV/CSE A,BMS 401,FACULTY OF ENGINEERING AND TECHNOLOGY,FRI,8,3:05-3:50,,
CSE,II Year,II/IV/CSE B,BMS 402,FACULTY OF ENGINEERING AND TECHNOLOGY,MON,1,8:30-9:20,21CSC205P/DBMS,
CSE,II Year,II/IV/CSE B,BMS 402,FACULTY OF ENGINEERING AND TECHNOLOGY,MON,2,9:20-10:10,21MAB204T/PQT,
CSE,II Year,II/IV/CSE B,BMS 402,FACULTY OF ENGINEERING AND TECHNOLOGY,MON,3,10:20-11:10,21PDH201T/SE,
CSE,II Year,II/IV/CSE B,BMS 402,FACULTY OF ENGINEERING AND TECHNOLOGY,MON,4,11:10-12:00,,
CSE,II Year,II/IV/CSE B,BMS 402,FACULTY OF ENGINEERING AND TECHNOLOGY,MON,5,12:40-1:30,21CSE253T/IoT,
CSE,II Year,II/IV/CSE B,BMS 402,FACULTY OF ENGINEERING AND TECHNOLOGY,MON,6,1:30-2:20,21CSC206T/AI,
CSE,II Year,II/IV/CSE B,BMS 402,FACULTY OF ENGINEERING AND TECHNOLOGY,MON,7,2:20-3:05,21LEM202T/UHV,
CSE,II Year,II/IV/CSE B,BMS 402,FACULTY OF ENGINEERING AND TECHNOLOGY,MON,8,3:05-3:50,,
CSE,II Year,II/IV/CSE B,BMS 402,FACULTY OF ENGINEERING AND TECHNOLOGY,TUE,1,8:30-9:20,,
CSE,II Year,II/IV/CSE B,BMS 402,FACULTY OF ENGINEERING AND TECHNOLOGY,TUE,2,9:20-10:10,,
CSE,II Year,II/IV/CSE B,BMS 402,FACULTY OF ENGINEERING AND TECHNOLOGY,TUE,3,10:20-11:10,,
CSE,II Year,II/IV/CSE B,BMS 402,FACULTY OF ENGINEERING AND TECHNOLOGY,TUE,4,11:10-12:00,,
CSE,II Year,II/IV/CSE B,BMS 402,FACULTY OF ENGINEERING AND TECHNOLOGY,TUE,5,12:40-1:30,21CSC205P/DBMS,
CSE,II Year,II/IV/CSE B,BMS 402,FACULTY OF ENGINEERING AND TECHNOLOGY,TUE,6,1:30-2:20,,
CSE,II Year,II/IV/CSE B,BMS 402,FACULTY OF ENGINEERING AND TECHNOLOGY,TUE,7,2:20-3:05,21CSC204J/DAA,
CSE,II Year,II/IV/CSE B,BMS 402,FACULTY OF ENGINEERING AND TECHNOLOGY,TUE,8,3:05-3:50,,
CSE,II Year,II/IV/CSE B,BMS 402,FACULTY OF ENGINEERING AND TECHNOLOGY,WED,1,8:30-9:20,21PDM202L/CCTS,
CSE,II Year,II/IV/CSE B,BMS 402,FACULTY OF ENGINEERING AND TECHNOLOGY,WED,2,9:20-10:10,,
CSE,II Year,II/IV/CSE B,BMS 402,FACULTY OF ENGINEERING AND TECHNOLOGY,WED,3,10:20-11:10,21CSC204J/DAA,
CSE,II Year,II/IV/CSE B,BMS 402,FACULTY OF ENGINEERING AND TECHNOLOGY,WED,4,11:10-12:00,21MAB204T/PQT,
CSE,II Year,II/IV/CSE B,BMS 402,FACULTY OF ENGINEERING AND TECHNOLOGY,WED,5,12:40-1:30,,
CSE,II Year,II/IV/CSE B,BMS 402,FACULTY OF ENGINEERING AND TECHNOLOGY,WED,6,1:30-2:20,,
CSE,II Year,II/IV/CSE B,BMS 402,FACULTY OF ENGINEERING AND TECHNOLOGY,WED,7,2:20-3:05,,
CSE,II Year,II/IV/CSE B,BMS 402,FACULTY OF ENGINEERING AND TECHNOLOGY,WED,8,3:05-3:50,,
CSE,II Year,II/IV/CSE B,BMS 402,FACULTY OF ENGINEERING AND TECHNOLOGY,THU,1,8:30-9:20,21CSE253T/IoT,
CSE,II Year,II/IV/CSE B,BMS 402,FACULTY OF ENGINEERING AND TECHNOLOGY,THU,2,9:20-10:10,21CSC206T/AI,
CSE,II Year,II/IV/CSE B,BMS 402,FACULTY OF ENGINEERING AND TECHNOLOGY,THU,3,10:20-11:10,21MAB204T/PQT,
CSE,II Year,II/IV/CSE B,BMS 402,FACULTY OF ENGINEERING AND TECHNOLOGY,THU,4,11:10-12:00,21CSC204J/DAA,
CSE,II Year,II/IV/CSE B,BMS 402,FACULTY OF ENGINEERING AND TECHNOLOGY,THU,5,12:40-1:30,21LEM202T/UHV,
CSE,II Year,II/IV/CSE B,BMS 402,FACULTY OF ENGINEERING AND TECHNOLOGY,THU,6,1:30-2:20,,
CSE,II Year,II/IV/CSE B,BMS 402,FACULTY OF ENGINEERING AND TECHNOLOGY,THU,7,2:20-3:05,,
CSE,II Year,II/IV/CSE B,BMS 402,FACULTY OF ENGINEERING AND TECHNOLOGY,THU,8,3:05-3:50,,
CSE,II Year,II/IV/CSE B,BMS 402,FACULTY OF ENGINEERING AND TECHNOLOGY,FRI,1,8:30-9:20,21CSC206T/AI,
CSE,II Year,II/IV/CSE B,BMS 402,FACULTY OF ENGINEERING AND TECHNOLOGY,FRI,2,9:20-10:10,21CSC204J/DAA,
CSE,II Year,II/IV/CSE B,BMS 402,FACULTY OF ENGINEERING AND TECHNOLOGY,FRI,3,10:20-11:10,21CSE253T/IoT,
CSE,II Year,II/IV/CSE B,BMS 402,FACULTY OF ENGINEERING AND TECHNOLOGY,FRI,4,11:10-12:00,21LEM202T/UHV,
CSE,II Year,II/IV/CSE B,BMS 402,FACULTY OF ENGINEERING AND TECHNOLOGY,FRI,5,12:40-1:30,21CSC205P/DBMS,
CSE,II Year,II/IV/CSE B,BMS 402,FACULTY OF ENGINEERING AND TECHNOLOGY,FRI,6,1:30-2:20,21MAB204T/PQT,
CSE,II Year,II/IV/CSE B,BMS 402,FACULTY OF ENGINEERING AND TECHNOLOGY,FRI,7,2:20-3:05,,
CSE,II Year,II/IV/CSE B,BMS 402,FACULTY OF ENGINEERING AND TECHNOLOGY,FRI,8,3:05-3:50,,
CSE,II Year,II/IV/CSE C,BMS 403,FACULTY OF ENGINEERING AND TECHNOLOGY,MON,1,8:30-9:20,21PDH201T/SE,
CSE,II Year,II/IV/CSE C,BMS 403,FACULTY OF ENGINEERING AND TECHNOLOGY,MON,2,9:20-10:10,,
CSE,II Year,II/IV/CSE C,BMS 403,FACULTY OF ENGINEERING AND TECHNOLOGY,MON,3,10:20-11:10,21LEM202T/UHV,
CSE,II Year,II/IV/CSE C,BMS 403,FACULTY OF ENGINEERING AND TECHNOLOGY,MON,4,11:10-12:00,21CSC206T/AI,
CSE,II Year,II/IV/CSE C,BMS 403,FACULTY OF ENGINEERING AND TECHNOLOGY,MON,5,12:40-1:30,21CSC205P/DBMS,
CSE,II Year,II/IV/CSE C,BMS 403,FACULTY OF ENGINEERING AND TECHNOLOGY,MON,6,1:30-2:20,21MAB204T/PQT,
CSE,II Year,II/IV/CSE C,BMS 403,FACULTY OF ENGINEERING AND TECHNOLOGY,MON,7,2:20-3:05,,
CSE,II Year,II/IV/CSE C,BMS 403,FACULTY OF ENGINEERING AND TECHNOLOGY,MON,8,3:05-3:50,,
CSE,II Year,II/IV/CSE C,BMS 403,FACULTY OF ENGINEERING AND TECHNOLOGY,TUE,1,8:30-9:20,21CSC205P/DBMS,
CSE,II Year,II/IV/CSE C,BMS 403,FACULTY OF ENGINEERING AND TECHNOLOGY,TUE,2,9:20-10:10,21MAB204T/PQT,
CSE,II Year,II/IV/CSE C,BMS 403,FACULTY OF ENGINEERING AND TECHNOLOGY,TUE,3,10:20-11:10,21PDM202L/CCTS,
CSE,II Year,II/IV/CSE C,BMS 403,FACULTY OF ENGINEERING AND TECHNOLOGY,TUE,4,11:10-12:00,,
CSE,II Year,II/IV/CSE C,BMS 403,FACULTY OF ENGINEERING AND TECHNOLOGY,TUE,5,12:40-1:30,21CSE253T/IoT,
CSE,II Year,II/IV/CSE C,BMS 403,FACULTY OF ENGINEERING AND TECHNOLOGY,TUE,6,1:30-2:20,21CSC204J/DAA,
CSE,II Year,II/IV/CSE C,BMS 403,FACULTY OF ENGINEERING AND TECHNOLOGY,TUE,7,2:20-3:05,21CSC206T/AI,
CSE,II Year,II/IV/CSE C,BMS 403,FACULTY OF ENGINEERING AND TECHNOLOGY,TUE,8,3:05-3:50,,
CSE,II Year,II/IV/CSE C,BMS 403,FACULTY OF ENGINEERING AND TECHNOLOGY,WED,1,8:30-9:20,21CSC205P/DBMS,
CSE,II Year,II/IV/CSE C,BMS 403,FACULTY OF ENGINEERING AND TECHNOLOGY,WED,2,9:20-10:10,,
CSE,II Year,II/IV/CSE C,BMS 403,FACULTY OF ENGINEERING AND TECHNOLOGY,WED,3,10:20-11:10,21CSC204J/DAA,
CSE,II Year,II/IV/CSE C,BMS 403,FACULTY OF ENGINEERING AND TECHNOLOGY,WED,4,11:10-12:00,,
CSE,II Year,II/IV/CSE C,BMS 403,FACULTY OF ENGINEERING AND TECHNOLOGY,WED,5,12:40-1:30,,
CSE,II Year,II/IV/CSE C,BMS 403,FACULTY OF ENGINEERING AND TECHNOLOGY,WED,6,1:30-2:20,,
CSE,II Year,II/IV/CSE C,BMS 403,FACULTY OF ENGINEERING AND TECHNOLOGY,WED,7,2:20-3:05,,
CSE,II Year,II/IV/CSE C,BMS 403,FACULTY OF ENGINEERING AND TECHNOLOGY,WED,8,3:05-3:50,,
CSE,II Year,II/IV/CSE C,BMS 403,FACULTY OF ENGINEERING AND TECHNOLOGY,THU,1,8:30-9:20,21CSC204J/DAA,
CSE,II Year,II/IV/CSE C,BMS 403,FACULTY OF ENGINEERING AND TECHNOLOGY,THU,2,9:20-10:10,21CSC206T/AI,
CSE,II Year,II/IV/CSE C,BMS 403,FACULTY OF ENGINEERING AND TECHNOLOGY,THU,3,10:20-11:10,21MAB204T/PQT,
CSE,II Year,II/IV/CSE C,BMS 403,FACULTY OF ENGINEERING AND TECHNOLOGY,THU,4,11:10-12:00,21CSE253T/IoT,
CSE,II Year,II/IV/CSE C,BMS 403,FACULTY OF ENGINEERING AND TECHNOLOGY,THU,5,12:40-1:30,21LEM202T/UHV,
CSE,II Year,II/IV/CSE C,BMS 403,FACULTY OF ENGINEERING AND TECHNOLOGY,THU,6,1:30-2:20,,
CSE,II Year,II/IV/CSE C,BMS 403,FACULTY OF ENGINEERING AND TECHNOLOGY,THU,7,2:20-3:05,,
CSE,II Year,II/IV/CSE C,BMS 403,FACULTY OF ENGINEERING AND TECHNOLOGY,THU,8,3:05-3:50,,
CSE,II Year,II/IV/CSE C,BMS 403,FACULTY OF ENGINEERING AND TECHNOLOGY,FRI,1,8:30-9:20,21MAB204T/PQT,
CSE,II Year,II/IV/CSE C,BMS 403,FACULTY OF ENGINEERING AND TECHNOLOGY,FRI,2,9:20-10:10,21CSE253T/IoT,
CSE,II Year,II/IV/CSE C,BMS 403,FACULTY OF ENGINEERING AND TECHNOLOGY,FRI,3,10:20-11:10,21CSC204J/DAA,
CSE,II Year,II/IV/CSE C,BMS 403,FACULTY OF ENGINEERING AND TECHNOLOGY,FRI,4,11:10-12:00,21LEM202T/UHV,
CSE,II Year,II/IV/CSE C,BMS 403,FACULTY OF ENGINEERING AND TECHNOLOGY,FRI,5,12:40-1:30,,
CSE,II Year,II/IV/CSE C,BMS 403,FACULTY OF ENGINEERING AND TECHNOLOGY,FRI,6,1:30-2:20,,
CSE,II Year,II/IV/CSE C,BMS 403,FACULTY OF ENGINEERING AND TECHNOLOGY,FRI,7,2:20-3:05,,
CSE,II Year,II/IV/CSE C,BMS 403,FACULTY OF ENGINEERING AND TECHNOLOGY,FRI,8,3:05-3:50,,
CSE,II Year,II/IV/CSE D,BMS 501,FACULTY OF ENGINEERING AND TECHNOLOGY,MON,1,8:30-9:20,21CSC206T/AI,
CSE,II Year,II/IV/CSE D,BMS 501,FACULTY OF ENGINEERING AND TECHNOLOGY,MON,2,9:20-10:10,21CSC204J/DAA,
CSE,II Year,II/IV/CSE D,BMS 501,FACULTY OF ENGINEERING AND TECHNOLOGY,MON,3,10:20-11:10,21MAB204T/PQT,
CSE,II Year,II/IV/CSE D,BMS 501,FACULTY OF ENGINEERING AND TECHNOLOGY,MON,4,11:10-12:00,21CSE253T/IoT,
CSE,II Year,II/IV/CSE D,BMS 501,FACULTY OF ENGINEERING AND TECHNOLOGY,MON,5,12:40-1:30,21PDH201T/SE,
CSE,II Year,II/IV/CSE D,BMS 501,FACULTY OF ENGINEERING AND TECHNOLOGY,MON,6,1:30-2:20,,
CSE,II Year,II/IV/CSE D,BMS 501,FACULTY OF ENGINEERING AND TECHNOLOGY,MON,7,2:20-3:05,21LEM202T/UHV,
CSE,II Year,II/IV/CSE D,BMS 501,FACULTY OF ENGINEERING AND TECHNOLOGY,MON,8,3:05-3:50,,
CSE,II Year,II/IV/CSE D,BMS 501,FACULTY OF ENGINEERING AND TECHNOLOGY,TUE,1,8:30-9:20,21PDM202L/CCTS,
CSE,II Year,II/IV/CSE D,BMS 501,FACULTY OF ENGINEERING AND TECHNOLOGY,TUE,2,9:20-10:10,,
CSE,II Year,II/IV/CSE D,BMS 501,FACULTY OF ENGINEERING AND TECHNOLOGY,TUE,3,10:20-11:10,,
CSE,II Year,II/IV/CSE D,BMS 501,FACULTY OF ENGINEERING AND TECHNOLOGY,TUE,4,11:10-12:00,21MAB204T/PQT,
CSE,II Year,II/IV/CSE D,BMS 501,FACULTY OF ENGINEERING AND TECHNOLOGY,TUE,5,12:40-1:30,21CSC206T/AI,
CSE,II Year,II/IV/CSE D,BMS 501,FACULTY OF ENGINEERING AND TECHNOLOGY,TUE,6,1:30-2:20,21CSE253T/IoT,
CSE,II Year,II/IV/CSE D,BMS 501,FACULTY OF ENGINEERING AND TECHNOLOGY,TUE,7,2:20-3:05,,
CSE,II Year,II/IV/CSE D,BMS 501,FACULTY OF ENGINEERING AND TECHNOLOGY,TUE,8,3:05-3:50,,
CSE,II Year,II/IV/CSE D,BMS 501,FACULTY OF ENGINEERING AND TECHNOLOGY,WED,1,8:30-9:20,21CSC204J/DAA,
CSE,II Year,II/IV/CSE D,BMS 501,FACULTY OF ENGINEERING AND TECHNOLOGY,WED,2,9:20-10:10,21MAB204T/PQT,
CSE,II Year,II/IV/CSE D,BMS 501,FACULTY OF ENGINEERING AND TECHNOLOGY,WED,3,10:20-11:10,21CSC205P/DBMS,
CSE,II Year,II/IV/CSE D,BMS 501,FACULTY OF ENGINEERING AND TECHNOLOGY,WED,4,11:10-12:00,21LEM202T/UHV,
CSE,II Year,II/IV/CSE D,BMS 501,FACULTY OF ENGINEERING AND TECHNOLOGY,WED,5,12:40-1:30,,
CSE,II Year,II/IV/CSE D,BMS 501,FACULTY OF ENGINEERING AND TECHNOLOGY,WED,6,1:30-2:20,,
CSE,II Year,II/IV/CSE D,BMS 501,FACULTY OF ENGINEERING AND TECHNOLOGY,WED,7,2:20-3:05,,
CSE,II Year,II/IV/CSE D,BMS 501,FACULTY OF ENGINEERING AND TECHNOLOGY,WED,8,3:05-3:50,,
CSE,II Year,II/IV/CSE D,BMS 501,FACULTY OF ENGINEERING AND TECHNOLOGY,THU,1,8:30-9:20,,
CSE,II Year,II/IV/CSE D,BMS 501,FACULTY OF ENGINEERING AND TECHNOLOGY,THU,2,9:20-10:10,,
CSE,II Year,II/IV/CSE D,BMS 501,FACULTY OF ENGINEERING AND TECHNOLOGY,THU,3,10:20-11:10,,
CSE,II Year,II/IV/CSE D,BMS 501,FACULTY OF ENGINEERING AND TECHNOLOGY,THU,4,11:10-12:00,,
CSE,II Year,II/IV/CSE D,BMS 501,FACULTY OF ENGINEERING AND TECHNOLOGY,THU,5,12:40-1:30,21CSC205P/DBMS,
CSE,II Year,II/IV/CSE D,BMS 501,FACULTY OF ENGINEERING AND TECHNOLOGY,THU,6,1:30-2:20,,
CSE,II Year,II/IV/CSE D,BMS 501,FACULTY OF ENGINEERING AND TECHNOLOGY,THU,7,2:20-3:05,21CSC204J/DAA,
CSE,II Year,II/IV/CSE D,BMS 501,FACULTY OF ENGINEERING AND TECHNOLOGY,THU,8,3:05-3:50,,
CSE,II Year,II/IV/CSE D,BMS 501,FACULTY OF ENGINEERING AND TECHNOLOGY,FRI,1,8:30-9:20,21CSE253T/IoT,
CSE,II Year,II/IV/CSE D,BMS 501,FACULTY OF ENGINEERING AND TECHNOLOGY,FRI,2,9:20-10:10,21LEM202T/UHV,
CSE,II Year,II/IV/CSE D,BMS 501,FACULTY OF ENGINEERING AND TECHNOLOGY,FRI,3,10:20-11:10,21CSC206T/AI,
CSE,II Year,II/IV/CSE D,BMS 501,FACULTY OF ENGINEERING AND TECHNOLOGY,FRI,4,11:10-12:00,21CSC205P/DBMS,
CSE,II Year,II/IV/CSE D,BMS 501,FACULTY OF ENGINEERING AND TECHNOLOGY,FRI,5,12:40-1:30,21CSC204J/DAA,
CSE,II Year,II/IV/CSE D,BMS 501,FACULTY OF ENGINEERING AND TECHNOLOGY,FRI,6,1:30-2:20,21MAB204T/PQT,
CSE,II Year,II/IV/CSE D,BMS 501,FACULTY OF ENGINEERING AND TECHNOLOGY,FRI,7,2:20-3:05,,
CSE,II Year,II/IV/CSE D,BMS 501,FACULTY OF ENGINEERING AND TECHNOLOGY,FRI,8,3:05-3:50,,
CSE,II Year,II/IV/CSE E,BMS 502,FACULTY OF ENGINEERING AND TECHNOLOGY,MON,1,8:30-9:20,21CSC204J/DAA,
CSE,II Year,II/IV/CSE E,BMS 502,FACULTY OF ENGINEERING AND TECHNOLOGY,MON,2,9:20-10:10,21CSC205P/DBMS,
CSE,II Year,II/IV/CSE E,BMS 502,FACULTY OF ENGINEERING AND TECHNOLOGY,MON,3,10:20-11:10,21MAB204T/PQT,
CSE,II Year,II/IV/CSE E,BMS 502,FACULTY OF ENGINEERING AND TECHNOLOGY,MON,4,11:10-12:00,21CSC206T/AI,
CSE,II Year,II/IV/CSE E,BMS 502,FACULTY OF ENGINEERING AND TECHNOLOGY,MON,5,12:40-1:30,,
CSE,II Year,II/IV/CSE E,BMS 502,FACULTY OF ENGINEERING AND TECHNOLOGY,MON,6,1:30-2:20,,
CSE,II Year,II/IV/CSE E,BMS 502,FACULTY OF ENGINEERING AND TECHNOLOGY,MON,7,2:20-3:05,,
CSE,II Year,II/IV/CSE E,BMS 502,FACULTY OF ENGINEERING AND TECHNOLOGY,MON,8,3:05-3:50,,
CSE,II Year,II/IV/CSE E,BMS 502,FACULTY OF ENGINEERING AND TECHNOLOGY,TUE,1,8:30-9:20,21CSE251T/DIP,
CSE,II Year,II/IV/CSE E,BMS 502,FACULTY OF ENGINEERING AND TECHNOLOGY,TUE,2,9:20-10:10,21LEM202T/UHV,
CSE,II Year,II/IV/CSE E,BMS 502,FACULTY OF ENGINEERING AND TECHNOLOGY,TUE,3,10:20-11:10,21CSC204J/DAA,
CSE,II Year,II/IV/CSE E,BMS 502,FACULTY OF ENGINEERING AND TECHNOLOGY,TUE,4,11:10-12:00,21MAB204T/PQT,
CSE,II Year,II/IV/CSE E,BMS 502,FACULTY OF ENGINEERING AND TECHNOLOGY,TUE,5,12:40-1:30,21PDM202L/CCTS,
CSE,II Year,II/IV/CSE E,BMS 502,FACULTY OF ENGINEERING AND TECHNOLOGY,TUE,6,1:30-2:20,,
CSE,II Year,II/IV/CSE E,BMS 502,FACULTY OF ENGINEERING AND TECHNOLOGY,TUE,7,2:20-3:05,21PDH201T/SE,
CSE,II Year,II/IV/CSE E,BMS 502,FACULTY OF ENGINEERING AND TECHNOLOGY,TUE,8,3:05-3:50,,
CSE,II Year,II/IV/CSE E,BMS 502,FACULTY OF ENGINEERING AND TECHNOLOGY,WED,1,8:30-9:20,21CSC206T/AI,
CSE,II Year,II/IV/CSE E,BMS 502,FACULTY OF ENGINEERING AND TECHNOLOGY,WED,2,9:20-10:10,21MAB204T/PQT,
CSE,II Year,II/IV/CSE E,BMS 502,FACULTY OF ENGINEERING AND TECHNOLOGY,WED,3,10:20-11:10,,
CSE,II Year,II/IV/CSE E,BMS 502,FACULTY OF ENGINEERING AND TECHNOLOGY,WED,4,11:10-12:00,21CSE251T/DIP,
CSE,II Year,II/IV/CSE E,BMS 502,FACULTY OF ENGINEERING AND TECHNOLOGY,WED,5,12:40-1:30,,
CSE,II Year,II/IV/CSE E,BMS 502,FACULTY OF ENGINEERING AND TECHNOLOGY,WED,6,1:30-2:20,21LEM202T/UHV,
CSE,II Year,II/IV/CSE E,BMS 502,FACULTY OF ENGINEERING AND TECHNOLOGY,WED,7,2:20-3:05,,
CSE,II Year,II/IV/CSE E,BMS 502,FACULTY OF ENGINEERING AND TECHNOLOGY,WED,8,3:05-3:50,,
CSE,II Year,II/IV/CSE E,BMS 502,FACULTY OF ENGINEERING AND TECHNOLOGY,THU,1,8:30-9:20,21MAB204T/PQT,
CSE,II Year,II/IV/CSE E,BMS 502,FACULTY OF ENGINEERING AND TECHNOLOGY,THU,2,9:20-10:10,21CSC205P/DBMS,
CSE,II Year,II/IV/CSE E,BMS 502,FACULTY OF ENGINEERING AND TECHNOLOGY,THU,3,10:20-11:10,21CSE251T/DIP,
CSE,II Year,II/IV/CSE E,BMS 502,FACULTY OF ENGINEERING AND TECHNOLOGY,THU,4,11:10-12:00,21LEM202T/UHV,
CSE,II Year,II/IV/CSE E,BMS 502,FACULTY OF ENGINEERING AND TECHNOLOGY,THU,5,12:40-1:30,21CSC206T/AI,
CSE,II Year,II/IV/CSE E,BMS 502,FACULTY OF ENGINEERING AND TECHNOLOGY,THU,6,1:30-2:20,21CSC204J/DAA,
CSE,II Year,II/IV/CSE E,BMS 502,FACULTY OF ENGINEERING AND TECHNOLOGY,THU,7,2:20-3:05,,
CSE,II Year,II/IV/CSE E,BMS 502,FACULTY OF ENGINEERING AND TECHNOLOGY,THU,8,3:05-3:50,,
CSE,II Year,II/IV/CSE E,BMS 502,FACULTY OF ENGINEERING AND TECHNOLOGY,FRI,1,8:30-9:20,,
CSE,II Year,II/IV/CSE E,BMS 502,FACULTY OF ENGINEERING AND TECHNOLOGY,FRI,2,9:20-10:10,,
CSE,II Year,II/IV/CSE E,BMS 502,FACULTY OF ENGINEERING AND TECHNOLOGY,FRI,3,10:20-11:10,,
CSE,II Year,II/IV/CSE E,BMS 502,FACULTY OF ENGINEERING AND TECHNOLOGY,FRI,4,11:10-12:00,,
CSE,II Year,II/IV/CSE E,BMS 502,FACULTY OF ENGINEERING AND TECHNOLOGY,FRI,5,12:40-1:30,21CSC205P/DBMS,
CSE,II Year,II/IV/CSE E,BMS 502,FACULTY OF ENGINEERING AND TECHNOLOGY,FRI,6,1:30-2:20,,
CSE,II Year,II/IV/CSE E,BMS 502,FACULTY OF ENGINEERING AND TECHNOLOGY,FRI,7,2:20-3:05,21CSC204J/DAA,
CSE,II Year,II/IV/CSE E,BMS 502,FACULTY OF ENGINEERING AND TECHNOLOGY,FRI,8,3:05-3:50,,
CSE,II Year,II/IV/CSE F,BMS 503,FACULTY OF ENGINEERING AND TECHNOLOGY,MON,1,8:30-9:20,21CSC204J/DAA,
CSE,II Year,II/IV/CSE F,BMS 503,FACULTY OF ENGINEERING AND TECHNOLOGY,MON,2,9:20-10:10,,
CSE,II Year,II/IV/CSE F,BMS 503,FACULTY OF ENGINEERING AND TECHNOLOGY,MON,3,10:20-11:10,,
CSE,II Year,II/IV/CSE F,BMS 503,FACULTY OF ENGINEERING AND TECHNOLOGY,MON,4,11:10-12:00,,
CSE,II Year,II/IV/CSE F,BMS 503,FACULTY OF ENGINEERING AND TECHNOLOGY,MON,5,12:40-1:30,,
CSE,II Year,II/IV/CSE F,BMS 503,FACULTY OF ENGINEERING AND TECHNOLOGY,MON,6,1:30-2:20,,
CSE,II Year,II/IV/CSE F,BMS 503,FACULTY OF ENGINEERING AND TECHNOLOGY,MON,7,2:20-3:05,,
CSE,II Year,II/IV/CSE F,BMS 503,FACULTY OF ENGINEERING AND TECHNOLOGY,MON,8,3:05-3:50,,
CSE,II Year,II/IV/CSE F,BMS 503,FACULTY OF ENGINEERING AND TECHNOLOGY,TUE,1,8:30-9:20,21CSE253T/IoT,
CSE,II Year,II/IV/CSE F,BMS 503,FACULTY OF ENGINEERING AND TECHNOLOGY,TUE,2,9:20-10:10,21CSC204J/DAA,
CSE,II Year,II/IV/CSE F,BMS 503,FACULTY OF ENGINEERING AND TECHNOLOGY,TUE,3,10:20-11:10,21PDH201T/SE,
CSE,II Year,II/IV/CSE F,BMS 503,FACULTY OF ENGINEERING AND TECHNOLOGY,TUE,4,11:10-12:00,21MAB204T/PQT,
CSE,II Year,II/IV/CSE F,BMS 503,FACULTY OF ENGINEERING AND TECHNOLOGY,TUE,5,12:40-1:30,21LEM202T/UHV,
CSE,II Year,II/IV/CSE F,BMS 503,FACULTY OF ENGINEERING AND TECHNOLOGY,TUE,6,1:30-2:20,,
CSE,II Year,II/IV/CSE F,BMS 503,FACULTY OF ENGINEERING AND TECHNOLOGY,TUE,7,2:20-3:05,,
CSE,II Year,II/IV/CSE F,BMS 503,FACULTY OF ENGINEERING AND TECHNOLOGY,TUE,8,3:05-3:50,,
CSE,II Year,II/IV/CSE F,BMS 503,FACULTY OF ENGINEERING AND TECHNOLOGY,WED,1,8:30-9:20,21MAB204T/PQT,
CSE,II Year,II/IV/CSE F,BMS 503,FACULTY OF ENGINEERING AND TECHNOLOGY,WED,2,9:20-10:10,21CSC205P/DBMS,
CSE,II Year,II/IV/CSE F,BMS 503,FACULTY OF ENGINEERING AND TECHNOLOGY,WED,3,10:20-11:10,21CSE253T/IoT,
CSE,II Year,II/IV/CSE F,BMS 503,FACULTY OF ENGINEERING AND TECHNOLOGY,WED,4,11:10-12:00,21CSC206T/AI,
CSE,II Year,II/IV/CSE F,BMS 503,FACULTY OF ENGINEERING AND TECHNOLOGY,WED,5,12:40-1:30,21CSC204J/DAA,
CSE,II Year,II/IV/CSE F,BMS 503,FACULTY OF ENGINEERING AND TECHNOLOGY,WED,6,1:30-2:20,,
CSE,II Year,II/IV/CSE F,BMS 503,FACULTY OF ENGINEERING AND TECHNOLOGY,WED,7,2:20-3:05,,
CSE,II Year,II/IV/CSE F,BMS 503,FACULTY OF ENGINEERING AND TECHNOLOGY,WED,8,3:05-3:50,,
CSE,II Year,II/IV/CSE F,BMS 503,FACULTY OF ENGINEERING AND TECHNOLOGY,THU,1,8:30-9:20,21LEM202T/UHV,
CSE,II Year,II/IV/CSE F,BMS 503,FACULTY OF ENGINEERING AND TECHNOLOGY,THU,2,9:20-10:10,21CSC204J/DAA,
CSE,II Year,II/IV/CSE F,BMS 503,FACULTY OF ENGINEERING AND TECHNOLOGY,THU,3,10:20-11:10,21CSC206T/AI,
CSE,II Year,II/IV/CSE F,BMS 503,FACULTY OF ENGINEERING AND TECHNOLOGY,THU,4,11:10-12:00,21MAB204T/PQT,
CSE,II Year,II/IV/CSE F,BMS 503,FACULTY OF ENGINEERING AND TECHNOLOGY,THU,5,12:40-1:30,,
CSE,II Year,II/IV/CSE F,BMS 503,FACULTY OF ENGINEERING AND TECHNOLOGY,THU,6,1:30-2:20,,
CSE,II Year,II/IV/CSE F,BMS 503,FACULTY OF ENGINEERING AND TECHNOLOGY,THU,7,2:20-3:05,,
CSE,II Year,II/IV/CSE F,BMS 503,FACULTY OF ENGINEERING AND TECHNOLOGY,THU,8,3:05-3:50,,
CSE,II Year,II/IV/CSE F,BMS 503,FACULTY OF ENGINEERING AND TECHNOLOGY,FRI,1,8:30-9:20,21CSC206T/AI,
CSE,II Year,II/IV/CSE F,BMS 503,FACULTY OF ENGINEERING AND TECHNOLOGY,FRI,2,9:20-10:10,21MAB204T/PQT,
CSE,II Year,II/IV/CSE F,BMS 503,FACULTY OF ENGINEERING AND TECHNOLOGY,FRI,3,10:20-11:10,21CSE253T/IoT,
CSE,II Year,II/IV/CSE F,BMS 503,FACULTY OF ENGINEERING AND TECHNOLOGY,FRI,4,11:10-12:00,21LEM202T/UHV,
CSE,II Year,II/IV/CSE F,BMS 503,FACULTY OF ENGINEERING AND TECHNOLOGY,FRI,5,12:40-1:30,,
CSE,II Year,II/IV/CSE F,BMS 503,FACULTY OF ENGINEERING AND TECHNOLOGY,FRI,6,1:30-2:20,,
CSE,II Year,II/IV/CSE F,BMS 503,FACULTY OF ENGINEERING AND TECHNOLOGY,FRI,7,2:20-3:05,,
CSE,II Year,II/IV/CSE F,BMS 503,FACULTY OF ENGINEERING AND TECHNOLOGY,FRI,8,3:05-3:50,,
CSE,II Year,II/IV/CSE G,BMS 601,FACULTY OF ENGINEERING AND TECHNOLOGY,MON,1,8:30-9:20,21PDM202L/CCTS,
CSE,II Year,II/IV/CSE G,BMS 601,FACULTY OF ENGINEERING AND TECHNOLOGY,MON,2,9:20-10:10,,
CSE,II Year,II/IV/CSE G,BMS 601,FACULTY OF ENGINEERING AND TECHNOLOGY,MON,3,10:20-11:10,21CSE253T/IoT,
CSE,II Year,II/IV/CSE G,BMS 601,FACULTY OF ENGINEERING AND TECHNOLOGY,MON,4,11:10-12:00,21MAB204T/PQT,
CSE,II Year,II/IV/CSE G,BMS 601,FACULTY OF ENGINEERING AND TECHNOLOGY,MON,5,12:40-1:30,21CSC204J/DAA,
CSE,II Year,II/IV/CSE G,BMS 601,FACULTY OF ENGINEERING AND TECHNOLOGY,MON,6,1:30-2:20,21LEM202T/UHV,
CSE,II Year,II/IV/CSE G,BMS 601,FACULTY OF ENGINEERING AND TECHNOLOGY,MON,7,2:20-3:05,,
CSE,II Year,II/IV/CSE G,BMS 601,FACULTY OF ENGINEERING AND TECHNOLOGY,MON,8,3:05-3:50,,
CSE,II Year,II/IV/CSE G,BMS 601,FACULTY OF ENGINEERING AND TECHNOLOGY,TUE,1,8:30-9:20,,
CSE,II Year,II/IV/CSE G,BMS 601,FACULTY OF ENGINEERING AND TECHNOLOGY,TUE,2,9:20-10:10,,
CSE,II Year,II/IV/CSE G,BMS 601,FACULTY OF ENGINEERING AND TECHNOLOGY,TUE,3,10:20-11:10,,
CSE,II Year,II/IV/CSE G,BMS 601,FACULTY OF ENGINEERING AND TECHNOLOGY,TUE,4,11:10-12:00,,
CSE,II Year,II/IV/CSE G,BMS 601,FACULTY OF ENGINEERING AND TECHNOLOGY,TUE,5,12:40-1:30,21CSC204J/DAA,
CSE,II Year,II/IV/CSE G,BMS 601,FACULTY OF ENGINEERING AND TECHNOLOGY,TUE,6,1:30-2:20,,
CSE,II Year,II/IV/CSE G,BMS 601,FACULTY OF ENGINEERING AND TECHNOLOGY,TUE,7,2:20-3:05,21CSC205P/DBMS,
CSE,II Year,II/IV/CSE G,BMS 601,FACULTY OF ENGINEERING AND TECHNOLOGY,TUE,8,3:05-3:50,,
CSE,II Year,II/IV/CSE G,BMS 601,FACULTY OF ENGINEERING AND TECHNOLOGY,WED,1,8:30-9:20,21PDH201T/SE,
CSE,II Year,II/IV/CSE G,BMS 601,FACULTY OF ENGINEERING AND TECHNOLOGY,WED,2,9:20-10:10,,
CSE,II Year,II/IV/CSE G,BMS 601,FACULTY OF ENGINEERING AND TECHNOLOGY,WED,3,10:20-11:10,21CSE253T/IoT,
CSE,II Year,II/IV/CSE G,BMS 601,FACULTY OF ENGINEERING AND TECHNOLOGY,WED,4,11:10-12:00,21CSC206T/AI,
CSE,II Year,II/IV/CSE G,BMS 601,FACULTY OF ENGINEERING AND TECHNOLOGY,WED,5,12:40-1:30,,
CSE,II Year,II/IV/CSE G,BMS 601,FACULTY OF ENGINEERING AND TECHNOLOGY,WED,6,1:30-2:20,21MAB204T/PQT,
CSE,II Year,II/IV/CSE G,BMS 601,FACULTY OF ENGINEERING AND TECHNOLOGY,WED,7,2:20-3:05,,
CSE,II Year,II/IV/CSE G,BMS 601,FACULTY OF ENGINEERING AND TECHNOLOGY,WED,8,3:05-3:50,,
CSE,II Year,II/IV/CSE G,BMS 601,FACULTY OF ENGINEERING AND TECHNOLOGY,THU,1,8:30-9:20,21CSE253T/IoT,
CSE,II Year,II/IV/CSE G,BMS 601,FACULTY OF ENGINEERING AND TECHNOLOGY,THU,2,9:20-10:10,21MAB204T/PQT,
CSE,II Year,II/IV/CSE G,BMS 601,FACULTY OF ENGINEERING AND TECHNOLOGY,THU,3,10:20-11:10,21CSC204J/DAA,
CSE,II Year,II/IV/CSE G,BMS 601,FACULTY OF ENGINEERING AND TECHNOLOGY,THU,4,11:10-12:00,21CSC206T/AI,
CSE,II Year,II/IV/CSE G,BMS 601,FACULTY OF ENGINEERING AND TECHNOLOGY,THU,5,12:40-1:30,21LEM202T/UHV,
CSE,II Year,II/IV/CSE G,BMS 601,FACULTY OF ENGINEERING AND TECHNOLOGY,THU,6,1:30-2:20,21CSC205P/DBMS,
CSE,II Year,II/IV/CSE G,BMS 601,FACULTY OF ENGINEERING AND TECHNOLOGY,THU,7,2:20-3:05,,
CSE,II Year,II/IV/CSE G,BMS 601,FACULTY OF ENGINEERING AND TECHNOLOGY,THU,8,3:05-3:50,,
CSE,II Year,II/IV/CSE G,BMS 601,FACULTY OF ENGINEERING AND TECHNOLOGY,FRI,1,8:30-9:20,21CSC204J/DAA,
CSE,II Year,II/IV/CSE G,BMS 601,FACULTY OF ENGINEERING AND TECHNOLOGY,FRI,2,9:20-10:10,21CSC205P/DBMS,
CSE,II Year,II/IV/CSE G,BMS 601,FACULTY OF ENGINEERING AND TECHNOLOGY,FRI,3,10:20-11:10,21LEM202T/UHV,
CSE,II Year,II/IV/CSE G,BMS 601,FACULTY OF ENGINEERING AND TECHNOLOGY,FRI,4,11:10-12:00,21MAB204T/PQT,
CSE,II Year,II/IV/CSE G,BMS 601,FACULTY OF ENGINEERING AND TECHNOLOGY,FRI,5,12:40-1:30,21CSC206T/AI,
CSE,II Year,II/IV/CSE G,BMS 601,FACULTY OF ENGINEERING AND TECHNOLOGY,FRI,6,1:30-2:20,,
CSE,II Year,II/IV/CSE G,BMS 601,FACULTY OF ENGINEERING AND TECHNOLOGY,FRI,7,2:20-3:05,,
CSE,II Year,II/IV/CSE G,BMS 601,FACULTY OF ENGINEERING AND TECHNOLOGY,FRI,8,3:05-3:50,,
CSE,II Year,II/IV/CSE H,BMS 601,FACULTY OF ENGINEERING AND TECHNOLOGY,MON,1,8:30-9:20,21CSE253T/IoT,
CSE,II Year,II/IV/CSE H,BMS 601,FACULTY OF ENGINEERING AND TECHNOLOGY,MON,2,9:20-10:10,21MAB204T/PQT,
CSE,II Year,II/IV/CSE H,BMS 601,FACULTY OF ENGINEERING AND TECHNOLOGY,MON,3,10:20-11:10,21PDM202L/CCTS,
CSE,II Year,II/IV/CSE H,BMS 601,FACULTY OF ENGINEERING AND TECHNOLOGY,MON,4,11:10-12:00,,
CSE,II Year,II/IV/CSE H,BMS 601,FACULTY OF ENGINEERING AND TECHNOLOGY,MON,5,12:40-1:30,21CSC206T/AI,
CSE,II Year,II/IV/CSE H,BMS 601,FACULTY OF ENGINEERING AND TECHNOLOGY,MON,6,1:30-2:20,21CSC204J/DAA,
CSE,II Year,II/IV/CSE H,BMS 601,FACULTY OF ENGINEERING AND TECHNOLOGY,MON,7,2:20-3:05,21CSC205P/DBMS,
CSE,II Year,II/IV/CSE H,BMS 601,FACULTY OF ENGINEERING AND TECHNOLOGY,MON,8,3:05-3:50,,
CSE,II Year,II/IV/CSE H,BMS 601,FACULTY OF ENGINEERING AND TECHNOLOGY,TUE,1,8:30-9:20,21CSC204J/DAA,
CSE,II Year,II/IV/CSE H,BMS 601,FACULTY OF ENGINEERING AND TECHNOLOGY,TUE,2,9:20-10:10,21LEM202T/UHV,
CSE,II Year,II/IV/CSE H,BMS 601,FACULTY OF ENGINEERING AND TECHNOLOGY,TUE,3,10:20-11:10,21CSE253T/IoT,
CSE,II Year,II/IV/CSE H,BMS 601,FACULTY OF ENGINEERING AND TECHNOLOGY,TUE,4,11:10-12:00,21MAB204T/PQT,
CSE,II Year,II/IV/CSE H,BMS 601,FACULTY OF ENGINEERING AND TECHNOLOGY,TUE,5,12:40-1:30,21PDH201T/SE,
CSE,II Year,II/IV/CSE H,BMS 601,FACULTY OF ENGINEERING AND TECHNOLOGY,TUE,6,1:30-2:20,,
CSE,II Year,II/IV/CSE H,BMS 601,FACULTY OF ENGINEERING AND TECHNOLOGY,TUE,7,2:20-3:05,,
CSE,II Year,II/IV/CSE H,BMS 601,FACULTY OF ENGINEERING AND TECHNOLOGY,TUE,8,3:05-3:50,,
CSE,II Year,II/IV/CSE H,BMS 601,FACULTY OF ENGINEERING AND TECHNOLOGY,WED,1,8:30-9:20,21MAB204T/PQT,
CSE,II Year,II/IV/CSE H,BMS 601,FACULTY OF ENGINEERING AND TECHNOLOGY,WED,2,9:20-10:10,21CSC206T/AI,
CSE,II Year,II/IV/CSE H,BMS 601,FACULTY OF ENGINEERING AND TECHNOLOGY,WED,3,10:20-11:10,21LEM202T/UHV,
CSE,II Year,II/IV/CSE H,BMS 601,FACULTY OF ENGINEERING AND TECHNOLOGY,WED,4,11:10-12:00,21CSE253T/IoT,
CSE,II Year,II/IV/CSE H,BMS 601,FACULTY OF ENGINEERING AND TECHNOLOGY,WED,5,12:40-1:30,,
CSE,II Year,II/IV/CSE H,BMS 601,FACULTY OF ENGINEERING AND TECHNOLOGY,WED,6,1:30-2:20,,
CSE,II Year,II/IV/CSE H,BMS 601,FACULTY OF ENGINEERING AND TECHNOLOGY,WED,7,2:20-3:05,,
CSE,II Year,II/IV/CSE H,BMS 601,FACULTY OF ENGINEERING AND TECHNOLOGY,WED,8,3:05-3:50,,
CSE,II Year,II/IV/CSE H,BMS 601,FACULTY OF ENGINEERING AND TECHNOLOGY,THU,1,8:30-9:20,,
CSE,II Year,II/IV/CSE H,BMS 601,FACULTY OF ENGINEERING AND TECHNOLOGY,THU,2,9:20-10:10,,
CSE,II Year,II/IV/CSE H,BMS 601,FACULTY OF ENGINEERING AND TECHNOLOGY,THU,3,10:20-11:10,,
CSE,II Year,II/IV/CSE H,BMS 601,FACULTY OF ENGINEERING AND TECHNOLOGY,THU,4,11:10-12:00,,
CSE,II Year,II/IV/CSE H,BMS 601,FACULTY OF ENGINEERING AND TECHNOLOGY,THU,5,12:40-1:30,21CSC204J/DAA,
CSE,II Year,II/IV/CSE H,BMS 601,FACULTY OF ENGINEERING AND TECHNOLOGY,THU,6,1:30-2:20,,
CSE,II Year,II/IV/CSE H,BMS 601,FACULTY OF ENGINEERING AND TECHNOLOGY,THU,7,2:20-3:05,21CSC205P/DBMS,
CSE,II Year,II/IV/CSE H,BMS 601,FACULTY OF ENGINEERING AND TECHNOLOGY,THU,8,3:05-3:50,,
CSE,II Year,II/IV/CSE H,BMS 601,FACULTY OF ENGINEERING AND TECHNOLOGY,FRI,1,8:30-9:20,21CSC206T/AI,
CSE,II Year,II/IV/CSE H,BMS 601,FACULTY OF ENGINEERING AND TECHNOLOGY,FRI,2,9:20-10:10,21MAB204T/PQT,
CSE,II Year,II/IV/CSE H,BMS 601,FACULTY OF ENGINEERING AND TECHNOLOGY,FRI,3,10:20-11:10,21CSC204J/DAA,
CSE,II Year,II/IV/CSE H,BMS 601,FACULTY OF ENGINEERING AND TECHNOLOGY,FRI,4,11:10-12:00,21CSC205P/DBMS,
CSE,II Year,II/IV/CSE H,BMS 601,FACULTY OF ENGINEERING AND TECHNOLOGY,FRI,5,12:40-1:30,21LEM202T/UHV,
CSE,II Year,II/IV/CSE H,BMS 601,FACULTY OF ENGINEERING AND TECHNOLOGY,FRI,6,1:30-2:20,,
CSE,II Year,II/IV/CSE H,BMS 601,FACULTY OF ENGINEERING AND TECHNOLOGY,FRI,7,2:20-3:05,,
CSE,II Year,II/IV/CSE H,BMS 601,FACULTY OF ENGINEERING AND TECHNOLOGY,FRI,8,3:05-3:50,,
CSE,II Year,II/IV/CSE I,BMS 602,FACULTY OF ENGINEERING AND TECHNOLOGY,MON,1,8:30-9:20,21CSC204J/DAA,
CSE,II Year,II/IV/CSE I,BMS 602,FACULTY OF ENGINEERING AND TECHNOLOGY,MON,2,9:20-10:10,21LEM202T/UHV,
CSE,II Year,II/IV/CSE I,BMS 602,FACULTY OF ENGINEERING AND TECHNOLOGY,MON,3,10:20-11:10,21MAB204T/PQT,
CSE,II Year,II/IV/CSE I,BMS 602,FACULTY OF ENGINEERING AND TECHNOLOGY,MON,4,11:10-12:00,21CSE253T/IoT,
CSE,II Year,II/IV/CSE I,BMS 602,FACULTY OF ENGINEERING AND TECHNOLOGY,MON,5,12:40-1:30,21PDM202L/CCTS,
CSE,II Year,II/IV/CSE I,BMS 602,FACULTY OF ENGINEERING AND TECHNOLOGY,MON,6,1:30-2:20,,
CSE,II Year,II/IV/CSE I,BMS 602,FACULTY OF ENGINEERING AND TECHNOLOGY,MON,7,2:20-3:05,,
CSE,II Year,II/IV/CSE I,BMS 602,FACULTY OF ENGINEERING AND TECHNOLOGY,MON,8,3:05-3:50,,
CSE,II Year,II/IV/CSE I,BMS 602,FACULTY OF ENGINEERING AND TECHNOLOGY,TUE,1,8:30-9:20,21MAB204T/PQT,
CSE,II Year,II/IV/CSE I,BMS 602,FACULTY OF ENGINEERING AND TECHNOLOGY,TUE,2,9:20-10:10,21LEM202T/UHV,
CSE,II Year,II/IV/CSE I,BMS 602,FACULTY OF ENGINEERING AND TECHNOLOGY,TUE,3,10:20-11:10,21CSC205P/DBMS,
CSE,II Year,II/IV/CSE I,BMS 602,FACULTY OF ENGINEERING AND TECHNOLOGY,TUE,4,11:10-12:00,21CSC206T/AI,
CSE,II Year,II/IV/CSE I,BMS 602,FACULTY OF ENGINEERING AND TECHNOLOGY,TUE,5,12:40-1:30,21CSE253T/IoT,
CSE,II Year,II/IV/CSE I,BMS 602,FACULTY OF ENGINEERING AND TECHNOLOGY,TUE,6,1:30-2:20,21CSC204J/DAA,
CSE,II Year,II/IV/CSE I,BMS 602,FACULTY OF ENGINEERING AND TECHNOLOGY,TUE,7,2:20-3:05,21PDH201T/SE,
CSE,II Year,II/IV/CSE I,BMS 602,FACULTY OF ENGINEERING AND TECHNOLOGY,TUE,8,3:05-3:50,,
CSE,II Year,II/IV/CSE I,BMS 602,FACULTY OF ENGINEERING AND TECHNOLOGY,WED,1,8:30-9:20,21CSC206T/AI,
CSE,II Year,II/IV/CSE I,BMS 602,FACULTY OF ENGINEERING AND TECHNOLOGY,WED,2,9:20-10:10,21MAB204T/PQT,
CSE,II Year,II/IV/CSE I,BMS 602,FACULTY OF ENGINEERING AND TECHNOLOGY,WED,3,10:20-11:10,21CSC205P/DBMS,
CSE,II Year,II/IV/CSE I,BMS 602,FACULTY OF ENGINEERING AND TECHNOLOGY,WED,4,11:10-12:00,21CSC204J/DAA,
CSE,II Year,II/IV/CSE I,BMS 602,FACULTY OF ENGINEERING AND TECHNOLOGY,WED,5,12:40-1:30,,
CSE,II Year,II/IV/CSE I,BMS 602,FACULTY OF ENGINEERING AND TECHNOLOGY,WED,6,1:30-2:20,,
CSE,II Year,II/IV/CSE I,BMS 602,FACULTY OF ENGINEERING AND TECHNOLOGY,WED,7,2:20-3:05,,
CSE,II Year,II/IV/CSE I,BMS 602,FACULTY OF ENGINEERING AND TECHNOLOGY,WED,8,3:05-3:50,,
CSE,II Year,II/IV/CSE I,BMS 602,FACULTY OF ENGINEERING AND TECHNOLOGY,THU,1,8:30-9:20,21CSE253T/IoT,
CSE,II Year,II/IV/CSE I,BMS 602,FACULTY OF ENGINEERING AND TECHNOLOGY,THU,2,9:20-10:10,21CSC206T/AI,
CSE,II Year,II/IV/CSE I,BMS 602,FACULTY OF ENGINEERING AND TECHNOLOGY,THU,3,10:20-11:10,21MAB204T/PQT,
CSE,II Year,II/IV/CSE I,BMS 602,FACULTY OF ENGINEERING AND TECHNOLOGY,THU,4,11:10-12:00,21LEM202T/UHV,
CSE,II Year,II/IV/CSE I,BMS 602,FACULTY OF ENGINEERING AND TECHNOLOGY,THU,5,12:40-1:30,,
CSE,II Year,II/IV/CSE I,BMS 602,FACULTY OF ENGINEERING AND TECHNOLOGY,THU,6,1:30-2:20,,
CSE,II Year,II/IV/CSE I,BMS 602,FACULTY OF ENGINEERING AND TECHNOLOGY,THU,7,2:20-3:05,,
CSE,II Year,II/IV/CSE I,BMS 602,FACULTY OF ENGINEERING AND TECHNOLOGY,THU,8,3:05-3:50,,
CSE,II Year,II/IV/CSE I,BMS 602,FACULTY OF ENGINEERING AND TECHNOLOGY,FRI,1,8:30-9:20,,
CSE,II Year,II/IV/CSE I,BMS 602,FACULTY OF ENGINEERING AND TECHNOLOGY,FRI,2,9:20-10:10,,
CSE,II Year,II/IV/CSE I,BMS 602,FACULTY OF ENGINEERING AND TECHNOLOGY,FRI,3,10:20-11:10,,
CSE,II Year,II/IV/CSE I,BMS 602,FACULTY OF ENGINEERING AND TECHNOLOGY,FRI,4,11:10-12:00,,
CSE,II Year,II/IV/CSE I,BMS 602,FACULTY OF ENGINEERING AND TECHNOLOGY,FRI,5,12:40-1:30,21CSC204J/DAA,
CSE,II Year,II/IV/CSE I,BMS 602,FACULTY OF ENGINEERING AND TECHNOLOGY,FRI,6,1:30-2:20,,
CSE,II Year,II/IV/CSE I,BMS 602,FACULTY OF ENGINEERING AND TECHNOLOGY,FRI,7,2:20-3:05,21CSC205P/DBMS,
CSE,II Year,II/IV/CSE I,BMS 602,FACULTY OF ENGINEERING AND TECHNOLOGY,FRI,8,3:05-3:50,,
CSE,II Year,II/IV/CSE J,BMS 602,FACULTY OF ENGINEERING AND TECHNOLOGY,MON,1,8:30-9:20,21CSC205P/DBMS,
CSE,II Year,II/IV/CSE J,BMS 602,FACULTY OF ENGINEERING AND TECHNOLOGY,MON,2,9:20-10:10,21CSC204J/DAA,
CSE,II Year,II/IV/CSE J,BMS 602,FACULTY OF ENGINEERING AND TECHNOLOGY,MON,3,10:20-11:10,,
CSE,II Year,II/IV/CSE J,BMS 602,FACULTY OF ENGINEERING AND TECHNOLOGY,MON,4,11:10-12:00,,
CSE,II Year,II/IV/CSE J,BMS 602,FACULTY OF ENGINEERING AND TECHNOLOGY,MON,5,12:40-1:30,,
CSE,II Year,II/IV/CSE J,BMS 602,FACULTY OF ENGINEERING AND TECHNOLOGY,MON,6,1:30-2:20,,
CSE,II Year,II/IV/CSE J,BMS 602,FACULTY OF ENGINEERING AND TECHNOLOGY,MON,7,2:20-3:05,,
CSE,II Year,II/IV/CSE J,BMS 602,FACULTY OF ENGINEERING AND TECHNOLOGY,MON,8,3:05-3:50,,
CSE,II Year,II/IV/CSE J,BMS 602,FACULTY OF ENGINEERING AND TECHNOLOGY,TUE,1,8:30-9:20,21CSC205P/DBMS,
CSE,II Year,II/IV/CSE J,BMS 602,FACULTY OF ENGINEERING AND TECHNOLOGY,TUE,2,9:20-10:10,21CSE251T/DIP,
CSE,II Year,II/IV/CSE J,BMS 602,FACULTY OF ENGINEERING AND TECHNOLOGY,TUE,3,10:20-11:10,21LEM202T/UHV,
CSE,II Year,II/IV/CSE J,BMS 602,FACULTY OF ENGINEERING AND TECHNOLOGY,TUE,4,11:10-12:00,21MAB204T/PQT,
CSE,II Year,II/IV/CSE J,BMS 602,FACULTY OF ENGINEERING AND TECHNOLOGY,TUE,5,12:40-1:30,21CSC206T/AI,
CSE,II Year,II/IV/CSE J,BMS 602,FACULTY OF ENGINEERING AND TECHNOLOGY,TUE,6,1:30-2:20,21CSC204J/DAA,
CSE,II Year,II/IV/CSE J,BMS 602,FACULTY OF ENGINEERING AND TECHNOLOGY,TUE,7,2:20-3:05,,
CSE,II Year,II/IV/CSE J,BMS 602,FACULTY OF ENGINEERING AND TECHNOLOGY,TUE,8,3:05-3:50,,
CSE,II Year,II/IV/CSE J,BMS 602,FACULTY OF ENGINEERING AND TECHNOLOGY,WED,1,8:30-9:20,21MAB204T/PQT,
CSE,II Year,II/IV/CSE J,BMS 602,FACULTY OF ENGINEERING AND TECHNOLOGY,WED,2,9:20-10:10,21LEM202T/UHV,
CSE,II Year,II/IV/CSE J,BMS 602,FACULTY OF ENGINEERING AND TECHNOLOGY,WED,3,10:20-11:10,21PDH201T/SE,
CSE,II Year,II/IV/CSE J,BMS 602,FACULTY OF ENGINEERING AND TECHNOLOGY,WED,4,11:10-12:00,,
CSE,II Year,II/IV/CSE J,BMS 602,FACULTY OF ENGINEERING AND TECHNOLOGY,WED,5,12:40-1:30,,
CSE,II Year,II/IV/CSE J,BMS 602,FACULTY OF ENGINEERING AND TECHNOLOGY,WED,6,1:30-2:20,,
CSE,II Year,II/IV/CSE J,BMS 602,FACULTY OF ENGINEERING AND TECHNOLOGY,WED,7,2:20-3:05,,
CSE,II Year,II/IV/CSE J,BMS 602,FACULTY OF ENGINEERING AND TECHNOLOGY,WED,8,3:05-3:50,,
CSE,II Year,II/IV/CSE J,BMS 602,FACULTY OF ENGINEERING AND TECHNOLOGY,THU,1,8:30-9:20,21CSC204J/DAA,
CSE,II Year,II/IV/CSE J,BMS 602,FACULTY OF ENGINEERING AND TECHNOLOGY,THU,2,9:20-10:10,21CSC206T/AI,
CSE,II Year,II/IV/CSE J,BMS 602,FACULTY OF ENGINEERING AND TECHNOLOGY,THU,3,10:20-11:10,21CSC205P/DBMS,
CSE,II Year,II/IV/CSE J,BMS 602,FACULTY OF ENGINEERING AND TECHNOLOGY,THU,4,11:10-12:00,21CSE251T/DIP,
CSE,II Year,II/IV/CSE J,BMS 602,FACULTY OF ENGINEERING AND TECHNOLOGY,THU,5,12:40-1:30,21MAB204T/PQT,
CSE,II Year,II/IV/CSE J,BMS 602,FACULTY OF ENGINEERING AND TECHNOLOGY,THU,6,1:30-2:20,21LEM202T/UHV,
CSE,II Year,II/IV/CSE J,BMS 602,FACULTY OF ENGINEERING AND TECHNOLOGY,THU,7,2:20-3:05,,
CSE,II Year,II/IV/CSE J,BMS 602,FACULTY OF ENGINEERING AND TECHNOLOGY,THU,8,3:05-3:50,,
CSE,II Year,II/IV/CSE J,BMS 602,FACULTY OF ENGINEERING AND TECHNOLOGY,FRI,1,8:30-9:20,21CSE251T/DIP,
CSE,II Year,II/IV/CSE J,BMS 602,FACULTY OF ENGINEERING AND TECHNOLOGY,FRI,2,9:20-10:10,21MAB204T/PQT,
CSE,II Year,II/IV/CSE J,BMS 602,FACULTY OF ENGINEERING AND TECHNOLOGY,FRI,3,10:20-11:10,21CSC204J/DAA,
CSE,II Year,II/IV/CSE J,BMS 602,FACULTY OF ENGINEERING AND TECHNOLOGY,FRI,4,11:10-12:00,21CSC206T/AI,
CSE,II Year,II/IV/CSE J,BMS 602,FACULTY OF ENGINEERING AND TECHNOLOGY,FRI,5,12:40-1:30,,
CSE,II Year,II/IV/CSE J,BMS 602,FACULTY OF ENGINEERING AND TECHNOLOGY,FRI,6,1:30-2:20,,
CSE,II Year,II/IV/CSE J,BMS 602,FACULTY OF ENGINEERING AND TECHNOLOGY,FRI,7,2:20-3:05,,
CSE,II Year,II/IV/CSE J,BMS 602,FACULTY OF ENGINEERING AND TECHNOLOGY,FRI,8,3:05-3:50,,
CSE,II Year,II/IV/CSE K,BMS 603,FACULTY OF ENGINEERING AND TECHNOLOGY,MON,1,8:30-9:20,21CSC204J/DAA,
CSE,II Year,II/IV/CSE K,BMS 603,FACULTY OF ENGINEERING AND TECHNOLOGY,MON,2,9:20-10:10,21CSE251T/DIP,
CSE,II Year,II/IV/CSE K,BMS 603,FACULTY OF ENGINEERING AND TECHNOLOGY,MON,3,10:20-11:10,21CSC206T/AI,
CSE,II Year,II/IV/CSE K,BMS 603,FACULTY OF ENGINEERING AND TECHNOLOGY,MON,4,11:10-12:00,21MAB204T/PQT,
CSE,II Year,II/IV/CSE K,BMS 603,FACULTY OF ENGINEERING AND TECHNOLOGY,MON,5,12:40-1:30,21LEM202T/UHV,
CSE,II Year,II/IV/CSE K,BMS 603,FACULTY OF ENGINEERING AND TECHNOLOGY,MON,6,1:30-2:20,,
CSE,II Year,II/IV/CSE K,BMS 603,FACULTY OF ENGINEERING AND TECHNOLOGY,MON,7,2:20-3:05,,
CSE,II Year,II/IV/CSE K,BMS 603,FACULTY OF ENGINEERING AND TECHNOLOGY,MON,8,3:05-3:50,,
CSE,II Year,II/IV/CSE K,BMS 603,FACULTY OF ENGINEERING AND TECHNOLOGY,TUE,1,8:30-9:20,21CSC205P/DBMS,
CSE,II Year,II/IV/CSE K,BMS 603,FACULTY OF ENGINEERING AND TECHNOLOGY,TUE,2,9:20-10:10,,
CSE,II Year,II/IV/CSE K,BMS 603,FACULTY OF ENGINEERING AND TECHNOLOGY,TUE,3,10:20-11:10,21CSC204J/DAA,
CSE,II Year,II/IV/CSE K,BMS 603,FACULTY OF ENGINEERING AND TECHNOLOGY,TUE,4,11:10-12:00,,
CSE,II Year,II/IV/CSE K,BMS 603,FACULTY OF ENGINEERING AND TECHNOLOGY,TUE,5,12:40-1:30,,
CSE,II Year,II/IV/CSE K,BMS 603,FACULTY OF ENGINEERING AND TECHNOLOGY,TUE,6,1:30-2:20,,
CSE,II Year,II/IV/CSE K,BMS 603,FACULTY OF ENGINEERING AND TECHNOLOGY,TUE,7,2:20-3:05,,
CSE,II Year,II/IV/CSE K,BMS 603,FACULTY OF ENGINEERING AND TECHNOLOGY,TUE,8,3:05-3:50,,
CSE,II Year,II/IV/CSE K,BMS 603,FACULTY OF ENGINEERING AND TECHNOLOGY,WED,1,8:30-9:20,21MAB204T/PQT,
CSE,II Year,II/IV/CSE K,BMS 603,FACULTY OF ENGINEERING AND TECHNOLOGY,WED,2,9:20-10:10,21LEM202T/UHV,
CSE,II Year,II/IV/CSE K,BMS 603,FACULTY OF ENGINEERING AND TECHNOLOGY,WED,3,10:20-11:10,21CSC205P/DBMS,
CSE,II Year,II/IV/CSE K,BMS 603,FACULTY OF ENGINEERING AND TECHNOLOGY,WED,4,11:10-12:00,21CSC204J/DAA,
CSE,II Year,II/IV/CSE K,BMS 603,FACULTY OF ENGINEERING AND TECHNOLOGY,WED,5,12:40-1:30,,
CSE,II Year,II/IV/CSE K,BMS 603,FACULTY OF ENGINEERING AND TECHNOLOGY,WED,6,1:30-2:20,21CSC206T/AI,
CSE,II Year,II/IV/CSE K,BMS 603,FACULTY OF ENGINEERING AND TECHNOLOGY,WED,7,2:20-3:05,21PDH201T/SE,
CSE,II Year,II/IV/CSE K,BMS 603,FACULTY OF ENGINEERING AND TECHNOLOGY,WED,8,3:05-3:50,,
CSE,II Year,II/IV/CSE K,BMS 603,FACULTY OF ENGINEERING AND TECHNOLOGY,THU,1,8:30-9:20,21CSC206T/AI,
CSE,II Year,II/IV/CSE K,BMS 603,FACULTY OF ENGINEERING AND TECHNOLOGY,THU,2,9:20-10:10,21MAB204T/PQT,
CSE,II Year,II/IV/CSE K,BMS 603,FACULTY OF ENGINEERING AND TECHNOLOGY,THU,3,10:20-11:10,21CSE251T/DIP,
CSE,II Year,II/IV/CSE K,BMS 603,FACULTY OF ENGINEERING AND TECHNOLOGY,THU,4,11:10-12:00,21CSC204J/DAA,
CSE,II Year,II/IV/CSE K,BMS 603,FACULTY OF ENGINEERING AND TECHNOLOGY,THU,5,12:40-1:30,,
CSE,II Year,II/IV/CSE K,BMS 603,FACULTY OF ENGINEERING AND TECHNOLOGY,THU,6,1:30-2:20,,
CSE,II Year,II/IV/CSE K,BMS 603,FACULTY OF ENGINEERING AND TECHNOLOGY,THU,7,2:20-3:05,,
CSE,II Year,II/IV/CSE K,BMS 603,FACULTY OF ENGINEERING AND TECHNOLOGY,THU,8,3:05-3:50,,
CSE,II Year,II/IV/CSE K,BMS 603,FACULTY OF ENGINEERING AND TECHNOLOGY,FRI,1,8:30-9:20,21CSE251T/DIP,
CSE,II Year,II/IV/CSE K,BMS 603,FACULTY OF ENGINEERING AND TECHNOLOGY,FRI,2,9:20-10:10,21LEM202T/UHV,
CSE,II Year,II/IV/CSE K,BMS 603,FACULTY OF ENGINEERING AND TECHNOLOGY,FRI,3,10:20-11:10,21CSC205P/DBMS,
CSE,II Year,II/IV/CSE K,BMS 603,FACULTY OF ENGINEERING AND TECHNOLOGY,FRI,4,11:10-12:00,21MAB204T/PQT,
CSE,II Year,II/IV/CSE K,BMS 603,FACULTY OF ENGINEERING AND TECHNOLOGY,FRI,5,12:40-1:30,21PDM202L/CCTS,
CSE,II Year,II/IV/CSE K,BMS 603,FACULTY OF ENGINEERING AND TECHNOLOGY,FRI,6,1:30-2:20,,
CSE,II Year,II/IV/CSE K,BMS 603,FACULTY OF ENGINEERING AND TECHNOLOGY,FRI,7,2:20-3:05,,
CSE,II Year,II/IV/CSE K,BMS 603,FACULTY OF ENGINEERING AND TECHNOLOGY,FRI,8,3:05-3:50,,
CSE,II Year,II/IV/CSE L,BMS 603,FACULTY OF ENGINEERING AND TECHNOLOGY,MON,1,8:30-9:20,21MAB204T/PQT,
CSE,II Year,II/IV/CSE L,BMS 603,FACULTY OF ENGINEERING AND TECHNOLOGY,MON,2,9:20-10:10,21CSE251T/DIP,
CSE,II Year,II/IV/CSE L,BMS 603,FACULTY OF ENGINEERING AND TECHNOLOGY,MON,3,10:20-11:10,21CSC204J/DAA,
CSE,II Year,II/IV/CSE L,BMS 603,FACULTY OF ENGINEERING AND TECHNOLOGY,MON,4,11:10-12:00,21CSC205P/DBMS,
CSE,II Year,II/IV/CSE L,BMS 603,FACULTY OF ENGINEERING AND TECHNOLOGY,MON,5,12:40-1:30,21LEM202T/UHV,
CSE,II Year,II/IV/CSE L,BMS 603,FACULTY OF ENGINEERING AND TECHNOLOGY,MON,6,1:30-2:20,,
CSE,II Year,II/IV/CSE L,BMS 603,FACULTY OF ENGINEERING AND TECHNOLOGY,MON,7,2:20-3:05,,
CSE,II Year,II/IV/CSE L,BMS 603,FACULTY OF ENGINEERING AND TECHNOLOGY,MON,8,3:05-3:50,,
CSE,II Year,II/IV/CSE L,BMS 603,FACULTY OF ENGINEERING AND TECHNOLOGY,TUE,1,8:30-9:20,21CSC206T/AI,
CSE,II Year,II/IV/CSE L,BMS 603,FACULTY OF ENGINEERING AND TECHNOLOGY,TUE,2,9:20-10:10,21LEM202T/UHV,
CSE,II Year,II/IV/CSE L,BMS 603,FACULTY OF ENGINEERING AND TECHNOLOGY,TUE,3,10:20-11:10,21CSC204J/DAA,
CSE,II Year,II/IV/CSE L,BMS 603,FACULTY OF ENGINEERING AND TECHNOLOGY,TUE,4,11:10-12:00,21CSC205P/DBMS,
CSE,II Year,II/IV/CSE L,BMS 603,FACULTY OF ENGINEERING AND TECHNOLOGY,TUE,5,12:40-1:30,21CSE251T/DIP,
CSE,II Year,II/IV/CSE L,BMS 603,FACULTY OF ENGINEERING AND TECHNOLOGY,TUE,6,1:30-2:20,21MAB204T/PQT,
CSE,II Year,II/IV/CSE L,BMS 603,FACULTY OF ENGINEERING AND TECHNOLOGY,TUE,7,2:20-3:05,,
CSE,II Year,II/IV/CSE L,BMS 603,FACULTY OF ENGINEERING AND TECHNOLOGY,TUE,8,3:05-3:50,,
CSE,II Year,II/IV/CSE L,BMS 603,FACULTY OF ENGINEERING AND TECHNOLOGY,WED,1,8:30-9:20,21CSC204J/DAA,
CSE,II Year,II/IV/CSE L,BMS 603,FACULTY OF ENGINEERING AND TECHNOLOGY,WED,2,9:20-10:10,,
CSE,II Year,II/IV/CSE L,BMS 603,FACULTY OF ENGINEERING AND TECHNOLOGY,WED,3,10:20-11:10,21CSC205P/DBMS,
CSE,II Year,II/IV/CSE L,BMS 603,FACULTY OF ENGINEERING AND TECHNOLOGY,WED,4,11:10-12:00,,
CSE,II Year,II/IV/CSE L,BMS 603,FACULTY OF ENGINEERING AND TECHNOLOGY,WED,5,12:40-1:30,,
CSE,II Year,II/IV/CSE L,BMS 603,FACULTY OF ENGINEERING AND TECHNOLOGY,WED,6,1:30-2:20,,
CSE,II Year,II/IV/CSE L,BMS 603,FACULTY OF ENGINEERING AND TECHNOLOGY,WED,7,2:20-3:05,,
CSE,II Year,II/IV/CSE L,BMS 603,FACULTY OF ENGINEERING AND TECHNOLOGY,WED,8,3:05-3:50,,
CSE,II Year,II/IV/CSE L,BMS 603,FACULTY OF ENGINEERING AND TECHNOLOGY,THU,1,8:30-9:20,21PDH201T/SE,
CSE,II Year,II/IV/CSE L,BMS 603,FACULTY OF ENGINEERING AND TECHNOLOGY,THU,2,9:20-10:10,,
CSE,II Year,II/IV/CSE L,BMS 603,FACULTY OF ENGINEERING AND TECHNOLOGY,THU,3,10:20-11:10,21CSC206T/AI,
CSE,II Year,II/IV/CSE L,BMS 603,FACULTY OF ENGINEERING AND TECHNOLOGY,THU,4,11:10-12:00,21MAB204T/PQT,
CSE,II Year,II/IV/CSE L,BMS 603,FACULTY OF ENGINEERING AND TECHNOLOGY,THU,5,12:40-1:30,21LEM202T/UHV,
CSE,II Year,II/IV/CSE L,BMS 603,FACULTY OF ENGINEERING AND TECHNOLOGY,THU,6,1:30-2:20,,
CSE,II Year,II/IV/CSE L,BMS 603,FACULTY OF ENGINEERING AND TECHNOLOGY,THU,7,2:20-3:05,,
CSE,II Year,II/IV/CSE L,BMS 603,FACULTY OF ENGINEERING AND TECHNOLOGY,THU,8,3:05-3:50,,
CSE,II Year,II/IV/CSE L,BMS 603,FACULTY OF ENGINEERING AND TECHNOLOGY,FRI,1,8:30-9:20,21PDM202L/CCTS,
CSE,II Year,II/IV/CSE L,BMS 603,FACULTY OF ENGINEERING AND TECHNOLOGY,FRI,2,9:20-10:10,,
CSE,II Year,II/IV/CSE L,BMS 603,FACULTY OF ENGINEERING AND TECHNOLOGY,FRI,3,10:20-11:10,21MAB204T/PQT,
CSE,II Year,II/IV/CSE L,BMS 603,FACULTY OF ENGINEERING AND TECHNOLOGY,FRI,4,11:10-12:00,21CSE251T/DIP,
CSE,II Year,II/IV/CSE L,BMS 603,FACULTY OF ENGINEERING AND TECHNOLOGY,FRI,5,12:40-1:30,21CSC206T/AI,
CSE,II Year,II/IV/CSE L,BMS 603,FACULTY OF ENGINEERING AND TECHNOLOGY,FRI,6,1:30-2:20,21CSC204J/DAA,
CSE,II Year,II/IV/CSE L,BMS 603,FACULTY OF ENGINEERING AND TECHNOLOGY,FRI,7,2:20-3:05,,
CSE,II Year,II/IV/CSE L,BMS 603,FACULTY OF ENGINEERING AND TECHNOLOGY,FRI,8,3:05-3:50,,
CSE,II Year,II/IV/CSE M,BMS 604,FACULTY OF ENGINEERING AND TECHNOLOGY,MON,1,8:30-9:20,21MAB204T/PQT,
CSE,II Year,II/IV/CSE M,BMS 604,FACULTY OF ENGINEERING AND TECHNOLOGY,MON,2,9:20-10:10,21CSE253T/IoT,
CSE,II Year,II/IV/CSE M,BMS 604,FACULTY OF ENGINEERING AND TECHNOLOGY,MON,3,10:20-11:10,21CSC205P/DBMS,
CSE,II Year,II/IV/CSE M,BMS 604,FACULTY OF ENGINEERING AND TECHNOLOGY,MON,4,11:10-12:00,21CSC206T/AI,
CSE,II Year,II/IV/CSE M,BMS 604,FACULTY OF ENGINEERING AND TECHNOLOGY,MON,5,12:40-1:30,21LEM202T/UHV,
CSE,II Year,II/IV/CSE M,BMS 604,FACULTY OF ENGINEERING AND TECHNOLOGY,MON,6,1:30-2:20,21CSC204J/DAA,
CSE,II Year,II/IV/CSE M,BMS 604,FACULTY OF ENGINEERING AND TECHNOLOGY,MON,7,2:20-3:05,21PDM202L/CCTS,
CSE,II Year,II/IV/CSE M,BMS 604,FACULTY OF ENGINEERING AND TECHNOLOGY,MON,8,3:05-3:50,,
CSE,II Year,II/IV/CSE M,BMS 604,FACULTY OF ENGINEERING AND TECHNOLOGY,TUE,1,8:30-9:20,21CSC206T/AI,
CSE,II Year,II/IV/CSE M,BMS 604,FACULTY OF ENGINEERING AND TECHNOLOGY,TUE,2,9:20-10:10,21MAB204T/PQT,
CSE,II Year,II/IV/CSE M,BMS 604,FACULTY OF ENGINEERING AND TECHNOLOGY,TUE,3,10:20-11:10,21CSC204J/DAA,
CSE,II Year,II/IV/CSE M,BMS 604,FACULTY OF ENGINEERING AND TECHNOLOGY,TUE,4,11:10-12:00,21CSE253T/IoT,
CSE,II Year,II/IV/CSE M,BMS 604,FACULTY OF ENGINEERING AND TECHNOLOGY,TUE,5,12:40-1:30,,
CSE,II Year,II/IV/CSE M,BMS 604,FACULTY OF ENGINEERING AND TECHNOLOGY,TUE,6,1:30-2:20,,
CSE,II Year,II/IV/CSE M,BMS 604,FACULTY OF ENGINEERING AND TECHNOLOGY,TUE,7,2:20-3:05,,
CSE,II Year,II/IV/CSE M,BMS 604,FACULTY OF ENGINEERING AND TECHNOLOGY,TUE,8,3:05-3:50,,
CSE,II Year,II/IV/CSE M,BMS 604,FACULTY OF ENGINEERING AND TECHNOLOGY,WED,1,8:30-9:20,21CSC204J/DAA,
CSE,II Year,II/IV/CSE M,BMS 604,FACULTY OF ENGINEERING AND TECHNOLOGY,WED,2,9:20-10:10,21CSE253T/IoT,
CSE,II Year,II/IV/CSE M,BMS 604,FACULTY OF ENGINEERING AND TECHNOLOGY,WED,3,10:20-11:10,21LEM202T/UHV,
CSE,II Year,II/IV/CSE M,BMS 604,FACULTY OF ENGINEERING AND TECHNOLOGY,WED,4,11:10-12:00,21MAB204T/PQT,
CSE,II Year,II/IV/CSE M,BMS 604,FACULTY OF ENGINEERING AND TECHNOLOGY,WED,5,12:40-1:30,,
CSE,II Year,II/IV/CSE M,BMS 604,FACULTY OF ENGINEERING AND TECHNOLOGY,WED,6,1:30-2:20,,
CSE,II Year,II/IV/CSE M,BMS 604,FACULTY OF ENGINEERING AND TECHNOLOGY,WED,7,2:20-3:05,,
CSE,II Year,II/IV/CSE M,BMS 604,FACULTY OF ENGINEERING AND TECHNOLOGY,WED,8,3:05-3:50,,
CSE,II Year,II/IV/CSE M,BMS 604,FACULTY OF ENGINEERING AND TECHNOLOGY,THU,1,8:30-9:20,21CSC205P/DBMS,
CSE,II Year,II/IV/CSE M,BMS 604,FACULTY OF ENGINEERING AND TECHNOLOGY,THU,2,9:20-10:10,,
CSE,II Year,II/IV/CSE M,BMS 604,FACULTY OF ENGINEERING AND TECHNOLOGY,THU,3,10:20-11:10,21CSC204J/DAA,
CSE,II Year,II/IV/CSE M,BMS 604,FACULTY OF ENGINEERING AND TECHNOLOGY,THU,4,11:10-12:00,,
CSE,II Year,II/IV/CSE M,BMS 604,FACULTY OF ENGINEERING AND TECHNOLOGY,THU,5,12:40-1:30,,
CSE,II Year,II/IV/CSE M,BMS 604,FACULTY OF ENGINEERING AND TECHNOLOGY,THU,6,1:30-2:20,,
CSE,II Year,II/IV/CSE M,BMS 604,FACULTY OF ENGINEERING AND TECHNOLOGY,THU,7,2:20-3:05,,
CSE,II Year,II/IV/CSE M,BMS 604,FACULTY OF ENGINEERING AND TECHNOLOGY,THU,8,3:05-3:50,,
CSE,II Year,II/IV/CSE M,BMS 604,FACULTY OF ENGINEERING AND TECHNOLOGY,FRI,1,8:30-9:20,21PDH201T/SE,
CSE,II Year,II/IV/CSE M,BMS 604,FACULTY OF ENGINEERING AND TECHNOLOGY,FRI,2,9:20-10:10,,
CSE,II Year,II/IV/CSE M,BMS 604,FACULTY OF ENGINEERING AND TECHNOLOGY,FRI,3,10:20-11:10,21CSC206T/AI,
CSE,II Year,II/IV/CSE M,BMS 604,FACULTY OF ENGINEERING AND TECHNOLOGY,FRI,4,11:10-12:00,21CSC205P/DBMS,
CSE,II Year,II/IV/CSE M,BMS 604,FACULTY OF ENGINEERING AND TECHNOLOGY,FRI,5,12:40-1:30,21MAB204T/PQT,
CSE,II Year,II/IV/CSE M,BMS 604,FACULTY OF ENGINEERING AND TECHNOLOGY,FRI,6,1:30-2:20,21LEM202T/UHV,
CSE,II Year,II/IV/CSE M,BMS 604,FACULTY OF ENGINEERING AND TECHNOLOGY,FRI,7,2:20-3:05,,
CSE,II Year,II/IV/CSE M,BMS 604,FACULTY OF ENGINEERING AND TECHNOLOGY,FRI,8,3:05-3:50,,
CSE,II Year,II/IV/CSE N,New Admin 101,FACULTY OF ENGINEERING AND TECHNOLOGY,MON,1,8:30-9:20,21CSC204J/DAA,
CSE,II Year,II/IV/CSE N,New Admin 101,FACULTY OF ENGINEERING AND TECHNOLOGY,MON,2,9:20-10:10,21CSC206T/AI,
CSE,II Year,II/IV/CSE N,New Admin 101,FACULTY OF ENGINEERING AND TECHNOLOGY,MON,3,10:20-11:10,21CSE253T/IoT,
CSE,II Year,II/IV/CSE N,New Admin 101,FACULTY OF ENGINEERING AND TECHNOLOGY,MON,4,11:10-12:00,21MAB204T/PQT,
CSE,II Year,II/IV/CSE N,New Admin 101,FACULTY OF ENGINEERING AND TECHNOLOGY,MON,5,12:40-1:30,21CSC205P/DBMS,
CSE,II Year,II/IV/CSE N,New Admin 101,FACULTY OF ENGINEERING AND TECHNOLOGY,MON,6,1:30-2:20,21LEM202T/UHV,
CSE,II Year,II/IV/CSE N,New Admin 101,FACULTY OF ENGINEERING AND TECHNOLOGY,MON,7,2:20-3:05,,
CSE,II Year,II/IV/CSE N,New Admin 101,FACULTY OF ENGINEERING AND TECHNOLOGY,MON,8,3:05-3:50,,
CSE,II Year,II/IV/CSE N,New Admin 101,FACULTY OF ENGINEERING AND TECHNOLOGY,TUE,1,8:30-9:20,21MAB204T/PQT,
CSE,II Year,II/IV/CSE N,New Admin 101,FACULTY OF ENGINEERING AND TECHNOLOGY,TUE,2,9:20-10:10,21CSE253T/IoT,
CSE,II Year,II/IV/CSE N,New Admin 101,FACULTY OF ENGINEERING AND TECHNOLOGY,TUE,3,10:20-11:10,21LEM202T/UHV,
CSE,II Year,II/IV/CSE N,New Admin 101,FACULTY OF ENGINEERING AND TECHNOLOGY,TUE,4,11:10-12:00,21CSC206T/AI,
CSE,II Year,II/IV/CSE N,New Admin 101,FACULTY OF ENGINEERING AND TECHNOLOGY,TUE,5,12:40-1:30,,
CSE,II Year,II/IV/CSE N,New Admin 101,FACULTY OF ENGINEERING AND TECHNOLOGY,TUE,6,1:30-2:20,,
CSE,II Year,II/IV/CSE N,New Admin 101,FACULTY OF ENGINEERING AND TECHNOLOGY,TUE,7,2:20-3:05,,
CSE,II Year,II/IV/CSE N,New Admin 101,FACULTY OF ENGINEERING AND TECHNOLOGY,TUE,8,3:05-3:50,,
CSE,II Year,II/IV/CSE N,New Admin 101,FACULTY OF ENGINEERING AND TECHNOLOGY,WED,1,8:30-9:20,21CSC206T/AI,
CSE,II Year,II/IV/CSE N,New Admin 101,FACULTY OF ENGINEERING AND TECHNOLOGY,WED,2,9:20-10:10,21LEM202T/UHV,
CSE,II Year,II/IV/CSE N,New Admin 101,FACULTY OF ENGINEERING AND TECHNOLOGY,WED,3,10:20-11:10,21MAB204T/PQT,
CSE,II Year,II/IV/CSE N,New Admin 101,FACULTY OF ENGINEERING AND TECHNOLOGY,WED,4,11:10-12:00,21CSC204J/DAA,
CSE,II Year,II/IV/CSE N,New Admin 101,FACULTY OF ENGINEERING AND TECHNOLOGY,WED,5,12:40-1:30,,
CSE,II Year,II/IV/CSE N,New Admin 101,FACULTY OF ENGINEERING AND TECHNOLOGY,WED,6,1:30-2:20,,
CSE,II Year,II/IV/CSE N,New Admin 101,FACULTY OF ENGINEERING AND TECHNOLOGY,WED,7,2:20-3:05,,
CSE,II Year,II/IV/CSE N,New Admin 101,FACULTY OF ENGINEERING AND TECHNOLOGY,WED,8,3:05-3:50,,
CSE,II Year,II/IV/CSE N,New Admin 101,FACULTY OF ENGINEERING AND TECHNOLOGY,THU,1,8:30-9:20,21CSC205P/DBMS,
CSE,II Year,II/IV/CSE N,New Admin 101,FACULTY OF ENGINEERING AND TECHNOLOGY,THU,2,9:20-10:10,21CSC204J/DAA,
CSE,II Year,II/IV/CSE N,New Admin 101,FACULTY OF ENGINEERING AND TECHNOLOGY,THU,3,10:20-11:10,21PDH201T/SE,
CSE,II Year,II/IV/CSE N,New Admin 101,FACULTY OF ENGINEERING AND TECHNOLOGY,THU,4,11:10-12:00,,
CSE,II Year,II/IV/CSE N,New Admin 101,FACULTY OF ENGINEERING AND TECHNOLOGY,THU,5,12:40-1:30,21MAB204T/PQT,
CSE,II Year,II/IV/CSE N,New Admin 101,FACULTY OF ENGINEERING AND TECHNOLOGY,THU,6,1:30-2:20,21CSE253T/IoT,
CSE,II Year,II/IV/CSE N,New Admin 101,FACULTY OF ENGINEERING AND TECHNOLOGY,THU,7,2:20-3:05,21PDM202L/CCTS,
CSE,II Year,II/IV/CSE N,New Admin 101,FACULTY OF ENGINEERING AND TECHNOLOGY,THU,8,3:05-3:50,,
CSE,II Year,II/IV/CSE N,New Admin 101,FACULTY OF ENGINEERING AND TECHNOLOGY,FRI,1,8:30-9:20,21CSC205P/DBMS,
CSE,II Year,II/IV/CSE N,New Admin 101,FACULTY OF ENGINEERING AND TECHNOLOGY,FRI,2,9:20-10:10,,
CSE,II Year,II/IV/CSE N,New Admin 101,FACULTY OF ENGINEERING AND TECHNOLOGY,FRI,3,10:20-11:10,21CSC204J/DAA,
CSE,II Year,II/IV/CSE N,New Admin 101,FACULTY OF ENGINEERING AND TECHNOLOGY,FRI,4,11:10-12:00,,
CSE,II Year,II/IV/CSE N,New Admin 101,FACULTY OF ENGINEERING AND TECHNOLOGY,FRI,5,12:40-1:30,,
CSE,II Year,II/IV/CSE N,New Admin 101,FACULTY OF ENGINEERING AND TECHNOLOGY,FRI,6,1:30-2:20,,
CSE,II Year,II/IV/CSE N,New Admin 101,FACULTY OF ENGINEERING AND TECHNOLOGY,FRI,7,2:20-3:05,,
CSE,II Year,II/IV/CSE N,New Admin 101,FACULTY OF ENGINEERING AND TECHNOLOGY,FRI,8,3:05-3:50,,
CSE,II Year,II/IV/CSE O,New Admin 102,FACULTY OF ENGINEERING AND TECHNOLOGY,MON,1,8:30-9:20,21CSC204J/DAA,
CSE,II Year,II/IV/CSE O,New Admin 102,FACULTY OF ENGINEERING AND TECHNOLOGY,MON,2,9:20-10:10,21CSC205P/DBMS,
CSE,II Year,II/IV/CSE O,New Admin 102,FACULTY OF ENGINEERING AND TECHNOLOGY,MON,3,10:20-11:10,,
CSE,II Year,II/IV/CSE O,New Admin 102,FACULTY OF ENGINEERING AND TECHNOLOGY,MON,4,11:10-12:00,,
CSE,II Year,II/IV/CSE O,New Admin 102,FACULTY OF ENGINEERING AND TECHNOLOGY,MON,5,12:40-1:30,,
CSE,II Year,II/IV/CSE O,New Admin 102,FACULTY OF ENGINEERING AND TECHNOLOGY,MON,6,1:30-2:20,,
CSE,II Year,II/IV/CSE O,New Admin 102,FACULTY OF ENGINEERING AND TECHNOLOGY,MON,7,2:20-3:05,,
CSE,II Year,II/IV/CSE O,New Admin 102,FACULTY OF ENGINEERING AND TECHNOLOGY,MON,8,3:05-3:50,,
CSE,II Year,II/IV/CSE O,New Admin 102,FACULTY OF ENGINEERING AND TECHNOLOGY,TUE,1,8:30-9:20,21CSC206T/AI,
CSE,II Year,II/IV/CSE O,New Admin 102,FACULTY OF ENGINEERING AND TECHNOLOGY,TUE,2,9:20-10:10,21CSE253T/IoT,
CSE,II Year,II/IV/CSE O,New Admin 102,FACULTY OF ENGINEERING AND TECHNOLOGY,TUE,3,10:20-11:10,21LEM202T/UHV,
CSE,II Year,II/IV/CSE O,New Admin 102,FACULTY OF ENGINEERING AND TECHNOLOGY,TUE,4,11:10-12:00,21MAB204T/PQT,
CSE,II Year,II/IV/CSE O,New Admin 102,FACULTY OF ENGINEERING AND TECHNOLOGY,TUE,5,12:40-1:30,21CSC204J/DAA,
CSE,II Year,II/IV/CSE O,New Admin 102,FACULTY OF ENGINEERING AND TECHNOLOGY,TUE,6,1:30-2:20,21CSC205P/DBMS,
CSE,II Year,II/IV/CSE O,New Admin 102,FACULTY OF ENGINEERING AND TECHNOLOGY,TUE,7,2:20-3:05,,
CSE,II Year,II/IV/CSE O,New Admin 102,FACULTY OF ENGINEERING AND TECHNOLOGY,TUE,8,3:05-3:50,,
CSE,II Year,II/IV/CSE O,New Admin 102,FACULTY OF ENGINEERING AND TECHNOLOGY,WED,1,8:30-9:20,21MAB204T/PQT,
CSE,II Year,II/IV/CSE O,New Admin 102,FACULTY OF ENGINEERING AND TECHNOLOGY,WED,2,9:20-10:10,21CSC205P/DBMS,
CSE,II Year,II/IV/CSE O,New Admin 102,FACULTY OF ENGINEERING AND TECHNOLOGY,WED,3,10:20-11:10,21CSC204J/DAA,
CSE,II Year,II/IV/CSE O,New Admin 102,FACULTY OF ENGINEERING AND TECHNOLOGY,WED,4,11:10-12:00,21CSC206T/AI,
CSE,II Year,II/IV/CSE O,New Admin 102,FACULTY OF ENGINEERING AND TECHNOLOGY,WED,5,12:40-1:30,,
CSE,II Year,II/IV/CSE O,New Admin 102,FACULTY OF ENGINEERING AND TECHNOLOGY,WED,6,1:30-2:20,,
CSE,II Year,II/IV/CSE O,New Admin 102,FACULTY OF ENGINEERING AND TECHNOLOGY,WED,7,2:20-3:05,,
CSE,II Year,II/IV/CSE O,New Admin 102,FACULTY OF ENGINEERING AND TECHNOLOGY,WED,8,3:05-3:50,,
CSE,II Year,II/IV/CSE O,New Admin 102,FACULTY OF ENGINEERING AND TECHNOLOGY,THU,1,8:30-9:20,21PDM202L/CCTS,
CSE,II Year,II/IV/CSE O,New Admin 102,FACULTY OF ENGINEERING AND TECHNOLOGY,THU,2,9:20-10:10,21CSC206T/AI,
CSE,II Year,II/IV/CSE O,New Admin 102,FACULTY OF ENGINEERING AND TECHNOLOGY,THU,3,10:20-11:10,21CSC204J/DAA,
CSE,II Year,II/IV/CSE O,New Admin 102,FACULTY OF ENGINEERING AND TECHNOLOGY,THU,4,11:10-12:00,21CSE253T/IoT,
CSE,II Year,II/IV/CSE O,New Admin 102,FACULTY OF ENGINEERING AND TECHNOLOGY,THU,5,12:40-1:30,21MAB204T/PQT,
CSE,II Year,II/IV/CSE O,New Admin 102,FACULTY OF ENGINEERING AND TECHNOLOGY,THU,6,1:30-2:20,,
CSE,II Year,II/IV/CSE O,New Admin 102,FACULTY OF ENGINEERING AND TECHNOLOGY,THU,7,2:20-3:05,,
CSE,II Year,II/IV/CSE O,New Admin 102,FACULTY OF ENGINEERING AND TECHNOLOGY,THU,8,3:05-3:50,,
CSE,II Year,II/IV/CSE O,New Admin 102,FACULTY OF ENGINEERING AND TECHNOLOGY,FRI,1,8:30-9:20,21CSE253T/IoT,
CSE,II Year,II/IV/CSE O,New Admin 102,FACULTY OF ENGINEERING AND TECHNOLOGY,FRI,2,9:20-10:10,21MAB204T/PQT,
CSE,II Year,II/IV/CSE O,New Admin 102,FACULTY OF ENGINEERING AND TECHNOLOGY,FRI,3,10:20-11:10,21PDH201T/SE,
CSE,II Year,II/IV/CSE O,New Admin 102,FACULTY OF ENGINEERING AND TECHNOLOGY,FRI,4,11:10-12:00,21LEM202T/UHV,
CSE,II Year,II/IV/CSE O,New Admin 102,FACULTY OF ENGINEERING AND TECHNOLOGY,FRI,5,12:40-1:30,,
CSE,II Year,II/IV/CSE O,New Admin 102,FACULTY OF ENGINEERING AND TECHNOLOGY,FRI,6,1:30-2:20,,
CSE,II Year,II/IV/CSE O,New Admin 102,FACULTY OF ENGINEERING AND TECHNOLOGY,FRI,7,2:20-3:05,,
CSE,II Year,II/IV/CSE O,New Admin 102,FACULTY OF ENGINEERING AND TECHNOLOGY,FRI,8,3:05-3:50,,
CSE,II Year,II/IV/CSE P,New Admin 103,FACULTY OF ENGINEERING AND TECHNOLOGY,MON,1,8:30-9:20,21CSC205P/DBMS,
CSE,II Year,II/IV/CSE P,New Admin 103,FACULTY OF ENGINEERING AND TECHNOLOGY,MON,2,9:20-10:10,21LEM202T/UHV,
CSE,II Year,II/IV/CSE P,New Admin 103,FACULTY OF ENGINEERING AND TECHNOLOGY,MON,3,10:20-11:10,21MAB204T/PQT,
CSE,II Year,II/IV/CSE P,New Admin 103,FACULTY OF ENGINEERING AND TECHNOLOGY,MON,4,11:10-12:00,21CSE253T/IoT,
CSE,II Year,II/IV/CSE P,New Admin 103,FACULTY OF ENGINEERING AND TECHNOLOGY,MON,5,12:40-1:30,21CSC206T/AI,
CSE,II Year,II/IV/CSE P,New Admin 103,FACULTY OF ENGINEERING AND TECHNOLOGY,MON,6,1:30-2:20,,
CSE,II Year,II/IV/CSE P,New Admin 103,FACULTY OF ENGINEERING AND TECHNOLOGY,MON,7,2:20-3:05,,
CSE,II Year,II/IV/CSE P,New Admin 103,FACULTY OF ENGINEERING AND TECHNOLOGY,MON,8,3:05-3:50,,
CSE,II Year,II/IV/CSE P,New Admin 103,FACULTY OF ENGINEERING AND TECHNOLOGY,TUE,1,8:30-9:20,21CSC204J/DAA,
CSE,II Year,II/IV/CSE P,New Admin 103,FACULTY OF ENGINEERING AND TECHNOLOGY,TUE,2,9:20-10:10,,
CSE,II Year,II/IV/CSE P,New Admin 103,FACULTY OF ENGINEERING AND TECHNOLOGY,TUE,3,10:20-11:10,21CSE253T/IoT,
CSE,II Year,II/IV/CSE P,New Admin 103,FACULTY OF ENGINEERING AND TECHNOLOGY,TUE,4,11:10-12:00,21CSC205P/DBMS,
CSE,II Year,II/IV/CSE P,New Admin 103,FACULTY OF ENGINEERING AND TECHNOLOGY,TUE,5,12:40-1:30,21MAB204T/PQT,
CSE,II Year,II/IV/CSE P,New Admin 103,FACULTY OF ENGINEERING AND TECHNOLOGY,TUE,6,1:30-2:20,21LEM202T/UHV,
CSE,II Year,II/IV/CSE P,New Admin 103,FACULTY OF ENGINEERING AND TECHNOLOGY,TUE,7,2:20-3:05,,
CSE,II Year,II/IV/CSE P,New Admin 103,FACULTY OF ENGINEERING AND TECHNOLOGY,TUE,8,3:05-3:50,,
CSE,II Year,II/IV/CSE P,New Admin 103,FACULTY OF ENGINEERING AND TECHNOLOGY,WED,1,8:30-9:20,21CSC206T/AI,
CSE,II Year,II/IV/CSE P,New Admin 103,FACULTY OF ENGINEERING AND TECHNOLOGY,WED,2,9:20-10:10,21LEM202T/UHV,
CSE,II Year,II/IV/CSE P,New Admin 103,FACULTY OF ENGINEERING AND TECHNOLOGY,WED,3,10:20-11:10,21MAB204T/PQT,
CSE,II Year,II/IV/CSE P,New Admin 103,FACULTY OF ENGINEERING AND TECHNOLOGY,WED,4,11:10-12:00,21CSC204J/DAA,
CSE,II Year,II/IV/CSE P,New Admin 103,FACULTY OF ENGINEERING AND TECHNOLOGY,WED,5,12:40-1:30,,
CSE,II Year,II/IV/CSE P,New Admin 103,FACULTY OF ENGINEERING AND TECHNOLOGY,WED,6,1:30-2:20,,
CSE,II Year,II/IV/CSE P,New Admin 103,FACULTY OF ENGINEERING AND TECHNOLOGY,WED,7,2:20-3:05,,
CSE,II Year,II/IV/CSE P,New Admin 103,FACULTY OF ENGINEERING AND TECHNOLOGY,WED,8,3:05-3:50,,
CSE,II Year,II/IV/CSE P,New Admin 103,FACULTY OF ENGINEERING AND TECHNOLOGY,THU,1,8:30-9:20,21CSC204J/DAA,
CSE,II Year,II/IV/CSE P,New Admin 103,FACULTY OF ENGINEERING AND TECHNOLOGY,THU,2,9:20-10:10,21MAB204T/PQT,
CSE,II Year,II/IV/CSE P,New Admin 103,FACULTY OF ENGINEERING AND TECHNOLOGY,THU,3,10:20-11:10,21CSC205P/DBMS,
CSE,II Year,II/IV/CSE P,New Admin 103,FACULTY OF ENGINEERING AND TECHNOLOGY,THU,4,11:10-12:00,,
CSE,II Year,II/IV/CSE P,New Admin 103,FACULTY OF ENGINEERING AND TECHNOLOGY,THU,5,12:40-1:30,21PDH201T/SE,
CSE,II Year,II/IV/CSE P,New Admin 103,FACULTY OF ENGINEERING AND TECHNOLOGY,THU,6,1:30-2:20,,
CSE,II Year,II/IV/CSE P,New Admin 103,FACULTY OF ENGINEERING AND TECHNOLOGY,THU,7,2:20-3:05,,
CSE,II Year,II/IV/CSE P,New Admin 103,FACULTY OF ENGINEERING AND TECHNOLOGY,THU,8,3:05-3:50,,
CSE,II Year,II/IV/CSE P,New Admin 103,FACULTY OF ENGINEERING AND TECHNOLOGY,FRI,1,8:30-9:20,21CSC206T/AI,
CSE,II Year,II/IV/CSE P,New Admin 103,FACULTY OF ENGINEERING AND TECHNOLOGY,FRI,2,9:20-10:10,21CSC204J/DAA,
CSE,II Year,II/IV/CSE P,New Admin 103,FACULTY OF ENGINEERING AND TECHNOLOGY,FRI,3,10:20-11:10,21PDM202L/CCTS,
CSE,II Year,II/IV/CSE P,New Admin 103,FACULTY OF ENGINEERING AND TECHNOLOGY,FRI,4,11:10-12:00,,
CSE,II Year,II/IV/CSE P,New Admin 103,FACULTY OF ENGINEERING AND TECHNOLOGY,FRI,5,12:40-1:30,21CSE253T/IoT,
CSE,II Year,II/IV/CSE P,New Admin 103,FACULTY OF ENGINEERING AND TECHNOLOGY,FRI,6,1:30-2:20,,
CSE,II Year,II/IV/CSE P,New Admin 103,FACULTY OF ENGINEERING AND TECHNOLOGY,FRI,7,2:20-3:05,,
CSE,II Year,II/IV/CSE P,New Admin 103,FACULTY OF ENGINEERING AND TECHNOLOGY,FRI,8,3:05-3:50,,
CSE,III Year,III/VI/A,BLOCK III- 604,FACULTY OF ENGINEERING AND TECHNOLOGY,MON,1,8:30-9:20,21CSC304J/CD,
CSE,III Year,III/VI/A,BLOCK III- 604,FACULTY OF ENGINEERING AND TECHNOLOGY,MON,2,9:20-10:10,21CSC303J/SEPM,
CSE,III Year,III/VI/A,BLOCK III- 604,FACULTY OF ENGINEERING AND TECHNOLOGY,MON,3,10:20-11:10,21CSE355T/DMA,
CSE,III Year,III/VI/A,BLOCK III- 604,FACULTY OF ENGINEERING AND TECHNOLOGY,MON,4,11:10-12:00,21CSE399T/AMC,
CSE,III Year,III/VI/A,BLOCK III- 604,FACULTY OF ENGINEERING AND TECHNOLOGY,MON,5,12:40-1:30,21ECO105T/FOO,
CSE,III Year,III/VI/A,BLOCK III- 604,FACULTY OF ENGINEERING AND TECHNOLOGY,MON,6,1:30-2:20,21LEM302T/ITK,
CSE,III Year,III/VI/A,BLOCK III- 604,FACULTY OF ENGINEERING AND TECHNOLOGY,MON,7,2:20-3:05,21PDM302L/ESP,
CSE,III Year,III/VI/A,BLOCK III- 604,FACULTY OF ENGINEERING AND TECHNOLOGY,MON,8,3:05-3:50,,
CSE,III Year,III/VI/A,BLOCK III- 604,FACULTY OF ENGINEERING AND TECHNOLOGY,TUE,1,8:30-9:20,,
CSE,III Year,III/VI/A,BLOCK III- 604,FACULTY OF ENGINEERING AND TECHNOLOGY,TUE,2,9:20-10:10,,
CSE,III Year,III/VI/A,BLOCK III- 604,FACULTY OF ENGINEERING AND TECHNOLOGY,TUE,3,10:20-11:10,,
CSE,III Year,III/VI/A,BLOCK III- 604,FACULTY OF ENGINEERING AND TECHNOLOGY,TUE,4,11:10-12:00,,
CSE,III Year,III/VI/A,BLOCK III- 604,FACULTY OF ENGINEERING AND TECHNOLOGY,TUE,5,12:40-1:30,21CSP302L/PROJECT,
CSE,III Year,III/VI/A,BLOCK III- 604,FACULTY OF ENGINEERING AND TECHNOLOGY,TUE,6,1:30-2:20,,
CSE,III Year,III/VI/A,BLOCK III- 604,FACULTY OF ENGINEERING AND TECHNOLOGY,TUE,7,2:20-3:05,21CSC304J/CD,
CSE,III Year,III/VI/A,BLOCK III- 604,FACULTY OF ENGINEERING AND TECHNOLOGY,TUE,8,3:05-3:50,,
CSE,III Year,III/VI/A,BLOCK III- 604,FACULTY OF ENGINEERING AND TECHNOLOGY,WED,1,8:30-9:20,21CSC303J/SEPM,
CSE,III Year,III/VI/A,BLOCK III- 604,FACULTY OF ENGINEERING AND TECHNOLOGY,WED,2,9:20-10:10,,
CSE,III Year,III/VI/A,BLOCK III- 604,FACULTY OF ENGINEERING AND TECHNOLOGY,WED,3,10:20-11:10,21CSP302L/PROJECT,
CSE,III Year,III/VI/A,BLOCK III- 604,FACULTY OF ENGINEERING AND TECHNOLOGY,WED,4,11:10-12:00,,
CSE,III Year,III/VI/A,BLOCK III- 604,FACULTY OF ENGINEERING AND TECHNOLOGY,WED,5,12:40-1:30,,
CSE,III Year,III/VI/A,BLOCK III- 604,FACULTY OF ENGINEERING AND TECHNOLOGY,WED,6,1:30-2:20,,
CSE,III Year,III/VI/A,BLOCK III- 604,FACULTY OF ENGINEERING AND TECHNOLOGY,WED,7,2:20-3:05,,
CSE,III Year,III/VI/A,BLOCK III- 604,FACULTY OF ENGINEERING AND TECHNOLOGY,WED,8,3:05-3:50,,
CSE,III Year,III/VI/A,BLOCK III- 604,FACULTY OF ENGINEERING AND TECHNOLOGY,THU,1,8:30-9:20,21CSE399T/AMC,
CSE,III Year,III/VI/A,BLOCK III- 604,FACULTY OF ENGINEERING AND TECHNOLOGY,THU,2,9:20-10:10,21CSC303J/SEPM,
CSE,III Year,III/VI/A,BLOCK III- 604,FACULTY OF ENGINEERING AND TECHNOLOGY,THU,3,10:20-11:10,21ECO105T/FOO,
CSE,III Year,III/VI/A,BLOCK III- 604,FACULTY OF ENGINEERING AND TECHNOLOGY,THU,4,11:10-12:00,21CSE355T/DMA,
CSE,III Year,III/VI/A,BLOCK III- 604,FACULTY OF ENGINEERING AND TECHNOLOGY,THU,5,12:40-1:30,21CSC304J/CD,
CSE,III Year,III/VI/A,BLOCK III- 604,FACULTY OF ENGINEERING AND TECHNOLOGY,THU,6,1:30-2:20,21CSS303T/DS,
CSE,III Year,III/VI/A,BLOCK III- 604,FACULTY OF ENGINEERING AND TECHNOLOGY,THU,7,2:20-3:05,,
CSE,III Year,III/VI/A,BLOCK III- 604,FACULTY OF ENGINEERING AND TECHNOLOGY,THU,8,3:05-3:50,,
CSE,III Year,III/VI/A,BLOCK III- 604,FACULTY OF ENGINEERING AND TECHNOLOGY,FRI,1,8:30-9:20,21CSS303T/DS,
CSE,III Year,III/VI/A,BLOCK III- 604,FACULTY OF ENGINEERING AND TECHNOLOGY,FRI,2,9:20-10:10,21CSE355T/DMA,
CSE,III Year,III/VI/A,BLOCK III- 604,FACULTY OF ENGINEERING AND TECHNOLOGY,FRI,3,10:20-11:10,21CSP302L/PROJECT,
CSE,III Year,III/VI/A,BLOCK III- 604,FACULTY OF ENGINEERING AND TECHNOLOGY,FRI,4,11:10-12:00,,
CSE,III Year,III/VI/A,BLOCK III- 604,FACULTY OF ENGINEERING AND TECHNOLOGY,FRI,5,12:40-1:30,21CSE399T/AMC,
CSE,III Year,III/VI/A,BLOCK III- 604,FACULTY OF ENGINEERING AND TECHNOLOGY,FRI,6,1:30-2:20,21ECO105T/FOO,
CSE,III Year,III/VI/A,BLOCK III- 604,FACULTY OF ENGINEERING AND TECHNOLOGY,FRI,7,2:20-3:05,,
CSE,III Year,III/VI/A,BLOCK III- 604,FACULTY OF ENGINEERING AND TECHNOLOGY,FRI,8,3:05-3:50,,
CSE,III Year,III/VI/B,BLOCK III- 604,FACULTY OF ENGINEERING AND TECHNOLOGY,MON,1,8:30-9:20,21CSC303J/SEPM,
CSE,III Year,III/VI/B,BLOCK III- 604,FACULTY OF ENGINEERING AND TECHNOLOGY,MON,2,9:20-10:10,21CSP302L/PROJECT,
CSE,III Year,III/VI/B,BLOCK III- 604,FACULTY OF ENGINEERING AND TECHNOLOGY,MON,3,10:20-11:10,,
CSE,III Year,III/VI/B,BLOCK III- 604,FACULTY OF ENGINEERING AND TECHNOLOGY,MON,4,11:10-12:00,,
CSE,III Year,III/VI/B,BLOCK III- 604,FACULTY OF ENGINEERING AND TECHNOLOGY,MON,5,12:40-1:30,,
CSE,III Year,III/VI/B,BLOCK III- 604,FACULTY OF ENGINEERING AND TECHNOLOGY,MON,6,1:30-2:20,,
CSE,III Year,III/VI/B,BLOCK III- 604,FACULTY OF ENGINEERING AND TECHNOLOGY,MON,7,2:20-3:05,,
CSE,III Year,III/VI/B,BLOCK III- 604,FACULTY OF ENGINEERING AND TECHNOLOGY,MON,8,3:05-3:50,,
CSE,III Year,III/VI/B,BLOCK III- 604,FACULTY OF ENGINEERING AND TECHNOLOGY,TUE,1,8:30-9:20,21CSE399T/AMC,
CSE,III Year,III/VI/B,BLOCK III- 604,FACULTY OF ENGINEERING AND TECHNOLOGY,TUE,2,9:20-10:10,21CSE355T/DMA,
CSE,III Year,III/VI/B,BLOCK III- 604,FACULTY OF ENGINEERING AND TECHNOLOGY,TUE,3,10:20-11:10,21PDM302L/ESP,
CSE,III Year,III/VI/B,BLOCK III- 604,FACULTY OF ENGINEERING AND TECHNOLOGY,TUE,4,11:10-12:00,21ECO105T/FOO,
CSE,III Year,III/VI/B,BLOCK III- 604,FACULTY OF ENGINEERING AND TECHNOLOGY,TUE,5,12:40-1:30,21LEM302T/ITK,
CSE,III Year,III/VI/B,BLOCK III- 604,FACULTY OF ENGINEERING AND TECHNOLOGY,TUE,6,1:30-2:20,,
CSE,III Year,III/VI/B,BLOCK III- 604,FACULTY OF ENGINEERING AND TECHNOLOGY,TUE,7,2:20-3:05,,
CSE,III Year,III/VI/B,BLOCK III- 604,FACULTY OF ENGINEERING AND TECHNOLOGY,TUE,8,3:05-3:50,,
CSE,III Year,III/VI/B,BLOCK III- 604,FACULTY OF ENGINEERING AND TECHNOLOGY,WED,1,8:30-9:20,21CSS303T/DS,
CSE,III Year,III/VI/B,BLOCK III- 604,FACULTY OF ENGINEERING AND TECHNOLOGY,WED,2,9:20-10:10,21CSC304J/CD,
CSE,III Year,III/VI/B,BLOCK III- 604,FACULTY OF ENGINEERING AND TECHNOLOGY,WED,3,10:20-11:10,21ECO105T/FOO,
CSE,III Year,III/VI/B,BLOCK III- 604,FACULTY OF ENGINEERING AND TECHNOLOGY,WED,4,11:10-12:00,21CSC303J/SEPM,
CSE,III Year,III/VI/B,BLOCK III- 604,FACULTY OF ENGINEERING AND TECHNOLOGY,WED,5,12:40-1:30,21CSE355T/DMA,
CSE,III Year,III/VI/B,BLOCK III- 604,FACULTY OF ENGINEERING AND TECHNOLOGY,WED,6,1:30-2:20,,
CSE,III Year,III/VI/B,BLOCK III- 604,FACULTY OF ENGINEERING AND TECHNOLOGY,WED,7,2:20-3:05,,
CSE,III Year,III/VI/B,BLOCK III- 604,FACULTY OF ENGINEERING AND TECHNOLOGY,WED,8,3:05-3:50,,
CSE,III Year,III/VI/B,BLOCK III- 604,FACULTY OF ENGINEERING AND TECHNOLOGY,THU,1,8:30-9:20,21CSC304J/CD,
CSE,III Year,III/VI/B,BLOCK III- 604,FACULTY OF ENGINEERING AND TECHNOLOGY,THU,2,9:20-10:10,,
CSE,III Year,III/VI/B,BLOCK III- 604,FACULTY OF ENGINEERING AND TECHNOLOGY,THU,3,10:20-11:10,,
CSE,III Year,III/VI/B,BLOCK III- 604,FACULTY OF ENGINEERING AND TECHNOLOGY,THU,4,11:10-12:00,,
CSE,III Year,III/VI/B,BLOCK III- 604,FACULTY OF ENGINEERING AND TECHNOLOGY,THU,5,12:40-1:30,,
CSE,III Year,III/VI/B,BLOCK III- 604,FACULTY OF ENGINEERING AND TECHNOLOGY,THU,6,1:30-2:20,,
CSE,III Year,III/VI/B,BLOCK III- 604,FACULTY OF ENGINEERING AND TECHNOLOGY,THU,7,2:20-3:05,,
CSE,III Year,III/VI/B,BLOCK III- 604,FACULTY OF ENGINEERING AND TECHNOLOGY,THU,8,3:05-3:50,,
CSE,III Year,III/VI/B,BLOCK III- 604,FACULTY OF ENGINEERING AND TECHNOLOGY,FRI,1,8:30-9:20,21CSE355T/DMA,
CSE,III Year,III/VI/B,BLOCK III- 604,FACULTY OF ENGINEERING AND TECHNOLOGY,FRI,2,9:20-10:10,21CSE399T/AMC,
CSE,III Year,III/VI/B,BLOCK III- 604,FACULTY OF ENGINEERING AND TECHNOLOGY,FRI,3,10:20-11:10,21ECO105T/FOO,
CSE,III Year,III/VI/B,BLOCK III- 604,FACULTY OF ENGINEERING AND TECHNOLOGY,FRI,4,11:10-12:00,21CSC303J/SEPM,
CSE,III Year,III/VI/B,BLOCK III- 604,FACULTY OF ENGINEERING AND TECHNOLOGY,FRI,5,12:40-1:30,21CSC304J/CD,
CSE,III Year,III/VI/B,BLOCK III- 604,FACULTY OF ENGINEERING AND TECHNOLOGY,FRI,6,1:30-2:20,21CSS303T/DS,
CSE,III Year,III/VI/B,BLOCK III- 604,FACULTY OF ENGINEERING AND TECHNOLOGY,FRI,7,2:20-3:05,,
CSE,III Year,III/VI/B,BLOCK III- 604,FACULTY OF ENGINEERING AND TECHNOLOGY,FRI,8,3:05-3:50,,
CSE,III Year,III/VI/C,BLOCK III- 605,FACULTY OF ENGINEERING AND TECHNOLOGY,MON,1,8:30-9:20,21CSC304J/CD,
CSE,III Year,III/VI/C,BLOCK III- 605,FACULTY OF ENGINEERING AND TECHNOLOGY,MON,2,9:20-10:10,21CSC303J/SEPM,
CSE,III Year,III/VI/C,BLOCK III- 605,FACULTY OF ENGINEERING AND TECHNOLOGY,MON,3,10:20-11:10,21CSE355T/DMA,
CSE,III Year,III/VI/C,BLOCK III- 605,FACULTY OF ENGINEERING AND TECHNOLOGY,MON,4,11:10-12:00,21CSS303T/DS,
CSE,III Year,III/VI/C,BLOCK III- 605,FACULTY OF ENGINEERING AND TECHNOLOGY,MON,5,12:40-1:30,21CSE399T/AMC,
CSE,III Year,III/VI/C,BLOCK III- 605,FACULTY OF ENGINEERING AND TECHNOLOGY,MON,6,1:30-2:20,21ECO105T/FOO,
CSE,III Year,III/VI/C,BLOCK III- 605,FACULTY OF ENGINEERING AND TECHNOLOGY,MON,7,2:20-3:05,,
CSE,III Year,III/VI/C,BLOCK III- 605,FACULTY OF ENGINEERING AND TECHNOLOGY,MON,8,3:05-3:50,,
CSE,III Year,III/VI/C,BLOCK III- 605,FACULTY OF ENGINEERING AND TECHNOLOGY,TUE,1,8:30-9:20,21CSC303J/SEPM,
CSE,III Year,III/VI/C,BLOCK III- 605,FACULTY OF ENGINEERING AND TECHNOLOGY,TUE,2,9:20-10:10,,
CSE,III Year,III/VI/C,BLOCK III- 605,FACULTY OF ENGINEERING AND TECHNOLOGY,TUE,3,10:20-11:10,21CSP302L/PROJECT,
CSE,III Year,III/VI/C,BLOCK III- 605,FACULTY OF ENGINEERING AND TECHNOLOGY,TUE,4,11:10-12:00,,
CSE,III Year,III/VI/C,BLOCK III- 605,FACULTY OF ENGINEERING AND TECHNOLOGY,TUE,5,12:40-1:30,,
CSE,III Year,III/VI/C,BLOCK III- 605,FACULTY OF ENGINEERING AND TECHNOLOGY,TUE,6,1:30-2:20,,
CSE,III Year,III/VI/C,BLOCK III- 605,FACULTY OF ENGINEERING AND TECHNOLOGY,TUE,7,2:20-3:05,,
CSE,III Year,III/VI/C,BLOCK III- 605,FACULTY OF ENGINEERING AND TECHNOLOGY,TUE,8,3:05-3:50,,
CSE,III Year,III/VI/C,BLOCK III- 605,FACULTY OF ENGINEERING AND TECHNOLOGY,WED,1,8:30-9:20,21CSE355T/DMA,
CSE,III Year,III/VI/C,BLOCK III- 605,FACULTY OF ENGINEERING AND TECHNOLOGY,WED,2,9:20-10:10,21CSE399T/AMC,
CSE,III Year,III/VI/C,BLOCK III- 605,FACULTY OF ENGINEERING AND TECHNOLOGY,WED,3,10:20-11:10,21CSC303J/SEPM,
CSE,III Year,III/VI/C,BLOCK III- 605,FACULTY OF ENGINEERING AND TECHNOLOGY,WED,4,11:10-12:00,21CSS303T/DS,
CSE,III Year,III/VI/C,BLOCK III- 605,FACULTY OF ENGINEERING AND TECHNOLOGY,WED,5,12:40-1:30,,
CSE,III Year,III/VI/C,BLOCK III- 605,FACULTY OF ENGINEERING AND TECHNOLOGY,WED,6,1:30-2:20,21ECO105T/FOO,
CSE,III Year,III/VI/C,BLOCK III- 605,FACULTY OF ENGINEERING AND TECHNOLOGY,WED,7,2:20-3:05,21CSP302L/PROJECT,
CSE,III Year,III/VI/C,BLOCK III- 605,FACULTY OF ENGINEERING AND TECHNOLOGY,WED,8,3:05-3:50,,
CSE,III Year,III/VI/C,BLOCK III- 605,FACULTY OF ENGINEERING AND TECHNOLOGY,THU,1,8:30-9:20,21ECO105T/FOO,
CSE,III Year,III/VI/C,BLOCK III- 605,FACULTY OF ENGINEERING AND TECHNOLOGY,THU,2,9:20-10:10,21LEM302T/ITK,
CSE,III Year,III/VI/C,BLOCK III- 605,FACULTY OF ENGINEERING AND TECHNOLOGY,THU,3,10:20-11:10,21PDM302L/ESP,
CSE,III Year,III/VI/C,BLOCK III- 605,FACULTY OF ENGINEERING AND TECHNOLOGY,THU,4,11:10-12:00,,
CSE,III Year,III/VI/C,BLOCK III- 605,FACULTY OF ENGINEERING AND TECHNOLOGY,THU,5,12:40-1:30,21CSC304J/CD,
CSE,III Year,III/VI/C,BLOCK III- 605,FACULTY OF ENGINEERING AND TECHNOLOGY,THU,6,1:30-2:20,21CSE355T/DMA,
CSE,III Year,III/VI/C,BLOCK III- 605,FACULTY OF ENGINEERING AND TECHNOLOGY,THU,7,2:20-3:05,21CSE399T/AMC,
CSE,III Year,III/VI/C,BLOCK III- 605,FACULTY OF ENGINEERING AND TECHNOLOGY,THU,8,3:05-3:50,,
CSE,III Year,III/VI/C,BLOCK III- 605,FACULTY OF ENGINEERING AND TECHNOLOGY,FRI,1,8:30-9:20,,
CSE,III Year,III/VI/C,BLOCK III- 605,FACULTY OF ENGINEERING AND TECHNOLOGY,FRI,2,9:20-10:10,,
CSE,III Year,III/VI/C,BLOCK III- 605,FACULTY OF ENGINEERING AND TECHNOLOGY,FRI,3,10:20-11:10,,
CSE,III Year,III/VI/C,BLOCK III- 605,FACULTY OF ENGINEERING AND TECHNOLOGY,FRI,4,11:10-12:00,,
CSE,III Year,III/VI/C,BLOCK III- 605,FACULTY OF ENGINEERING AND TECHNOLOGY,FRI,5,12:40-1:30,21CSC304J/CD,
CSE,III Year,III/VI/C,BLOCK III- 605,FACULTY OF ENGINEERING AND TECHNOLOGY,FRI,6,1:30-2:20,,
CSE,III Year,III/VI/C,BLOCK III- 605,FACULTY OF ENGINEERING AND TECHNOLOGY,FRI,7,2:20-3:05,21CSP302L/PROJECT,
CSE,III Year,III/VI/C,BLOCK III- 605,FACULTY OF ENGINEERING AND TECHNOLOGY,FRI,8,3:05-3:50,,
CSE,III Year,III/VI/D,BLOCK III- 605,FACULTY OF ENGINEERING AND TECHNOLOGY,MON,1,8:30-9:20,21CSC304J/CD,
CSE,III Year,III/VI/D,BLOCK III- 605,FACULTY OF ENGINEERING AND TECHNOLOGY,MON,2,9:20-10:10,21ECO105T/FOO,
CSE,III Year,III/VI/D,BLOCK III- 605,FACULTY OF ENGINEERING AND TECHNOLOGY,MON,3,10:20-11:10,21CSE356T/NLP,
CSE,III Year,III/VI/D,BLOCK III- 605,FACULTY OF ENGINEERING AND TECHNOLOGY,MON,4,11:10-12:00,21CSE355T/DMA,
CSE,III Year,III/VI/D,BLOCK III- 605,FACULTY OF ENGINEERING AND TECHNOLOGY,MON,5,12:40-1:30,21PDM302L/ESP,
CSE,III Year,III/VI/D,BLOCK III- 605,FACULTY OF ENGINEERING AND TECHNOLOGY,MON,6,1:30-2:20,,
CSE,III Year,III/VI/D,BLOCK III- 605,FACULTY OF ENGINEERING AND TECHNOLOGY,MON,7,2:20-3:05,,
CSE,III Year,III/VI/D,BLOCK III- 605,FACULTY OF ENGINEERING AND TECHNOLOGY,MON,8,3:05-3:50,,
CSE,III Year,III/VI/D,BLOCK III- 605,FACULTY OF ENGINEERING AND TECHNOLOGY,TUE,1,8:30-9:20,,
CSE,III Year,III/VI/D,BLOCK III- 605,FACULTY OF ENGINEERING AND TECHNOLOGY,TUE,2,9:20-10:10,,
CSE,III Year,III/VI/D,BLOCK III- 605,FACULTY OF ENGINEERING AND TECHNOLOGY,TUE,3,10:20-11:10,,
CSE,III Year,III/VI/D,BLOCK III- 605,FACULTY OF ENGINEERING AND TECHNOLOGY,TUE,4,11:10-12:00,,
CSE,III Year,III/VI/D,BLOCK III- 605,FACULTY OF ENGINEERING AND TECHNOLOGY,TUE,5,12:40-1:30,21CSC304J/CD,
CSE,III Year,III/VI/D,BLOCK III- 605,FACULTY OF ENGINEERING AND TECHNOLOGY,TUE,6,1:30-2:20,,
CSE,III Year,III/VI/D,BLOCK III- 605,FACULTY OF ENGINEERING AND TECHNOLOGY,TUE,7,2:20-3:05,21CSP302L/PROJECT,
CSE,III Year,III/VI/D,BLOCK III- 605,FACULTY OF ENGINEERING AND TECHNOLOGY,TUE,8,3:05-3:50,,
CSE,III Year,III/VI/D,BLOCK III- 605,FACULTY OF ENGINEERING AND TECHNOLOGY,WED,1,8:30-9:20,21CSS303T/DS,
CSE,III Year,III/VI/D,BLOCK III- 605,FACULTY OF ENGINEERING AND TECHNOLOGY,WED,2,9:20-10:10,21CSC304J/CD,
CSE,III Year,III/VI/D,BLOCK III- 605,FACULTY OF ENGINEERING AND TECHNOLOGY,WED,3,10:20-11:10,21CSE356T/NLP,
CSE,III Year,III/VI/D,BLOCK III- 605,FACULTY OF ENGINEERING AND TECHNOLOGY,WED,4,11:10-12:00,21CSC303J/SEPM,
CSE,III Year,III/VI/D,BLOCK III- 605,FACULTY OF ENGINEERING AND TECHNOLOGY,WED,5,12:40-1:30,,
CSE,III Year,III/VI/D,BLOCK III- 605,FACULTY OF ENGINEERING AND TECHNOLOGY,WED,6,1:30-2:20,21CSE355T/DMA,
CSE,III Year,III/VI/D,BLOCK III- 605,FACULTY OF ENGINEERING AND TECHNOLOGY,WED,7,2:20-3:05,21ECO105T/FOO,
CSE,III Year,III/VI/D,BLOCK III- 605,FACULTY OF ENGINEERING AND TECHNOLOGY,WED,8,3:05-3:50,,
CSE,III Year,III/VI/D,BLOCK III- 605,FACULTY OF ENGINEERING AND TECHNOLOGY,THU,1,8:30-9:20,21CSC303J/SEPM,
CSE,III Year,III/VI/D,BLOCK III- 605,FACULTY OF ENGINEERING AND TECHNOLOGY,THU,2,9:20-10:10,,
CSE,III Year,III/VI/D,BLOCK III- 605,FACULTY OF ENGINEERING AND TECHNOLOGY,THU,3,10:20-11:10,21CSP302L/PROJECT,
CSE,III Year,III/VI/D,BLOCK III- 605,FACULTY OF ENGINEERING AND TECHNOLOGY,THU,4,11:10-12:00,,
CSE,III Year,III/VI/D,BLOCK III- 605,FACULTY OF ENGINEERING AND TECHNOLOGY,THU,5,12:40-1:30,,
CSE,III Year,III/VI/D,BLOCK III- 605,FACULTY OF ENGINEERING AND TECHNOLOGY,THU,6,1:30-2:20,,
CSE,III Year,III/VI/D,BLOCK III- 605,FACULTY OF ENGINEERING AND TECHNOLOGY,THU,7,2:20-3:05,,
CSE,III Year,III/VI/D,BLOCK III- 605,FACULTY OF ENGINEERING AND TECHNOLOGY,THU,8,3:05-3:50,,
CSE,III Year,III/VI/D,BLOCK III- 605,FACULTY OF ENGINEERING AND TECHNOLOGY,FRI,1,8:30-9:20,21CSE355T/DMA,
CSE,III Year,III/VI/D,BLOCK III- 605,FACULTY OF ENGINEERING AND TECHNOLOGY,FRI,2,9:20-10:10,21CSS303T/DS,
CSE,III Year,III/VI/D,BLOCK III- 605,FACULTY OF ENGINEERING AND TECHNOLOGY,FRI,3,10:20-11:10,21CSE356T/NLP,
CSE,III Year,III/VI/D,BLOCK III- 605,FACULTY OF ENGINEERING AND TECHNOLOGY,FRI,4,11:10-12:00,21CSC303J/SEPM,
CSE,III Year,III/VI/D,BLOCK III- 605,FACULTY OF ENGINEERING AND TECHNOLOGY,FRI,5,12:40-1:30,21ECO105T/FOO,
CSE,III Year,III/VI/D,BLOCK III- 605,FACULTY OF ENGINEERING AND TECHNOLOGY,FRI,6,1:30-2:20,21LEM302T/ITK,
CSE,III Year,III/VI/D,BLOCK III- 605,FACULTY OF ENGINEERING AND TECHNOLOGY,FRI,7,2:20-3:05,21CSP302L/PROJECT,
CSE,III Year,III/VI/D,BLOCK III- 605,FACULTY OF ENGINEERING AND TECHNOLOGY,FRI,8,3:05-3:50,,
CSE,III Year,III/VI/E,BLOCK III-606,FACULTY OF ENGINEERING AND TECHNOLOGY,MON,1,8:30-9:20,21CSC304J/CD,
CSE,III Year,III/VI/E,BLOCK III-606,FACULTY OF ENGINEERING AND TECHNOLOGY,MON,2,9:20-10:10,21CSC303J/SEPM,
CSE,III Year,III/VI/E,BLOCK III-606,FACULTY OF ENGINEERING AND TECHNOLOGY,MON,3,10:20-11:10,21CSE355T/DMA,
CSE,III Year,III/VI/E,BLOCK III-606,FACULTY OF ENGINEERING AND TECHNOLOGY,MON,4,11:10-12:00,21ECO105T/FOO,
CSE,III Year,III/VI/E,BLOCK III-606,FACULTY OF ENGINEERING AND TECHNOLOGY,MON,5,12:40-1:30,21CSC304J/CD,
CSE,III Year,III/VI/E,BLOCK III-606,FACULTY OF ENGINEERING AND TECHNOLOGY,MON,6,1:30-2:20,,
CSE,III Year,III/VI/E,BLOCK III-606,FACULTY OF ENGINEERING AND TECHNOLOGY,MON,7,2:20-3:05,21CSP302L/PROJECT,
CSE,III Year,III/VI/E,BLOCK III-606,FACULTY OF ENGINEERING AND TECHNOLOGY,MON,8,3:05-3:50,,
CSE,III Year,III/VI/E,BLOCK III-606,FACULTY OF ENGINEERING AND TECHNOLOGY,TUE,1,8:30-9:20,21PDM302L/ESP,
CSE,III Year,III/VI/E,BLOCK III-606,FACULTY OF ENGINEERING AND TECHNOLOGY,TUE,2,9:20-10:10,,
CSE,III Year,III/VI/E,BLOCK III-606,FACULTY OF ENGINEERING AND TECHNOLOGY,TUE,3,10:20-11:10,21CSS303T/DS,
CSE,III Year,III/VI/E,BLOCK III-606,FACULTY OF ENGINEERING AND TECHNOLOGY,TUE,4,11:10-12:00,21CSE356T/NLP,
CSE,III Year,III/VI/E,BLOCK III-606,FACULTY OF ENGINEERING AND TECHNOLOGY,TUE,5,12:40-1:30,21ECO105T/FOO,
CSE,III Year,III/VI/E,BLOCK III-606,FACULTY OF ENGINEERING AND TECHNOLOGY,TUE,6,1:30-2:20,21LEM302T/ITK,
CSE,III Year,III/VI/E,BLOCK III-606,FACULTY OF ENGINEERING AND TECHNOLOGY,TUE,7,2:20-3:05,,
CSE,III Year,III/VI/E,BLOCK III-606,FACULTY OF ENGINEERING AND TECHNOLOGY,TUE,8,3:05-3:50,,
CSE,III Year,III/VI/E,BLOCK III-606,FACULTY OF ENGINEERING AND TECHNOLOGY,WED,1,8:30-9:20,21CSE355T/DMA,
CSE,III Year,III/VI/E,BLOCK III-606,FACULTY OF ENGINEERING AND TECHNOLOGY,WED,2,9:20-10:10,21CSE356T/NLP,
CSE,III Year,III/VI/E,BLOCK III-606,FACULTY OF ENGINEERING AND TECHNOLOGY,WED,3,10:20-11:10,21CSC304J/CD,
CSE,III Year,III/VI/E,BLOCK III-606,FACULTY OF ENGINEERING AND TECHNOLOGY,WED,4,11:10-12:00,21CSC303J/SEPM,
CSE,III Year,III/VI/E,BLOCK III-606,FACULTY OF ENGINEERING AND TECHNOLOGY,WED,5,12:40-1:30,,
CSE,III Year,III/VI/E,BLOCK III-606,FACULTY OF ENGINEERING AND TECHNOLOGY,WED,6,1:30-2:20,,
CSE,III Year,III/VI/E,BLOCK III-606,FACULTY OF ENGINEERING AND TECHNOLOGY,WED,7,2:20-3:05,,
CSE,III Year,III/VI/E,BLOCK III-606,FACULTY OF ENGINEERING AND TECHNOLOGY,WED,8,3:05-3:50,,
CSE,III Year,III/VI/E,BLOCK III-606,FACULTY OF ENGINEERING AND TECHNOLOGY,THU,1,8:30-9:20,21ECO105T/FOO,
CSE,III Year,III/VI/E,BLOCK III-606,FACULTY OF ENGINEERING AND TECHNOLOGY,THU,2,9:20-10:10,21CSE355T/DMA,
CSE,III Year,III/VI/E,BLOCK III-606,FACULTY OF ENGINEERING AND TECHNOLOGY,THU,3,10:20-11:10,21CSE356T/NLP,
CSE,III Year,III/VI/E,BLOCK III-606,FACULTY OF ENGINEERING AND TECHNOLOGY,THU,4,11:10-12:00,21CSS303T/DS,
CSE,III Year,III/VI/E,BLOCK III-606,FACULTY OF ENGINEERING AND TECHNOLOGY,THU,5,12:40-1:30,21CSP302L/PROJECT,
CSE,III Year,III/VI/E,BLOCK III-606,FACULTY OF ENGINEERING AND TECHNOLOGY,THU,6,1:30-2:20,,
CSE,III Year,III/VI/E,BLOCK III-606,FACULTY OF ENGINEERING AND TECHNOLOGY,THU,7,2:20-3:05,,
CSE,III Year,III/VI/E,BLOCK III-606,FACULTY OF ENGINEERING AND TECHNOLOGY,THU,8,3:05-3:50,,
CSE,III Year,III/VI/E,BLOCK III-606,FACULTY OF ENGINEERING AND TECHNOLOGY,FRI,1,8:30-9:20,21CSC303J/SEPM,
CSE,III Year,III/VI/E,BLOCK III-606,FACULTY OF ENGINEERING AND TECHNOLOGY,FRI,2,9:20-10:10,,
CSE,III Year,III/VI/E,BLOCK III-606,FACULTY OF ENGINEERING AND TECHNOLOGY,FRI,3,10:20-11:10,21CSP302L/PROJECT,
CSE,III Year,III/VI/E,BLOCK III-606,FACULTY OF ENGINEERING AND TECHNOLOGY,FRI,4,11:10-12:00,,
CSE,III Year,III/VI/E,BLOCK III-606,FACULTY OF ENGINEERING AND TECHNOLOGY,FRI,5,12:40-1:30,,
CSE,III Year,III/VI/E,BLOCK III-606,FACULTY OF ENGINEERING AND TECHNOLOGY,FRI,6,1:30-2:20,,
CSE,III Year,III/VI/E,BLOCK III-606,FACULTY OF ENGINEERING AND TECHNOLOGY,FRI,7,2:20-3:05,,
CSE,III Year,III/VI/E,BLOCK III-606,FACULTY OF ENGINEERING AND TECHNOLOGY,FRI,8,3:05-3:50,,
CSE,III Year,III/VI/F,BLOCK III-606,FACULTY OF ENGINEERING AND TECHNOLOGY,MON,1,8:30-9:20,21CSC303J/SEPM,
CSE,III Year,III/VI/F,BLOCK III-606,FACULTY OF ENGINEERING AND TECHNOLOGY,MON,2,9:20-10:10,21CSC304J/CD,
CSE,III Year,III/VI/F,BLOCK III-606,FACULTY OF ENGINEERING AND TECHNOLOGY,MON,3,10:20-11:10,21CSE355T/DMA,
CSE,III Year,III/VI/F,BLOCK III-606,FACULTY OF ENGINEERING AND TECHNOLOGY,MON,4,11:10-12:00,21CSS303T/DS,
CSE,III Year,III/VI/F,BLOCK III-606,FACULTY OF ENGINEERING AND TECHNOLOGY,MON,5,12:40-1:30,21CSE356T/NLP,
CSE,III Year,III/VI/F,BLOCK III-606,FACULTY OF ENGINEERING AND TECHNOLOGY,MON,6,1:30-2:20,21ECO105T/FOO,
CSE,III Year,III/VI/F,BLOCK III-606,FACULTY OF ENGINEERING AND TECHNOLOGY,MON,7,2:20-3:05,21LEM302T/ITK,
CSE,III Year,III/VI/F,BLOCK III-606,FACULTY OF ENGINEERING AND TECHNOLOGY,MON,8,3:05-3:50,,
CSE,III Year,III/VI/F,BLOCK III-606,FACULTY OF ENGINEERING AND TECHNOLOGY,TUE,1,8:30-9:20,,
CSE,III Year,III/VI/F,BLOCK III-606,FACULTY OF ENGINEERING AND TECHNOLOGY,TUE,2,9:20-10:10,,
CSE,III Year,III/VI/F,BLOCK III-606,FACULTY OF ENGINEERING AND TECHNOLOGY,TUE,3,10:20-11:10,,
CSE,III Year,III/VI/F,BLOCK III-606,FACULTY OF ENGINEERING AND TECHNOLOGY,TUE,4,11:10-12:00,,
CSE,III Year,III/VI/F,BLOCK III-606,FACULTY OF ENGINEERING AND TECHNOLOGY,TUE,5,12:40-1:30,21CSC303J/SEPM,
CSE,III Year,III/VI/F,BLOCK III-606,FACULTY OF ENGINEERING AND TECHNOLOGY,TUE,6,1:30-2:20,,
CSE,III Year,III/VI/F,BLOCK III-606,FACULTY OF ENGINEERING AND TECHNOLOGY,TUE,7,2:20-3:05,21CSP302L/PROJECT,
CSE,III Year,III/VI/F,BLOCK III-606,FACULTY OF ENGINEERING AND TECHNOLOGY,TUE,8,3:05-3:50,,
CSE,III Year,III/VI/F,BLOCK III-606,FACULTY OF ENGINEERING AND TECHNOLOGY,WED,1,8:30-9:20,21CSC304J/CD,
CSE,III Year,III/VI/F,BLOCK III-606,FACULTY OF ENGINEERING AND TECHNOLOGY,WED,2,9:20-10:10,,
CSE,III Year,III/VI/F,BLOCK III-606,FACULTY OF ENGINEERING AND TECHNOLOGY,WED,3,10:20-11:10,21CSP302L/PROJECT,
CSE,III Year,III/VI/F,BLOCK III-606,FACULTY OF ENGINEERING AND TECHNOLOGY,WED,4,11:10-12:00,,
CSE,III Year,III/VI/F,BLOCK III-606,FACULTY OF ENGINEERING AND TECHNOLOGY,WED,5,12:40-1:30,,
CSE,III Year,III/VI/F,BLOCK III-606,FACULTY OF ENGINEERING AND TECHNOLOGY,WED,6,1:30-2:20,,
CSE,III Year,III/VI/F,BLOCK III-606,FACULTY OF ENGINEERING AND TECHNOLOGY,WED,7,2:20-3:05,,
CSE,III Year,III/VI/F,BLOCK III-606,FACULTY OF ENGINEERING AND TECHNOLOGY,WED,8,3:05-3:50,,
CSE,III Year,III/VI/F,BLOCK III-606,FACULTY OF ENGINEERING AND TECHNOLOGY,THU,1,8:30-9:20,21PDM302L/ESP,
CSE,III Year,III/VI/F,BLOCK III-606,FACULTY OF ENGINEERING AND TECHNOLOGY,THU,2,9:20-10:10,,
CSE,III Year,III/VI/F,BLOCK III-606,FACULTY OF ENGINEERING AND TECHNOLOGY,THU,3,10:20-11:10,21CSE356T/NLP,
CSE,III Year,III/VI/F,BLOCK III-606,FACULTY OF ENGINEERING AND TECHNOLOGY,THU,4,11:10-12:00,21ECO105T/FOO,
CSE,III Year,III/VI/F,BLOCK III-606,FACULTY OF ENGINEERING AND TECHNOLOGY,THU,5,12:40-1:30,21CSE355T/DMA,
CSE,III Year,III/VI/F,BLOCK III-606,FACULTY OF ENGINEERING AND TECHNOLOGY,THU,6,1:30-2:20,21CSC303J/SEPM,
CSE,III Year,III/VI/F,BLOCK III-606,FACULTY OF ENGINEERING AND TECHNOLOGY,THU,7,2:20-3:05,21CSP302L/PROJECT,
CSE,III Year,III/VI/F,BLOCK III-606,FACULTY OF ENGINEERING AND TECHNOLOGY,THU,8,3:05-3:50,,
CSE,III Year,III/VI/F,BLOCK III-606,FACULTY OF ENGINEERING AND TECHNOLOGY,FRI,1,8:30-9:20,21CSS303T/DS,
CSE,III Year,III/VI/F,BLOCK III-606,FACULTY OF ENGINEERING AND TECHNOLOGY,FRI,2,9:20-10:10,21CSE355T/DMA,
CSE,III Year,III/VI/F,BLOCK III-606,FACULTY OF ENGINEERING AND TECHNOLOGY,FRI,3,10:20-11:10,21CSC304J/CD,
CSE,III Year,III/VI/F,BLOCK III-606,FACULTY OF ENGINEERING AND TECHNOLOGY,FRI,4,11:10-12:00,21CSE356T/NLP,
CSE,III Year,III/VI/F,BLOCK III-606,FACULTY OF ENGINEERING AND TECHNOLOGY,FRI,5,12:40-1:30,21ECO105T/FOO,
CSE,III Year,III/VI/F,BLOCK III-606,FACULTY OF ENGINEERING AND TECHNOLOGY,FRI,6,1:30-2:20,,
CSE,III Year,III/VI/F,BLOCK III-606,FACULTY OF ENGINEERING AND TECHNOLOGY,FRI,7,2:20-3:05,,
CSE,III Year,III/VI/F,BLOCK III-606,FACULTY OF ENGINEERING AND TECHNOLOGY,FRI,8,3:05-3:50,,
CSE,III Year,III/VI/G,BLOCK III-607,FACULTY OF ENGINEERING AND TECHNOLOGY,MON,1,8:30-9:20,21CSC304J/CD,
CSE,III Year,III/VI/G,BLOCK III-607,FACULTY OF ENGINEERING AND TECHNOLOGY,MON,2,9:20-10:10,21CSP302L/PROJECT,
CSE,III Year,III/VI/G,BLOCK III-607,FACULTY OF ENGINEERING AND TECHNOLOGY,MON,3,10:20-11:10,,
CSE,III Year,III/VI/G,BLOCK III-607,FACULTY OF ENGINEERING AND TECHNOLOGY,MON,4,11:10-12:00,,
CSE,III Year,III/VI/G,BLOCK III-607,FACULTY OF ENGINEERING AND TECHNOLOGY,MON,5,12:40-1:30,,
CSE,III Year,III/VI/G,BLOCK III-607,FACULTY OF ENGINEERING AND TECHNOLOGY,MON,6,1:30-2:20,,
CSE,III Year,III/VI/G,BLOCK III-607,FACULTY OF ENGINEERING AND TECHNOLOGY,MON,7,2:20-3:05,,
CSE,III Year,III/VI/G,BLOCK III-607,FACULTY OF ENGINEERING AND TECHNOLOGY,MON,8,3:05-3:50,,
CSE,III Year,III/VI/G,BLOCK III-607,FACULTY OF ENGINEERING AND TECHNOLOGY,TUE,1,8:30-9:20,21CSC303J/SEPM,
CSE,III Year,III/VI/G,BLOCK III-607,FACULTY OF ENGINEERING AND TECHNOLOGY,TUE,2,9:20-10:10,21CSC304J/CD,
CSE,III Year,III/VI/G,BLOCK III-607,FACULTY OF ENGINEERING AND TECHNOLOGY,TUE,3,10:20-11:10,21CSE355T/DMA,
CSE,III Year,III/VI/G,BLOCK III-607,FACULTY OF ENGINEERING AND TECHNOLOGY,TUE,4,11:10-12:00,21CSS303T/DS,
CSE,III Year,III/VI/G,BLOCK III-607,FACULTY OF ENGINEERING AND TECHNOLOGY,TUE,5,12:40-1:30,21ECO105T/FOO,
CSE,III Year,III/VI/G,BLOCK III-607,FACULTY OF ENGINEERING AND TECHNOLOGY,TUE,6,1:30-2:20,21LEM302T/ITK,
CSE,III Year,III/VI/G,BLOCK III-607,FACULTY OF ENGINEERING AND TECHNOLOGY,TUE,7,2:20-3:05,,
CSE,III Year,III/VI/G,BLOCK III-607,FACULTY OF ENGINEERING AND TECHNOLOGY,TUE,8,3:05-3:50,,
CSE,III Year,III/VI/G,BLOCK III-607,FACULTY OF ENGINEERING AND TECHNOLOGY,WED,1,8:30-9:20,21PDM302L/ESP,
CSE,III Year,III/VI/G,BLOCK III-607,FACULTY OF ENGINEERING AND TECHNOLOGY,WED,2,9:20-10:10,21ECO105T/FOO,
CSE,III Year,III/VI/G,BLOCK III-607,FACULTY OF ENGINEERING AND TECHNOLOGY,WED,3,10:20-11:10,21CSE356T/NLP,
CSE,III Year,III/VI/G,BLOCK III-607,FACULTY OF ENGINEERING AND TECHNOLOGY,WED,4,11:10-12:00,21CSP302L/PROJECT,
CSE,III Year,III/VI/G,BLOCK III-607,FACULTY OF ENGINEERING AND TECHNOLOGY,WED,5,12:40-1:30,,
CSE,III Year,III/VI/G,BLOCK III-607,FACULTY OF ENGINEERING AND TECHNOLOGY,WED,6,1:30-2:20,,
CSE,III Year,III/VI/G,BLOCK III-607,FACULTY OF ENGINEERING AND TECHNOLOGY,WED,7,2:20-3:05,,
CSE,III Year,III/VI/G,BLOCK III-607,FACULTY OF ENGINEERING AND TECHNOLOGY,WED,8,3:05-3:50,,
CSE,III Year,III/VI/G,BLOCK III-607,FACULTY OF ENGINEERING AND TECHNOLOGY,THU,1,8:30-9:20,21CSE356T/NLP,
CSE,III Year,III/VI/G,BLOCK III-607,FACULTY OF ENGINEERING AND TECHNOLOGY,THU,2,9:20-10:10,21CSC303J/SEPM,
CSE,III Year,III/VI/G,BLOCK III-607,FACULTY OF ENGINEERING AND TECHNOLOGY,THU,3,10:20-11:10,21ECO105T/FOO,
CSE,III Year,III/VI/G,BLOCK III-607,FACULTY OF ENGINEERING AND TECHNOLOGY,THU,4,11:10-12:00,21CSE355T/DMA,
CSE,III Year,III/VI/G,BLOCK III-607,FACULTY OF ENGINEERING AND TECHNOLOGY,THU,5,12:40-1:30,,
CSE,III Year,III/VI/G,BLOCK III-607,FACULTY OF ENGINEERING AND TECHNOLOGY,THU,6,1:30-2:20,,
CSE,III Year,III/VI/G,BLOCK III-607,FACULTY OF ENGINEERING AND TECHNOLOGY,THU,7,2:20-3:05,,
CSE,III Year,III/VI/G,BLOCK III-607,FACULTY OF ENGINEERING AND TECHNOLOGY,THU,8,3:05-3:50,,
CSE,III Year,III/VI/G,BLOCK III-607,FACULTY OF ENGINEERING AND TECHNOLOGY,FRI,1,8:30-9:20,21CSS303T/DS,
CSE,III Year,III/VI/G,BLOCK III-607,FACULTY OF ENGINEERING AND TECHNOLOGY,FRI,2,9:20-10:10,21CSE355T/DMA,
CSE,III Year,III/VI/G,BLOCK III-607,FACULTY OF ENGINEERING AND TECHNOLOGY,FRI,3,10:20-11:10,21CSC304J/CD,
CSE,III Year,III/VI/G,BLOCK III-607,FACULTY OF ENGINEERING AND TECHNOLOGY,FRI,4,11:10-12:00,21CSE356T/NLP,
CSE,III Year,III/VI/G,BLOCK III-607,FACULTY OF ENGINEERING AND TECHNOLOGY,FRI,5,12:40-1:30,21CSC303J/SEPM,
CSE,III Year,III/VI/G,BLOCK III-607,FACULTY OF ENGINEERING AND TECHNOLOGY,FRI,6,1:30-2:20,,
CSE,III Year,III/VI/G,BLOCK III-607,FACULTY OF ENGINEERING AND TECHNOLOGY,FRI,7,2:20-3:05,,
CSE,III Year,III/VI/G,BLOCK III-607,FACULTY OF ENGINEERING AND TECHNOLOGY,FRI,8,3:05-3:50,,
CSE,III Year,III/VI/H,BLOCK III-701,FACULTY OF ENGINEERING AND TECHNOLOGY,MON,1,8:30-9:20,21CSC304J/CD,
CSE,III Year,III/VI/H,BLOCK III-701,FACULTY OF ENGINEERING AND TECHNOLOGY,MON,2,9:20-10:10,21CSE356T/NLP,
CSE,III Year,III/VI/H,BLOCK III-701,FACULTY OF ENGINEERING AND TECHNOLOGY,MON,3,10:20-11:10,21ECO105T/FOO,
CSE,III Year,III/VI/H,BLOCK III-701,FACULTY OF ENGINEERING AND TECHNOLOGY,MON,4,11:10-12:00,21CSE355T/DMA,
CSE,III Year,III/VI/H,BLOCK III-701,FACULTY OF ENGINEERING AND TECHNOLOGY,MON,5,12:40-1:30,21CSC303J/SEPM,
CSE,III Year,III/VI/H,BLOCK III-701,FACULTY OF ENGINEERING AND TECHNOLOGY,MON,6,1:30-2:20,,
CSE,III Year,III/VI/H,BLOCK III-701,FACULTY OF ENGINEERING AND TECHNOLOGY,MON,7,2:20-3:05,21CSP302L/PROJECT,
CSE,III Year,III/VI/H,BLOCK III-701,FACULTY OF ENGINEERING AND TECHNOLOGY,MON,8,3:05-3:50,,
CSE,III Year,III/VI/H,BLOCK III-701,FACULTY OF ENGINEERING AND TECHNOLOGY,TUE,1,8:30-9:20,21ECO105T/FOO,
CSE,III Year,III/VI/H,BLOCK III-701,FACULTY OF ENGINEERING AND TECHNOLOGY,TUE,2,9:20-10:10,21CSC303J/SEPM,
CSE,III Year,III/VI/H,BLOCK III-701,FACULTY OF ENGINEERING AND TECHNOLOGY,TUE,3,10:20-11:10,21LEM302T/ITK,
CSE,III Year,III/VI/H,BLOCK III-701,FACULTY OF ENGINEERING AND TECHNOLOGY,TUE,4,11:10-12:00,21CSE356T/NLP,
CSE,III Year,III/VI/H,BLOCK III-701,FACULTY OF ENGINEERING AND TECHNOLOGY,TUE,5,12:40-1:30,21PDM302L/ESP,
CSE,III Year,III/VI/H,BLOCK III-701,FACULTY OF ENGINEERING AND TECHNOLOGY,TUE,6,1:30-2:20,,
CSE,III Year,III/VI/H,BLOCK III-701,FACULTY OF ENGINEERING AND TECHNOLOGY,TUE,7,2:20-3:05,,
CSE,III Year,III/VI/H,BLOCK III-701,FACULTY OF ENGINEERING AND TECHNOLOGY,TUE,8,3:05-3:50,,
CSE,III Year,III/VI/H,BLOCK III-701,FACULTY OF ENGINEERING AND TECHNOLOGY,WED,1,8:30-9:20,21CSC304J/CD,
CSE,III Year,III/VI/H,BLOCK III-701,FACULTY OF ENGINEERING AND TECHNOLOGY,WED,2,9:20-10:10,,
CSE,III Year,III/VI/H,BLOCK III-701,FACULTY OF ENGINEERING AND TECHNOLOGY,WED,3,10:20-11:10,21CSP302L/PROJECT,
CSE,III Year,III/VI/H,BLOCK III-701,FACULTY OF ENGINEERING AND TECHNOLOGY,WED,4,11:10-12:00,,
CSE,III Year,III/VI/H,BLOCK III-701,FACULTY OF ENGINEERING AND TECHNOLOGY,WED,5,12:40-1:30,,
CSE,III Year,III/VI/H,BLOCK III-701,FACULTY OF ENGINEERING AND TECHNOLOGY,WED,6,1:30-2:20,,
CSE,III Year,III/VI/H,BLOCK III-701,FACULTY OF ENGINEERING AND TECHNOLOGY,WED,7,2:20-3:05,,
CSE,III Year,III/VI/H,BLOCK III-701,FACULTY OF ENGINEERING AND TECHNOLOGY,WED,8,3:05-3:50,,
CSE,III Year,III/VI/H,BLOCK III-701,FACULTY OF ENGINEERING AND TECHNOLOGY,THU,1,8:30-9:20,21CSE355T/DMA,
CSE,III Year,III/VI/H,BLOCK III-701,FACULTY OF ENGINEERING AND TECHNOLOGY,THU,2,9:20-10:10,21CSS303T/DS,
CSE,III Year,III/VI/H,BLOCK III-701,FACULTY OF ENGINEERING AND TECHNOLOGY,THU,3,10:20-11:10,21CSC304J/CD,
CSE,III Year,III/VI/H,BLOCK III-701,FACULTY OF ENGINEERING AND TECHNOLOGY,THU,4,11:10-12:00,21ECO105T/FOO,
CSE,III Year,III/VI/H,BLOCK III-701,FACULTY OF ENGINEERING AND TECHNOLOGY,THU,5,12:40-1:30,,
CSE,III Year,III/VI/H,BLOCK III-701,FACULTY OF ENGINEERING AND TECHNOLOGY,THU,6,1:30-2:20,,
CSE,III Year,III/VI/H,BLOCK III-701,FACULTY OF ENGINEERING AND TECHNOLOGY,THU,7,2:20-3:05,,
CSE,III Year,III/VI/H,BLOCK III-701,FACULTY OF ENGINEERING AND TECHNOLOGY,THU,8,3:05-3:50,,
CSE,III Year,III/VI/H,BLOCK III-701,FACULTY OF ENGINEERING AND TECHNOLOGY,FRI,1,8:30-9:20,21CSE356T/NLP,
CSE,III Year,III/VI/H,BLOCK III-701,FACULTY OF ENGINEERING AND TECHNOLOGY,FRI,2,9:20-10:10,21CSE355T/DMA,
CSE,III Year,III/VI/H,BLOCK III-701,FACULTY OF ENGINEERING AND TECHNOLOGY,FRI,3,10:20-11:10,21CSS303T/DS,
CSE,III Year,III/VI/H,BLOCK III-701,FACULTY OF ENGINEERING AND TECHNOLOGY,FRI,4,11:10-12:00,21CSC303J/SEPM,
CSE,III Year,III/VI/H,BLOCK III-701,FACULTY OF ENGINEERING AND TECHNOLOGY,FRI,5,12:40-1:30,21CSP302L/PROJECT,
CSE,III Year,III/VI/H,BLOCK III-701,FACULTY OF ENGINEERING AND TECHNOLOGY,FRI,6,1:30-2:20,,
CSE,III Year,III/VI/H,BLOCK III-701,FACULTY OF ENGINEERING AND TECHNOLOGY,FRI,7,2:20-3:05,,
CSE,III Year,III/VI/H,BLOCK III-701,FACULTY OF ENGINEERING AND TECHNOLOGY,FRI,8,3:05-3:50,,
CSE,III Year,III/VI/I,BLOCK III-702,FACULTY OF ENGINEERING AND TECHNOLOGY,MON,1,8:30-9:20,21CSE355T/DMA,
CSE,III Year,III/VI/I,BLOCK III-702,FACULTY OF ENGINEERING AND TECHNOLOGY,MON,2,9:20-10:10,21ECO105T/FOO,
CSE,III Year,III/VI/I,BLOCK III-702,FACULTY OF ENGINEERING AND TECHNOLOGY,MON,3,10:20-11:10,21CSE356T/NLP,
CSE,III Year,III/VI/I,BLOCK III-702,FACULTY OF ENGINEERING AND TECHNOLOGY,MON,4,11:10-12:00,21CSC304J/CD,
CSE,III Year,III/VI/I,BLOCK III-702,FACULTY OF ENGINEERING AND TECHNOLOGY,MON,5,12:40-1:30,21CSP302L/PROJECT,
CSE,III Year,III/VI/I,BLOCK III-702,FACULTY OF ENGINEERING AND TECHNOLOGY,MON,6,1:30-2:20,,
CSE,III Year,III/VI/I,BLOCK III-702,FACULTY OF ENGINEERING AND TECHNOLOGY,MON,7,2:20-3:05,,
CSE,III Year,III/VI/I,BLOCK III-702,FACULTY OF ENGINEERING AND TECHNOLOGY,MON,8,3:05-3:50,,
CSE,III Year,III/VI/I,BLOCK III-702,FACULTY OF ENGINEERING AND TECHNOLOGY,TUE,1,8:30-9:20,21ECO105T/FOO,
CSE,III Year,III/VI/I,BLOCK III-702,FACULTY OF ENGINEERING AND TECHNOLOGY,TUE,2,9:20-10:10,21CSS303T/DS,
CSE,III Year,III/VI/I,BLOCK III-702,FACULTY OF ENGINEERING AND TECHNOLOGY,TUE,3,10:20-11:10,21CSC304J/CD,
CSE,III Year,III/VI/I,BLOCK III-702,FACULTY OF ENGINEERING AND TECHNOLOGY,TUE,4,11:10-12:00,21CSC303J/SEPM,
CSE,III Year,III/VI/I,BLOCK III-702,FACULTY OF ENGINEERING AND TECHNOLOGY,TUE,5,12:40-1:30,21CSE355T/DMA,
CSE,III Year,III/VI/I,BLOCK III-702,FACULTY OF ENGINEERING AND TECHNOLOGY,TUE,6,1:30-2:20,21CSE356T/NLP,
CSE,III Year,III/VI/I,BLOCK III-702,FACULTY OF ENGINEERING AND TECHNOLOGY,TUE,7,2:20-3:05,21PDM302L/ESP,
CSE,III Year,III/VI/I,BLOCK III-702,FACULTY OF ENGINEERING AND TECHNOLOGY,TUE,8,3:05-3:50,,
CSE,III Year,III/VI/I,BLOCK III-702,FACULTY OF ENGINEERING AND TECHNOLOGY,WED,1,8:30-9:20,21CSC304J/CD,
CSE,III Year,III/VI/I,BLOCK III-702,FACULTY OF ENGINEERING AND TECHNOLOGY,WED,2,9:20-10:10,,
CSE,III Year,III/VI/I,BLOCK III-702,FACULTY OF ENGINEERING AND TECHNOLOGY,WED,3,10:20-11:10,21CSP302L/PROJECT,
CSE,III Year,III/VI/I,BLOCK III-702,FACULTY OF ENGINEERING AND TECHNOLOGY,WED,4,11:10-12:00,,
CSE,III Year,III/VI/I,BLOCK III-702,FACULTY OF ENGINEERING AND TECHNOLOGY,WED,5,12:40-1:30,,
CSE,III Year,III/VI/I,BLOCK III-702,FACULTY OF ENGINEERING AND TECHNOLOGY,WED,6,1:30-2:20,,
CSE,III Year,III/VI/I,BLOCK III-702,FACULTY OF ENGINEERING AND TECHNOLOGY,WED,7,2:20-3:05,,
CSE,III Year,III/VI/I,BLOCK III-702,FACULTY OF ENGINEERING AND TECHNOLOGY,WED,8,3:05-3:50,,
CSE,III Year,III/VI/I,BLOCK III-702,FACULTY OF ENGINEERING AND TECHNOLOGY,THU,1,8:30-9:20,21CSS303T/DS,
CSE,III Year,III/VI/I,BLOCK III-702,FACULTY OF ENGINEERING AND TECHNOLOGY,THU,2,9:20-10:10,21CSE355T/DMA,
CSE,III Year,III/VI/I,BLOCK III-702,FACULTY OF ENGINEERING AND TECHNOLOGY,THU,3,10:20-11:10,21CSE356T/NLP,
CSE,III Year,III/VI/I,BLOCK III-702,FACULTY OF ENGINEERING AND TECHNOLOGY,THU,4,11:10-12:00,21CSC303J/SEPM,
CSE,III Year,III/VI/I,BLOCK III-702,FACULTY OF ENGINEERING AND TECHNOLOGY,THU,5,12:40-1:30,21ECO105T/FOO,
CSE,III Year,III/VI/I,BLOCK III-702,FACULTY OF ENGINEERING AND TECHNOLOGY,THU,6,1:30-2:20,21LEM302T/ITK,
CSE,III Year,III/VI/I,BLOCK III-702,FACULTY OF ENGINEERING AND TECHNOLOGY,THU,7,2:20-3:05,,
CSE,III Year,III/VI/I,BLOCK III-702,FACULTY OF ENGINEERING AND TECHNOLOGY,THU,8,3:05-3:50,,
CSE,III Year,III/VI/I,BLOCK III-702,FACULTY OF ENGINEERING AND TECHNOLOGY,FRI,1,8:30-9:20,,
CSE,III Year,III/VI/I,BLOCK III-702,FACULTY OF ENGINEERING AND TECHNOLOGY,FRI,2,9:20-10:10,,
CSE,III Year,III/VI/I,BLOCK III-702,FACULTY OF ENGINEERING AND TECHNOLOGY,FRI,3,10:20-11:10,,
CSE,III Year,III/VI/I,BLOCK III-702,FACULTY OF ENGINEERING AND TECHNOLOGY,FRI,4,11:10-12:00,,
CSE,III Year,III/VI/I,BLOCK III-702,FACULTY OF ENGINEERING AND TECHNOLOGY,FRI,5,12:40-1:30,21CSC303J/SEPM,
CSE,III Year,III/VI/I,BLOCK III-702,FACULTY OF ENGINEERING AND TECHNOLOGY,FRI,6,1:30-2:20,,
CSE,III Year,III/VI/I,BLOCK III-702,FACULTY OF ENGINEERING AND TECHNOLOGY,FRI,7,2:20-3:05,21CSP302L/PROJECT,
CSE,III Year,III/VI/I,BLOCK III-702,FACULTY OF ENGINEERING AND TECHNOLOGY,FRI,8,3:05-3:50,,
CSE,III Year,III/VI/J,BLOCK III-703,FACULTY OF ENGINEERING AND TECHNOLOGY,MON,1,8:30-9:20,21CSC304J/CD,
CSE,III Year,III/VI/J,BLOCK III-703,FACULTY OF ENGINEERING AND TECHNOLOGY,MON,2,9:20-10:10,,
CSE,III Year,III/VI/J,BLOCK III-703,FACULTY OF ENGINEERING AND TECHNOLOGY,MON,3,10:20-11:10,,
CSE,III Year,III/VI/J,BLOCK III-703,FACULTY OF ENGINEERING AND TECHNOLOGY,MON,4,11:10-12:00,,
CSE,III Year,III/VI/J,BLOCK III-703,FACULTY OF ENGINEERING AND TECHNOLOGY,MON,5,12:40-1:30,,
CSE,III Year,III/VI/J,BLOCK III-703,FACULTY OF ENGINEERING AND TECHNOLOGY,MON,6,1:30-2:20,,
CSE,III Year,III/VI/J,BLOCK III-703,FACULTY OF ENGINEERING AND TECHNOLOGY,MON,7,2:20-3:05,,
CSE,III Year,III/VI/J,BLOCK III-703,FACULTY OF ENGINEERING AND TECHNOLOGY,MON,8,3:05-3:50,,
CSE,III Year,III/VI/J,BLOCK III-703,FACULTY OF ENGINEERING AND TECHNOLOGY,TUE,1,8:30-9:20,21CSC303J/SEPM,
CSE,III Year,III/VI/J,BLOCK III-703,FACULTY OF ENGINEERING AND TECHNOLOGY,TUE,2,9:20-10:10,21CSC304J/CD,
CSE,III Year,III/VI/J,BLOCK III-703,FACULTY OF ENGINEERING AND TECHNOLOGY,TUE,3,10:20-11:10,21CSS303T/DS,
CSE,III Year,III/VI/J,BLOCK III-703,FACULTY OF ENGINEERING AND TECHNOLOGY,TUE,4,11:10-12:00,21CSE356T/NLP,
CSE,III Year,III/VI/J,BLOCK III-703,FACULTY OF ENGINEERING AND TECHNOLOGY,TUE,5,12:40-1:30,21CSE355T/DMA,
CSE,III Year,III/VI/J,BLOCK III-703,FACULTY OF ENGINEERING AND TECHNOLOGY,TUE,6,1:30-2:20,21LEM302T/ITK,
CSE,III Year,III/VI/J,BLOCK III-703,FACULTY OF ENGINEERING AND TECHNOLOGY,TUE,7,2:20-3:05,,
CSE,III Year,III/VI/J,BLOCK III-703,FACULTY OF ENGINEERING AND TECHNOLOGY,TUE,8,3:05-3:50,,
CSE,III Year,III/VI/J,BLOCK III-703,FACULTY OF ENGINEERING AND TECHNOLOGY,WED,1,8:30-9:20,21CSE356T/NLP,
CSE,III Year,III/VI/J,BLOCK III-703,FACULTY OF ENGINEERING AND TECHNOLOGY,WED,2,9:20-10:10,21ECO105T/FOO,
CSE,III Year,III/VI/J,BLOCK III-703,FACULTY OF ENGINEERING AND TECHNOLOGY,WED,3,10:20-11:10,21PDM302L/ESP,
CSE,III Year,III/VI/J,BLOCK III-703,FACULTY OF ENGINEERING AND TECHNOLOGY,WED,4,11:10-12:00,21CSE355T/DMA,
CSE,III Year,III/VI/J,BLOCK III-703,FACULTY OF ENGINEERING AND TECHNOLOGY,WED,5,12:40-1:30,,
CSE,III Year,III/VI/J,BLOCK III-703,FACULTY OF ENGINEERING AND TECHNOLOGY,WED,6,1:30-2:20,,
CSE,III Year,III/VI/J,BLOCK III-703,FACULTY OF ENGINEERING AND TECHNOLOGY,WED,7,2:20-3:05,,
CSE,III Year,III/VI/J,BLOCK III-703,FACULTY OF ENGINEERING AND TECHNOLOGY,WED,8,3:05-3:50,,
CSE,III Year,III/VI/J,BLOCK III-703,FACULTY OF ENGINEERING AND TECHNOLOGY,THU,1,8:30-9:20,21CSS303T/DS,
CSE,III Year,III/VI/J,BLOCK III-703,FACULTY OF ENGINEERING AND TECHNOLOGY,THU,2,9:20-10:10,21ECO105T/FOO,
CSE,III Year,III/VI/J,BLOCK III-703,FACULTY OF ENGINEERING AND TECHNOLOGY,THU,3,10:20-11:10,21CSE355T/DMA,
CSE,III Year,III/VI/J,BLOCK III-703,FACULTY OF ENGINEERING AND TECHNOLOGY,THU,4,11:10-12:00,21CSC304J/CD,
CSE,III Year,III/VI/J,BLOCK III-703,FACULTY OF ENGINEERING AND TECHNOLOGY,THU,5,12:40-1:30,21CSE356T/NLP,
CSE,III Year,III/VI/J,BLOCK III-703,FACULTY OF ENGINEERING AND TECHNOLOGY,THU,6,1:30-2:20,21CSC303J/SEPM,
CSE,III Year,III/VI/J,BLOCK III-703,FACULTY OF ENGINEERING AND TECHNOLOGY,THU,7,2:20-3:05,,
CSE,III Year,III/VI/J,BLOCK III-703,FACULTY OF ENGINEERING AND TECHNOLOGY,THU,8,3:05-3:50,,
CSE,III Year,III/VI/J,BLOCK III-703,FACULTY OF ENGINEERING AND TECHNOLOGY,FRI,1,8:30-9:20,21CSC303J/SEPM,
CSE,III Year,III/VI/J,BLOCK III-703,FACULTY OF ENGINEERING AND TECHNOLOGY,FRI,2,9:20-10:10,21CSP302L/PROJECT,
CSE,III Year,III/VI/J,BLOCK III-703,FACULTY OF ENGINEERING AND TECHNOLOGY,FRI,3,10:20-11:10,,
CSE,III Year,III/VI/J,BLOCK III-703,FACULTY OF ENGINEERING AND TECHNOLOGY,FRI,4,11:10-12:00,,
CSE,III Year,III/VI/J,BLOCK III-703,FACULTY OF ENGINEERING AND TECHNOLOGY,FRI,5,12:40-1:30,,
CSE,III Year,III/VI/J,BLOCK III-703,FACULTY OF ENGINEERING AND TECHNOLOGY,FRI,6,1:30-2:20,,
CSE,III Year,III/VI/J,BLOCK III-703,FACULTY OF ENGINEERING AND TECHNOLOGY,FRI,7,2:20-3:05,,
CSE,III Year,III/VI/J,BLOCK III-703,FACULTY OF ENGINEERING AND TECHNOLOGY,FRI,8,3:05-3:50,,
CSE,III Year,III/VI/K,BLOCK III-704,FACULTY OF ENGINEERING AND TECHNOLOGY,MON,1,8:30-9:20,21CSP302L/PROJECT,
CSE,III Year,III/VI/K,BLOCK III-704,FACULTY OF ENGINEERING AND TECHNOLOGY,MON,2,9:20-10:10,,
CSE,III Year,III/VI/K,BLOCK III-704,FACULTY OF ENGINEERING AND TECHNOLOGY,MON,3,10:20-11:10,,
CSE,III Year,III/VI/K,BLOCK III-704,FACULTY OF ENGINEERING AND TECHNOLOGY,MON,4,11:10-12:00,,
CSE,III Year,III/VI/K,BLOCK III-704,FACULTY OF ENGINEERING AND TECHNOLOGY,MON,5,12:40-1:30,,
CSE,III Year,III/VI/K,BLOCK III-704,FACULTY OF ENGINEERING AND TECHNOLOGY,MON,6,1:30-2:20,,
CSE,III Year,III/VI/K,BLOCK III-704,FACULTY OF ENGINEERING AND TECHNOLOGY,MON,7,2:20-3:05,,
CSE,III Year,III/VI/K,BLOCK III-704,FACULTY OF ENGINEERING AND TECHNOLOGY,MON,8,3:05-3:50,,
CSE,III Year,III/VI/K,BLOCK III-704,FACULTY OF ENGINEERING AND TECHNOLOGY,TUE,1,8:30-9:20,21CSE355T/DMA,
CSE,III Year,III/VI/K,BLOCK III-704,FACULTY OF ENGINEERING AND TECHNOLOGY,TUE,2,9:20-10:10,21CSE356T/NLP,
CSE,III Year,III/VI/K,BLOCK III-704,FACULTY OF ENGINEERING AND TECHNOLOGY,TUE,3,10:20-11:10,21CSS303T/DS,
CSE,III Year,III/VI/K,BLOCK III-704,FACULTY OF ENGINEERING AND TECHNOLOGY,TUE,4,11:10-12:00,21ECO105T/FOO,
CSE,III Year,III/VI/K,BLOCK III-704,FACULTY OF ENGINEERING AND TECHNOLOGY,TUE,5,12:40-1:30,21LEM302T/ITK,
CSE,III Year,III/VI/K,BLOCK III-704,FACULTY OF ENGINEERING AND TECHNOLOGY,TUE,6,1:30-2:20,,
CSE,III Year,III/VI/K,BLOCK III-704,FACULTY OF ENGINEERING AND TECHNOLOGY,TUE,7,2:20-3:05,,
CSE,III Year,III/VI/K,BLOCK III-704,FACULTY OF ENGINEERING AND TECHNOLOGY,TUE,8,3:05-3:50,,
CSE,III Year,III/VI/K,BLOCK III-704,FACULTY OF ENGINEERING AND TECHNOLOGY,WED,1,8:30-9:20,21CSC304J/CD,
CSE,III Year,III/VI/K,BLOCK III-704,FACULTY OF ENGINEERING AND TECHNOLOGY,WED,2,9:20-10:10,21CSC303J/SEPM,
CSE,III Year,III/VI/K,BLOCK III-704,FACULTY OF ENGINEERING AND TECHNOLOGY,WED,3,10:20-11:10,21CSE355T/DMA,
CSE,III Year,III/VI/K,BLOCK III-704,FACULTY OF ENGINEERING AND TECHNOLOGY,WED,4,11:10-12:00,21CSE356T/NLP,
CSE,III Year,III/VI/K,BLOCK III-704,FACULTY OF ENGINEERING AND TECHNOLOGY,WED,5,12:40-1:30,21ECO105T/FOO,
CSE,III Year,III/VI/K,BLOCK III-704,FACULTY OF ENGINEERING AND TECHNOLOGY,WED,6,1:30-2:20,,
CSE,III Year,III/VI/K,BLOCK III-704,FACULTY OF ENGINEERING AND TECHNOLOGY,WED,7,2:20-3:05,,
CSE,III Year,III/VI/K,BLOCK III-704,FACULTY OF ENGINEERING AND TECHNOLOGY,WED,8,3:05-3:50,,
CSE,III Year,III/VI/K,BLOCK III-704,FACULTY OF ENGINEERING AND TECHNOLOGY,THU,1,8:30-9:20,21CSC303J/SEPM,
CSE,III Year,III/VI/K,BLOCK III-704,FACULTY OF ENGINEERING AND TECHNOLOGY,THU,2,9:20-10:10,21CSP302L/PROJECT,
CSE,III Year,III/VI/K,BLOCK III-704,FACULTY OF ENGINEERING AND TECHNOLOGY,THU,3,10:20-11:10,,
CSE,III Year,III/VI/K,BLOCK III-704,FACULTY OF ENGINEERING AND TECHNOLOGY,THU,4,11:10-12:00,,
CSE,III Year,III/VI/K,BLOCK III-704,FACULTY OF ENGINEERING AND TECHNOLOGY,THU,5,12:40-1:30,,
CSE,III Year,III/VI/K,BLOCK III-704,FACULTY OF ENGINEERING AND TECHNOLOGY,THU,6,1:30-2:20,,
CSE,III Year,III/VI/K,BLOCK III-704,FACULTY OF ENGINEERING AND TECHNOLOGY,THU,7,2:20-3:05,,
CSE,III Year,III/VI/K,BLOCK III-704,FACULTY OF ENGINEERING AND TECHNOLOGY,THU,8,3:05-3:50,,
CSE,III Year,III/VI/K,BLOCK III-704,FACULTY OF ENGINEERING AND TECHNOLOGY,FRI,1,8:30-9:20,21CSE356T/NLP,
CSE,III Year,III/VI/K,BLOCK III-704,FACULTY OF ENGINEERING AND TECHNOLOGY,FRI,2,9:20-10:10,21CSS303T/DS,
CSE,III Year,III/VI/K,BLOCK III-704,FACULTY OF ENGINEERING AND TECHNOLOGY,FRI,3,10:20-11:10,21CSC304J/CD,
CSE,III Year,III/VI/K,BLOCK III-704,FACULTY OF ENGINEERING AND TECHNOLOGY,FRI,4,11:10-12:00,21CSE355T/DMA,
CSE,III Year,III/VI/K,BLOCK III-704,FACULTY OF ENGINEERING AND TECHNOLOGY,FRI,5,12:40-1:30,21CSC303J/SEPM,
CSE,III Year,III/VI/K,BLOCK III-704,FACULTY OF ENGINEERING AND TECHNOLOGY,FRI,6,1:30-2:20,21ECO105T/FOO,
CSE,III Year,III/VI/K,BLOCK III-704,FACULTY OF ENGINEERING AND TECHNOLOGY,FRI,7,2:20-3:05,,
CSE,III Year,III/VI/K,BLOCK III-704,FACULTY OF ENGINEERING AND TECHNOLOGY,FRI,8,3:05-3:50,,
CSE,III Year,III/VI/L,BLOCK III-705,FACULTY OF ENGINEERING AND TECHNOLOGY,MON,1,8:30-9:20,21PDM302L/ESP,
CSE,III Year,III/VI/L,BLOCK III-705,FACULTY OF ENGINEERING AND TECHNOLOGY,MON,2,9:20-10:10,,
CSE,III Year,III/VI/L,BLOCK III-705,FACULTY OF ENGINEERING AND TECHNOLOGY,MON,3,10:20-11:10,21CSE355T/DMA,
CSE,III Year,III/VI/L,BLOCK III-705,FACULTY OF ENGINEERING AND TECHNOLOGY,MON,4,11:10-12:00,21CSE356T/NLP,
CSE,III Year,III/VI/L,BLOCK III-705,FACULTY OF ENGINEERING AND TECHNOLOGY,MON,5,12:40-1:30,21CSC304J/CD,
CSE,III Year,III/VI/L,BLOCK III-705,FACULTY OF ENGINEERING AND TECHNOLOGY,MON,6,1:30-2:20,21CSC303J/SEPM,
CSE,III Year,III/VI/L,BLOCK III-705,FACULTY OF ENGINEERING AND TECHNOLOGY,MON,7,2:20-3:05,21CSP302L/PROJECT,
CSE,III Year,III/VI/L,BLOCK III-705,FACULTY OF ENGINEERING AND TECHNOLOGY,MON,8,3:05-3:50,,
CSE,III Year,III/VI/L,BLOCK III-705,FACULTY OF ENGINEERING AND TECHNOLOGY,TUE,1,8:30-9:20,21CSC303J/SEPM,
CSE,III Year,III/VI/L,BLOCK III-705,FACULTY OF ENGINEERING AND TECHNOLOGY,TUE,2,9:20-10:10,,
CSE,III Year,III/VI/L,BLOCK III-705,FACULTY OF ENGINEERING AND TECHNOLOGY,TUE,3,10:20-11:10,21CSP302L/PROJECT,
CSE,III Year,III/VI/L,BLOCK III-705,FACULTY OF ENGINEERING AND TECHNOLOGY,TUE,4,11:10-12:00,,
CSE,III Year,III/VI/L,BLOCK III-705,FACULTY OF ENGINEERING AND TECHNOLOGY,TUE,5,12:40-1:30,,
CSE,III Year,III/VI/L,BLOCK III-705,FACULTY OF ENGINEERING AND TECHNOLOGY,TUE,6,1:30-2:20,,
CSE,III Year,III/VI/L,BLOCK III-705,FACULTY OF ENGINEERING AND TECHNOLOGY,TUE,7,2:20-3:05,,
CSE,III Year,III/VI/L,BLOCK III-705,FACULTY OF ENGINEERING AND TECHNOLOGY,TUE,8,3:05-3:50,,
CSE,III Year,III/VI/L,BLOCK III-705,FACULTY OF ENGINEERING AND TECHNOLOGY,WED,1,8:30-9:20,21CSE355T/DMA,
CSE,III Year,III/VI/L,BLOCK III-705,FACULTY OF ENGINEERING AND TECHNOLOGY,WED,2,9:20-10:10,21CSS303T/DS,
CSE,III Year,III/VI/L,BLOCK III-705,FACULTY OF ENGINEERING AND TECHNOLOGY,WED,3,10:20-11:10,21CSC303J/SEPM,
CSE,III Year,III/VI/L,BLOCK III-705,FACULTY OF ENGINEERING AND TECHNOLOGY,WED,4,11:10-12:00,21ECO105T/FOO,
CSE,III Year,III/VI/L,BLOCK III-705,FACULTY OF ENGINEERING AND TECHNOLOGY,WED,5,12:40-1:30,,
CSE,III Year,III/VI/L,BLOCK III-705,FACULTY OF ENGINEERING AND TECHNOLOGY,WED,6,1:30-2:20,21CSE356T/NLP,
CSE,III Year,III/VI/L,BLOCK III-705,FACULTY OF ENGINEERING AND TECHNOLOGY,WED,7,2:20-3:05,21CSP302L/PROJECT,
CSE,III Year,III/VI/L,BLOCK III-705,FACULTY OF ENGINEERING AND TECHNOLOGY,WED,8,3:05-3:50,,
CSE,III Year,III/VI/L,BLOCK III-705,FACULTY OF ENGINEERING AND TECHNOLOGY,THU,1,8:30-9:20,,
CSE,III Year,III/VI/L,BLOCK III-705,FACULTY OF ENGINEERING AND TECHNOLOGY,THU,2,9:20-10:10,,
CSE,III Year,III/VI/L,BLOCK III-705,FACULTY OF ENGINEERING AND TECHNOLOGY,THU,3,10:20-11:10,,
CSE,III Year,III/VI/L,BLOCK III-705,FACULTY OF ENGINEERING AND TECHNOLOGY,THU,4,11:10-12:00,,
CSE,III Year,III/VI/L,BLOCK III-705,FACULTY OF ENGINEERING AND TECHNOLOGY,THU,5,12:40-1:30,21CSC304J/CD,
CSE,III Year,III/VI/L,BLOCK III-705,FACULTY OF ENGINEERING AND TECHNOLOGY,THU,6,1:30-2:20,,
CSE,III Year,III/VI/L,BLOCK III-705,FACULTY OF ENGINEERING AND TECHNOLOGY,THU,7,2:20-3:05,21ECO105T/FOO,
CSE,III Year,III/VI/L,BLOCK III-705,FACULTY OF ENGINEERING AND TECHNOLOGY,THU,8,3:05-3:50,,
CSE,III Year,III/VI/L,BLOCK III-705,FACULTY OF ENGINEERING AND TECHNOLOGY,FRI,1,8:30-9:20,21CSC304J/CD,
CSE,III Year,III/VI/L,BLOCK III-705,FACULTY OF ENGINEERING AND TECHNOLOGY,FRI,2,9:20-10:10,21CSE355T/DMA,
CSE,III Year,III/VI/L,BLOCK III-705,FACULTY OF ENGINEERING AND TECHNOLOGY,FRI,3,10:20-11:10,21CSE356T/NLP,
CSE,III Year,III/VI/L,BLOCK III-705,FACULTY OF ENGINEERING AND TECHNOLOGY,FRI,4,11:10-12:00,21CSS303T/DS,
CSE,III Year,III/VI/L,BLOCK III-705,FACULTY OF ENGINEERING AND TECHNOLOGY,FRI,5,12:40-1:30,21ECO105T/FOO,
CSE,III Year,III/VI/L,BLOCK III-705,FACULTY OF ENGINEERING AND TECHNOLOGY,FRI,6,1:30-2:20,21LEM302T/ITK,
CSE,III Year,III/VI/L,BLOCK III-705,FACULTY OF ENGINEERING AND TECHNOLOGY,FRI,7,2:20-3:05,,
CSE,III Year,III/VI/L,BLOCK III-705,FACULTY OF ENGINEERING AND TECHNOLOGY,FRI,8,3:05-3:50,,
CSE,III Year,III/VI/M,BLOCK III-706,FACULTY OF ENGINEERING AND TECHNOLOGY,MON,1,8:30-9:20,21CSE356T/NLP,
CSE,III Year,III/VI/M,BLOCK III-706,FACULTY OF ENGINEERING AND TECHNOLOGY,MON,2,9:20-10:10,21CSS303T/DS,
CSE,III Year,III/VI/M,BLOCK III-706,FACULTY OF ENGINEERING AND TECHNOLOGY,MON,3,10:20-11:10,21PDM302L/ESP,
CSE,III Year,III/VI/M,BLOCK III-706,FACULTY OF ENGINEERING AND TECHNOLOGY,MON,4,11:10-12:00,,
CSE,III Year,III/VI/M,BLOCK III-706,FACULTY OF ENGINEERING AND TECHNOLOGY,MON,5,12:40-1:30,21CSE355T/DMA,
CSE,III Year,III/VI/M,BLOCK III-706,FACULTY OF ENGINEERING AND TECHNOLOGY,MON,6,1:30-2:20,21CSC304J/CD,
CSE,III Year,III/VI/M,BLOCK III-706,FACULTY OF ENGINEERING AND TECHNOLOGY,MON,7,2:20-3:05,21CSC303J/SEPM,
CSE,III Year,III/VI/M,BLOCK III-706,FACULTY OF ENGINEERING AND TECHNOLOGY,MON,8,3:05-3:50,,
CSE,III Year,III/VI/M,BLOCK III-706,FACULTY OF ENGINEERING AND TECHNOLOGY,TUE,1,8:30-9:20,21CSE355T/DMA,
CSE,III Year,III/VI/M,BLOCK III-706,FACULTY OF ENGINEERING AND TECHNOLOGY,TUE,2,9:20-10:10,21CSC304J/CD,
CSE,III Year,III/VI/M,BLOCK III-706,FACULTY OF ENGINEERING AND TECHNOLOGY,TUE,3,10:20-11:10,21CSC303J/SEPM,
CSE,III Year,III/VI/M,BLOCK III-706,FACULTY OF ENGINEERING AND TECHNOLOGY,TUE,4,11:10-12:00,21CSE356T/NLP,
CSE,III Year,III/VI/M,BLOCK III-706,FACULTY OF ENGINEERING AND TECHNOLOGY,TUE,5,12:40-1:30,21ECO105T/FOO,
CSE,III Year,III/VI/M,BLOCK III-706,FACULTY OF ENGINEERING AND TECHNOLOGY,TUE,6,1:30-2:20,,
CSE,III Year,III/VI/M,BLOCK III-706,FACULTY OF ENGINEERING AND TECHNOLOGY,TUE,7,2:20-3:05,,
CSE,III Year,III/VI/M,BLOCK III-706,FACULTY OF ENGINEERING AND TECHNOLOGY,TUE,8,3:05-3:50,,
CSE,III Year,III/VI/M,BLOCK III-706,FACULTY OF ENGINEERING AND TECHNOLOGY,WED,1,8:30-9:20,21CSS303T/DS,
CSE,III Year,III/VI/M,BLOCK III-706,FACULTY OF ENGINEERING AND TECHNOLOGY,WED,2,9:20-10:10,21CSE355T/DMA,
CSE,III Year,III/VI/M,BLOCK III-706,FACULTY OF ENGINEERING AND TECHNOLOGY,WED,3,10:20-11:10,21CSE356T/NLP,
CSE,III Year,III/VI/M,BLOCK III-706,FACULTY OF ENGINEERING AND TECHNOLOGY,WED,4,11:10-12:00,21ECO105T/FOO,
CSE,III Year,III/VI/M,BLOCK III-706,FACULTY OF ENGINEERING AND TECHNOLOGY,WED,5,12:40-1:30,,
CSE,III Year,III/VI/M,BLOCK III-706,FACULTY OF ENGINEERING AND TECHNOLOGY,WED,6,1:30-2:20,21CSP302L/PROJECT,
CSE,III Year,III/VI/M,BLOCK III-706,FACULTY OF ENGINEERING AND TECHNOLOGY,WED,7,2:20-3:05,,
CSE,III Year,III/VI/M,BLOCK III-706,FACULTY OF ENGINEERING AND TECHNOLOGY,WED,8,3:05-3:50,,
CSE,III Year,III/VI/M,BLOCK III-706,FACULTY OF ENGINEERING AND TECHNOLOGY,THU,1,8:30-9:20,,
CSE,III Year,III/VI/M,BLOCK III-706,FACULTY OF ENGINEERING AND TECHNOLOGY,THU,2,9:20-10:10,,
CSE,III Year,III/VI/M,BLOCK III-706,FACULTY OF ENGINEERING AND TECHNOLOGY,THU,3,10:20-11:10,,
CSE,III Year,III/VI/M,BLOCK III-706,FACULTY OF ENGINEERING AND TECHNOLOGY,THU,4,11:10-12:00,,
CSE,III Year,III/VI/M,BLOCK III-706,FACULTY OF ENGINEERING AND TECHNOLOGY,THU,5,12:40-1:30,21CSC303J/SEPM,
CSE,III Year,III/VI/M,BLOCK III-706,FACULTY OF ENGINEERING AND TECHNOLOGY,THU,6,1:30-2:20,,
CSE,III Year,III/VI/M,BLOCK III-706,FACULTY OF ENGINEERING AND TECHNOLOGY,THU,7,2:20-3:05,21CSP302L/PROJECT,
CSE,III Year,III/VI/M,BLOCK III-706,FACULTY OF ENGINEERING AND TECHNOLOGY,THU,8,3:05-3:50,,
CSE,III Year,III/VI/M,BLOCK III-706,FACULTY OF ENGINEERING AND TECHNOLOGY,FRI,1,8:30-9:20,21CSC304J/CD,
CSE,III Year,III/VI/M,BLOCK III-706,FACULTY OF ENGINEERING AND TECHNOLOGY,FRI,2,9:20-10:10,,
CSE,III Year,III/VI/M,BLOCK III-706,FACULTY OF ENGINEERING AND TECHNOLOGY,FRI,3,10:20-11:10,21CSP302L/PROJECT,
CSE,III Year,III/VI/M,BLOCK III-706,FACULTY OF ENGINEERING AND TECHNOLOGY,FRI,4,11:10-12:00,,
CSE,III Year,III/VI/M,BLOCK III-706,FACULTY OF ENGINEERING AND TECHNOLOGY,FRI,5,12:40-1:30,21ECO105T/FOO,
CSE,III Year,III/VI/M,BLOCK III-706,FACULTY OF ENGINEERING AND TECHNOLOGY,FRI,6,1:30-2:20,21LEM302T/ITK,
CSE,III Year,III/VI/M,BLOCK III-706,FACULTY OF ENGINEERING AND TECHNOLOGY,FRI,7,2:20-3:05,,
CSE,III Year,III/VI/M,BLOCK III-706,FACULTY OF ENGINEERING AND TECHNOLOGY,FRI,8,3:05-3:50,,
