dept,year,section,venue,home_venue,day,period,subject,fa
CSE,I Year,I/II/CSE A,ADMIN 101,ADMIN 101,MON,5,21EES101T/BEEE,FACULTY OF ENGINEERING AND TECHNOLOGY
CSE,I Year,I/II/CSE A,ADMIN 101,ADMIN 101,MON,6,21PYB102J/PHY,FACULTY OF ENGINEERING AND TECHNOLOGY
CSE,I Year,I/II/CSE A,ADMIN 101,ADMIN 101,MON,7,21PDM102L/GA,FACULTY OF ENGINEERING AND TECHNOLOGY
CSE,I Year,I/II/CSE A,ADMIN 101,ADMIN 101,TUE,1,21LEH101T/CE,FACULTY OF ENGINEERING AND TECHNOLOGY
CSE,I Year,I/II/CSE A,ADMIN 101,ADMIN 101,TUE,2,21MAB102T/ACCA,FACULTY OF ENGINEERING AND TECHNOLOGY
CSE,I Year,I/II/CSE A,ADMIN 101,ADMIN 101,TUE,3,21CSC101T/OODP,FACULTY OF ENGINEERING AND TECHNOLOGY
CSE,I Year,I/II/CSE A,ADMIN 101,ADMIN 101,TUE,4,21MES101L/WS,FACULTY OF ENGINEERING AND TECHNOLOGY
CSE,I Year,I/II/CSE A,ADMIN 101,ADMIN 101,TUE,5,21MES101L/WS,FACULTY OF ENGINEERING AND TECHNOLOGY
CSE,I Year,I/II/CSE A,ADMIN 101,ADMIN 101,WED,1,21PYB102J/PHY,FACULTY OF ENGINEERING AND TECHNOLOGY
CSE,I Year,I/II/CSE A,ADMIN 101,ADMIN 101,WED,3,21GNM101L/YOGA,FACULTY OF ENGINEERING AND TECHNOLOGY
CSE,I Year,I/II/CSE A,ADMIN 101,ADMIN 101,WED,6,21MAB102T/ACCA,FACULTY OF ENGINEERING AND TECHNOLOGY
CSE,I Year,I/II/CSE A,ADMIN 101,ADMIN 101,WED,7,21PYB102J/PHY,FACULTY OF ENGINEERING AND TECHNOLOGY
CSE,I Year,I/II/CSE A,ADMIN 101,ADMIN 101,WED,8,21EES101T/BEEE,FACULTY OF ENGINEERING AND TECHNOLOGY
CSE,I Year,I/II/CSE A,ADMIN 101,ADMIN 101,THU,1,21CSC101T/OODP,FACULTY OF ENGINEERING AND TECHNOLOGY
CSE,I Year,I/II/CSE A,ADMIN 101,ADMIN 101,THU,2,21MAB102T/ACCA,FACULTY OF ENGINEERING AND TECHNOLOGY
CSE,I Year,I/II/CSE A,ADMIN 101,ADMIN 101,THU,3,21PYB102J/PHY,FACULTY OF ENGINEERING AND TECHNOLOGY
CSE,I Year,I/II/CSE A,ADMIN 101,ADMIN 101,THU,4,21EES101T/BEEE,FACULTY OF ENGINEERING AND TECHNOLOGY
CSE,I Year,I/II/CSE A,ADMIN 101,ADMIN 101,THU,5,21LEH101T/CE,FACULTY OF ENGINEERING AND TECHNOLOGY
CSE,I Year,I/II/CSE A,ADMIN 101,ADMIN 101,THU,6,21LEM101T/ COI,FACULTY OF ENGINEERING AND TECHNOLOGY
CSE,I Year,I/II/CSE A,ADMIN 101,ADMIN 101,FRI,1,21MAB102T/ACCA,FACULTY OF ENGINEERING AND TECHNOLOGY
CSE,I Year,I/II/CSE A,ADMIN 101,ADMIN 101,FRI,2,21PYB102J/PHY,FACULTY OF ENGINEERING AND TECHNOLOGY
CSE,I Year,I/II/CSE A,ADMIN 101,ADMIN 101,FRI,3,21LEH101T/CE,FACULTY OF ENGINEERING AND TECHNOLOGY
CSE,I Year,I/II/CSE A,ADMIN 101,ADMIN 101,FRI,4,21EES101T/BEEE,FACULTY OF ENGINEERING AND TECHNOLOGY
CSE,I Year,I/II/CSE A,ADMIN 101,ADMIN 101,FRI,5,21CSC101T/OODP,FACULTY OF ENGINEERING AND TECHNOLOGY
CSE,I Year,I/II/CSE B,ADMIN 101,ADMIN 101,MON,1,21PYB102J/PHY,FACULTY OF ENGINEERING AND TECHNOLOGY
CSE,I Year,I/II/CSE B,ADMIN 101,ADMIN 101,MON,2,21CSC101T/OODP,FACULTY OF ENGINEERING AND TECHNOLOGY
CSE,I Year,I/II/CSE B,ADMIN 101,ADMIN 101,MON,3,21MAB102T/ACCA,FACULTY OF ENGINEERING AND TECHNOLOGY
CSE,I Year,I/II/CSE B,ADMIN 101,ADMIN 101,MON,4,21MES101L/WS,FACULTY OF ENGINEERING AND TECHNOLOGY
CSE,I Year,I/II/CSE B,ADMIN 101,ADMIN 101,MON,5,21MES101L/WS,FACULTY OF ENGINEERING AND TECHNOLOGY
CSE,I Year,I/II/CSE B,ADMIN 101,ADMIN 101,TUE,5,21PDM102L/GA,FACULTY OF ENGINEERING AND TECHNOLOGY
CSE,I Year,I/II/CSE B,ADMIN 101,ADMIN 101,TUE,7,21MAB102T/ACCA,FACULTY OF ENGINEERING AND TECHNOLOGY
CSE,I Year,I/II/CSE B,ADMIN 101,ADMIN 101,TUE,8,21EES101T/BEEE,FACULTY OF ENGINEERING AND TECHNOLOGY
CSE,I Year,I/II/CSE B,ADMIN 101,ADMIN 101,WED,1,21LEH101T/CE,FACULTY OF ENGINEERING AND TECHNOLOGY
CSE,I Year,I/II/CSE B,ADMIN 101,ADMIN 101,WED,2,21EES101T/BEEE,FACULTY OF ENGINEERING AND TECHNOLOGY
CSE,I Year,I/II/CSE B,ADMIN 101,ADMIN 101,WED,3,21PYB102J/PHY,FACULTY OF ENGINEERING AND TECHNOLOGY
CSE,I Year,I/II/CSE B,ADMIN 101,ADMIN 101,WED,4,21MAB102T/ACCA,FACULTY OF ENGINEERING AND TECHNOLOGY
CSE,I Year,I/II/CSE B,ADMIN 101,ADMIN 101,WED,6,21CSC101T/OODP,FACULTY OF ENGINEERING AND TECHNOLOGY
CSE,I Year,I/II/CSE B,ADMIN 101,ADMIN 101,WED,7,21LEM101T/ COI,FACULTY OF ENGINEERING AND TECHNOLOGY
CSE,I Year,I/II/CSE B,ADMIN 101,ADMIN 101,THU,1,21PYB102J/PHY,FACULTY OF ENGINEERING AND TECHNOLOGY
CSE,I Year,I/II/CSE B,ADMIN 101,ADMIN 101,THU,3,21GNM101L/YOGA,FACULTY OF ENGINEERING AND TECHNOLOGY
CSE,I Year,I/II/CSE B,ADMIN 101,ADMIN 101,THU,5,21PYB102J/PHY,FACULTY OF ENGINEERING AND TECHNOLOGY
CSE,I Year,I/II/CSE B,ADMIN 101,ADMIN 101,THU,6,21LEH101T/CE,FACULTY OF ENGINEERING AND TECHNOLOGY
CSE,I Year,I/II/CSE B,ADMIN 101,ADMIN 101,THU,7,21EES101T/BEEE,FACULTY OF ENGINEERING AND TECHNOLOGY
CSE,I Year,I/II/CSE B,ADMIN 101,ADMIN 101,FRI,1,21MAB102T/ACCA,FACULTY OF ENGINEERING AND TECHNOLOGY
CSE,I Year,I/II/CSE B,ADMIN 101,ADMIN 101,FRI,2,21CSC101T/OODP,FACULTY OF ENGINEERING AND TECHNOLOGY
CSE,I Year,I/II/CSE B,ADMIN 101,ADMIN 101,FRI,3,21PYB102J/PHY,FACULTY OF ENGINEERING AND TECHNOLOGY
CSE,I Year,I/II/CSE B,ADMIN 101,ADMIN 101,FRI,4,21LEH101T/CE,FACULTY OF ENGINEERING AND TECHNOLOGY
CSE,I Year,I/II/CSE B,ADMIN 101,ADMIN 101,FRI,5,21EES101T/BEEE,FACULTY OF ENGINEERING AND TECHNOLOGY
CSE,I Year,I/II/CSE C,ADMIN 102,ADMIN 102,MON,1,21MES101L/WS,FACULTY OF ENGINEERING AND TECHNOLOGY
CSE,I Year,I/II/CSE C,ADMIN 102,ADMIN 102,MON,3,21MES101L/WS,FACULTY OF ENGINEERING AND TECHNOLOGY
CSE,I Year,I/II/CSE C,ADMIN 102,ADMIN 102,MON,5,21PYB102J/PHY,FACULTY OF ENGINEERING AND TECHNOLOGY
CSE,I Year,I/II/CSE C,ADMIN 102,ADMIN 102,MON,6,21MAB102T/ACCA,FACULTY OF ENGINEERING AND TECHNOLOGY
CSE,I Year,I/II/CSE C,ADMIN 102,ADMIN 102,MON,7,21EES101T/BEEE,FACULTY OF ENGINEERING AND TECHNOLOGY
CSE,I Year,I/II/CSE C,ADMIN 102,ADMIN 102,TUE,1,21PDM102L/GA,FACULTY OF ENGINEERING AND TECHNOLOGY
CSE,I Year,I/II/CSE C,ADMIN 102,ADMIN 102,TUE,3,21LEH101T/CE,FACULTY OF ENGINEERING AND TECHNOLOGY
CSE,I Year,I/II/CSE C,ADMIN 102,ADMIN 102,TUE,4,21PYB102J/PHY,FACULTY OF ENGINEERING AND TECHNOLOGY
CSE,I Year,I/II/CSE C,ADMIN 102,ADMIN 102,TUE,5,21PYB102J/PHY,FACULTY OF ENGINEERING AND TECHNOLOGY
CSE,I Year,I/II/CSE C,ADMIN 102,ADMIN 102,TUE,7,21GNM101L/YOGA,FACULTY OF ENGINEERING AND TECHNOLOGY
CSE,I Year,I/II/CSE C,ADMIN 102,ADMIN 102,WED,1,21PYB102J/PHY,FACULTY OF ENGINEERING AND TECHNOLOGY
CSE,I Year,I/II/CSE C,ADMIN 102,ADMIN 102,WED,2,21LEH101T/CE,FACULTY OF ENGINEERING AND TECHNOLOGY
CSE,I Year,I/II/CSE C,ADMIN 102,ADMIN 102,WED,3,21EES101T/BEEE,FACULTY OF ENGINEERING AND TECHNOLOGY
CSE,I Year,I/II/CSE C,ADMIN 102,ADMIN 102,WED,4,21MAB102T/ACCA,FACULTY OF ENGINEERING AND TECHNOLOGY
CSE,I Year,I/II/CSE C,ADMIN 102,ADMIN 102,WED,6,21CSC101T/OODP,FACULTY OF ENGINEERING AND TECHNOLOGY
CSE,I Year,I/II/CSE C,ADMIN 102,ADMIN 102,WED,7,21LEM101T/ COI,FACULTY OF ENGINEERING AND TECHNOLOGY
CSE,I Year,I/II/CSE C,ADMIN 102,ADMIN 102,THU,1,21CSC101T/OODP,FACULTY OF ENGINEERING AND TECHNOLOGY
CSE,I Year,I/II/CSE C,ADMIN 102,ADMIN 102,THU,2,21PYB102J/PHY,FACULTY OF ENGINEERING AND TECHNOLOGY
CSE,I Year,I/II/CSE C,ADMIN 102,ADMIN 102,THU,3,21MAB102T/ACCA,FACULTY OF ENGINEERING AND TECHNOLOGY
CSE,I Year,I/II/CSE C,ADMIN 102,ADMIN 102,THU,4,21LEH101T/CE,FACULTY OF ENGINEERING AND TECHNOLOGY
CSE,I Year,I/II/CSE C,ADMIN 102,ADMIN 102,THU,5,21EES101T/BEEE,FACULTY OF ENGINEERING AND TECHNOLOGY
CSE,I Year,I/II/CSE C,ADMIN 102,ADMIN 102,FRI,5,21CSC101T/OODP,FACULTY OF ENGINEERING AND TECHNOLOGY
CSE,I Year,I/II/CSE C,ADMIN 102,ADMIN 102,FRI,6,21MAB102T/ACCA,FACULTY OF ENGINEERING AND TECHNOLOGY
CSE,I Year,I/II/CSE C,ADMIN 102,ADMIN 102,FRI,7,21EES101T/BEEE,FACULTY OF ENGINEERING AND TECHNOLOGY
CSE,I Year,I/II/CSE D,ADMIN 102,ADMIN 102,MON,1,21CSC101T/OODP,FACULTY OF ENGINEERING AND TECHNOLOGY
CSE,I Year,I/II/CSE D,ADMIN 102,ADMIN 102,MON,2,21LEH101T/CE,FACULTY OF ENGINEERING AND TECHNOLOGY
CSE,I Year,I/II/CSE D,ADMIN 102,ADMIN 102,MON,3,21MAB102T/ACCA,FACULTY OF ENGINEERING AND TECHNOLOGY
CSE,I Year,I/II/CSE D,ADMIN 102,ADMIN 102,MON,4,21MES101L/WS,FACULTY OF ENGINEERING AND TECHNOLOGY
CSE,I Year,I/II/CSE D,ADMIN 102,ADMIN 102,MON,5,21MES101L/WS,FACULTY OF ENGINEERING AND TECHNOLOGY
CSE,I Year,I/II/CSE D,ADMIN 102,ADMIN 102,TUE,1,21PYB102J/PHY,FACULTY OF ENGINEERING AND TECHNOLOGY
CSE,I Year,I/II/CSE D,ADMIN 102,ADMIN 102,TUE,2,21MAB102T/ACCA,FACULTY OF ENGINEERING AND TECHNOLOGY
CSE,I Year,I/II/CSE D,ADMIN 102,ADMIN 102,TUE,3,21PDM102L/GA,FACULTY OF ENGINEERING AND TECHNOLOGY
CSE,I Year,I/II/CSE D,ADMIN 102,ADMIN 102,TUE,5,21EES101T/BEEE,FACULTY OF ENGINEERING AND TECHNOLOGY
CSE,I Year,I/II/CSE D,ADMIN 102,ADMIN 102,TUE,6,21LEM101T/ COI,FACULTY OF ENGINEERING AND TECHNOLOGY
CSE,I Year,I/II/CSE D,ADMIN 102,ADMIN 102,WED,1,21EES101T/BEEE,FACULTY OF ENGINEERING AND TECHNOLOGY
CSE,I Year,I/II/CSE D,ADMIN 102,ADMIN 102,WED,2,21MAB102T/ACCA,FACULTY OF ENGINEERING AND TECHNOLOGY
CSE,I Year,I/II/CSE D,ADMIN 102,ADMIN 102,WED,3,21LEH101T/CE,FACULTY OF ENGINEERING AND TECHNOLOGY
CSE,I Year,I/II/CSE D,ADMIN 102,ADMIN 102,WED,4,21PYB102J/PHY,FACULTY OF ENGINEERING AND TECHNOLOGY
CSE,I Year,I/II/CSE D,ADMIN 102,ADMIN 102,THU,1,21MAB102T/ACCA,FACULTY OF ENGINEERING AND TECHNOLOGY
CSE,I Year,I/II/CSE D,ADMIN 102,ADMIN 102,THU,2,21EES101T/BEEE,FACULTY OF ENGINEERING AND TECHNOLOGY
CSE,I Year,I/II/CSE D,ADMIN 102,ADMIN 102,THU,3,21CSC101T/OODP,FACULTY OF ENGINEERING AND TECHNOLOGY
CSE,I Year,I/II/CSE D,ADMIN 102,ADMIN 102,THU,4,21PYB102J/PHY,FACULTY OF ENGINEERING AND TECHNOLOGY
CSE,I Year,I/II/CSE D,ADMIN 102,ADMIN 102,THU,5,21PYB102J/PHY,FACULTY OF ENGINEERING AND TECHNOLOGY
CSE,I Year,I/II/CSE D,ADMIN 102,ADMIN 102,THU,7,21GNM101L/YOGA,FACULTY OF ENGINEERING AND TECHNOLOGY
CSE,I Year,I/II/CSE D,ADMIN 102,ADMIN 102,FRI,1,21LEH101T/CE,FACULTY OF ENGINEERING AND TECHNOLOGY
CSE,I Year,I/II/CSE D,ADMIN 102,ADMIN 102,FRI,2,21PYB102J/PHY,FACULTY OF ENGINEERING AND TECHNOLOGY
CSE,I Year,I/II/CSE D,ADMIN 102,ADMIN 102,FRI,3,21EES101T/BEEE,FACULTY OF ENGINEERING AND TECHNOLOGY
CSE,I Year,I/II/CSE D,ADMIN 102,ADMIN 102,FRI,4,21CSC101T/OODP,FACULTY OF ENGINEERING AND TECHNOLOGY
CSE,I Year,I/II/CSE E,ADMIN 103,ADMIN 103,MON,1,21PYB102J/PHY,FACULTY OF ENGINEERING AND TECHNOLOGY
CSE,I Year,I/II/CSE E,ADMIN 103,ADMIN 103,MON,3,21GNM101L/YOGA,FACULTY OF ENGINEERING AND TECHNOLOGY
CSE,I Year,I/II/CSE E,ADMIN 103,ADMIN 103,MON,5,21PYB102J/PHY,FACULTY OF ENGINEERING AND TECHNOLOGY
CSE,I Year,I/II/CSE E,ADMIN 103,ADMIN 103,MON,6,21MAB102T/ACCA,FACULTY OF ENGINEERING AND TECHNOLOGY
CSE,I Year,I/II/CSE E,ADMIN 103,ADMIN 103,MON,7,21EES101T/BEEE,FACULTY OF ENGINEERING AND TECHNOLOGY
CSE,I Year,I/II/CSE E,ADMIN 103,ADMIN 103,TUE,1,21MAB102T/ACCA,FACULTY OF ENGINEERING AND TECHNOLOGY
CSE,I Year,I/II/CSE E,ADMIN 103,ADMIN 103,TUE,2,21CSC101T/OODP,FACULTY OF ENGINEERING AND TECHNOLOGY
CSE,I Year,I/II/CSE E,ADMIN 103,ADMIN 103,TUE,3,21PYB102J/PHY,FACULTY OF ENGINEERING AND TECHNOLOGY
CSE,I Year,I/II/CSE E,ADMIN 103,ADMIN 103,TUE,4,21LEH101T/CE,FACULTY OF ENGINEERING AND TECHNOLOGY
CSE,I Year,I/II/CSE E,ADMIN 103,ADMIN 103,WED,1,21PYB102J/PHY,FACULTY OF ENGINEERING AND TECHNOLOGY
CSE,I Year,I/II/CSE E,ADMIN 103,ADMIN 103,WED,2,21MAB102T/ACCA,FACULTY OF ENGINEERING AND TECHNOLOGY
CSE,I Year,I/II/CSE E,ADMIN 103,ADMIN 103,WED,3,21PDM102L/GA,FACULTY OF ENGINEERING AND TECHNOLOGY
CSE,I Year,I/II/CSE E,ADMIN 103,ADMIN 103,WED,6,21CSC101T/OODP,FACULTY OF ENGINEERING AND TECHNOLOGY
CSE,I Year,I/II/CSE E,ADMIN 103,ADMIN 103,WED,7,21EES101T/BEEE,FACULTY OF ENGINEERING AND TECHNOLOGY
CSE,I Year,I/II/CSE E,ADMIN 103,ADMIN 103,THU,1,21EES101T/BEEE,FACULTY OF ENGINEERING AND TECHNOLOGY
CSE,I Year,I/II/CSE E,ADMIN 103,ADMIN 103,THU,2,21LEH101T/CE,FACULTY OF ENGINEERING AND TECHNOLOGY
CSE,I Year,I/II/CSE E,ADMIN 103,ADMIN 103,THU,3,21CSC101T/OODP,FACULTY OF ENGINEERING AND TECHNOLOGY
CSE,I Year,I/II/CSE E,ADMIN 103,ADMIN 103,THU,4,21PYB102J/PHY,FACULTY OF ENGINEERING AND TECHNOLOGY
CSE,I Year,I/II/CSE E,ADMIN 103,ADMIN 103,FRI,1,21MES101L/WS,FACULTY OF ENGINEERING AND TECHNOLOGY
CSE,I Year,I/II/CSE E,ADMIN 103,ADMIN 103,FRI,3,21MES101L/WS,FACULTY OF ENGINEERING AND TECHNOLOGY
CSE,I Year,I/II/CSE E,ADMIN 103,ADMIN 103,FRI,4,21MAB102T/ACCA,FACULTY OF ENGINEERING AND TECHNOLOGY
CSE,I Year,I/II/CSE E,ADMIN 103,ADMIN 103,FRI,5,21LEH101T/CE,FACULTY OF ENGINEERING AND TECHNOLOGY
CSE,I Year,I/II/CSE E,ADMIN 103,ADMIN 103,FRI,6,21EES101T/BEEE,FACULTY OF ENGINEERING AND TECHNOLOGY
CSE,I Year,I/II/CSE E,ADMIN 103,ADMIN 103,FRI,7,21LEM101T/ COI,FACULTY OF ENGINEERING AND TECHNOLOGY
CSE,I Year,I/II/CSE F,ADMIN 104,ADMIN 104,MON,1,21PDM102L/GA,FACULTY OF ENGINEERING AND TECHNOLOGY
CSE,I Year,I/II/CSE F,ADMIN 104,ADMIN 104,MON,3,21CSC101T/OODP,FACULTY OF ENGINEERING AND TECHNOLOGY
CSE,I Year,I/II/CSE F,ADMIN 104,ADMIN 104,MON,4,21LEH101T/CE,FACULTY OF ENGINEERING AND TECHNOLOGY
CSE,I Year,I/II/CSE F,ADMIN 104,ADMIN 104,MON,5,21PYB102J/PHY,FACULTY OF ENGINEERING AND TECHNOLOGY
CSE,I Year,I/II/CSE F,ADMIN 104,ADMIN 104,MON,6,21MAB102T/ACCA,FACULTY OF ENGINEERING AND TECHNOLOGY
CSE,I Year,I/II/CSE F,ADMIN 104,ADMIN 104,MON,7,21EES101T/BEEE,FACULTY OF ENGINEERING AND TECHNOLOGY
CSE,I Year,I/II/CSE F,ADMIN 104,ADMIN 104,TUE,1,21LEH101T/CE,FACULTY OF ENGINEERING AND TECHNOLOGY
CSE,I Year,I/II/CSE F,ADMIN 104,ADMIN 104,TUE,2,21PYB102J/PHY,FACULTY OF ENGINEERING AND TECHNOLOGY
CSE,I Year,I/II/CSE F,ADMIN 104,ADMIN 104,TUE,3,21MAB102T/ACCA,FACULTY OF ENGINEERING AND TECHNOLOGY
CSE,I Year,I/II/CSE F,ADMIN 104,ADMIN 104,TUE,4,21EES101T/BEEE,FACULTY OF ENGINEERING AND TECHNOLOGY
CSE,I Year,I/II/CSE F,ADMIN 104,ADMIN 104,TUE,5,21CSC101T/OODP,FACULTY OF ENGINEERING AND TECHNOLOGY
CSE,I Year,I/II/CSE F,ADMIN 104,ADMIN 104,TUE,6,21LEM101T/ COI,FACULTY OF ENGINEERING AND TECHNOLOGY
CSE,I Year,I/II/CSE F,ADMIN 104,ADMIN 104,WED,1,21MAB102T/ACCA,FACULTY OF ENGINEERING AND TECHNOLOGY
CSE,I Year,I/II/CSE F,ADMIN 104,ADMIN 104,WED,2,21CSC101T/OODP,FACULTY OF ENGINEERING AND TECHNOLOGY
CSE,I Year,I/II/CSE F,ADMIN 104,ADMIN 104,WED,3,21PYB102J/PHY,FACULTY OF ENGINEERING AND TECHNOLOGY
CSE,I Year,I/II/CSE F,ADMIN 104,ADMIN 104,WED,4,21EES101T/BEEE,FACULTY OF ENGINEERING AND TECHNOLOGY
CSE,I Year,I/II/CSE F,ADMIN 104,ADMIN 104,THU,1,21MES101L/WS,FACULTY OF ENGINEERING AND TECHNOLOGY
CSE,I Year,I/II/CSE F,ADMIN 104,ADMIN 104,THU,3,21MES101L/WS,FACULTY OF ENGINEERING AND TECHNOLOGY
CSE,I Year,I/II/CSE F,ADMIN 104,ADMIN 104,THU,5,21MAB102T/ACCA,FACULTY OF ENGINEERING AND TECHNOLOGY
CSE,I Year,I/II/CSE F,ADMIN 104,ADMIN 104,THU,6,21PYB102J/PHY,FACULTY OF ENGINEERING AND TECHNOLOGY
CSE,I Year,I/II/CSE F,ADMIN 104,ADMIN 104,FRI,1,21GNM101L/YOGA,FACULTY OF ENGINEERING AND TECHNOLOGY
CSE,I Year,I/II/CSE F,ADMIN 104,ADMIN 104,FRI,3,21PYB102J/PHY,FACULTY OF ENGINEERING AND TECHNOLOGY
CSE,I Year,I/II/CSE F,ADMIN 104,ADMIN 104,FRI,5,21LEH101T/CE,FACULTY OF ENGINEERING AND TECHNOLOGY
CSE,I Year,I/II/CSE F,ADMIN 104,ADMIN 104,FRI,6,21EES101T/BEEE,FACULTY OF ENGINEERING AND TECHNOLOGY
CSE,I Year,I/II/CSE G,ADMIN 201,ADMIN 201,MON,1,21MAB102T/ACCA,FACULTY OF ENGINEERING AND TECHNOLOGY
CSE,I Year,I/II/CSE G,ADMIN 201,ADMIN 201,MON,2,21CSC101T/OODP,FACULTY OF ENGINEERING AND TECHNOLOGY
CSE,I Year,I/II/CSE G,ADMIN 201,ADMIN 201,MON,3,21EES101T/BEEE,FACULTY OF ENGINEERING AND TECHNOLOGY
CSE,I Year,I/II/CSE G,ADMIN 201,ADMIN 201,MON,4,21PYB102J/PHY,FACULTY OF ENGINEERING AND TECHNOLOGY
CSE,I Year,I/II/CSE G,ADMIN 201,ADMIN 201,TUE,1,21LEH101T/CE,FACULTY OF ENGINEERING AND TECHNOLOGY
CSE,I Year,I/II/CSE G,ADMIN 201,ADMIN 201,TUE,2,21EES101T/BEEE,FACULTY OF ENGINEERING AND TECHNOLOGY
CSE,I Year,I/II/CSE G,ADMIN 201,ADMIN 201,TUE,3,21MAB102T/ACCA,FACULTY OF ENGINEERING AND TECHNOLOGY
CSE,I Year,I/II/CSE G,ADMIN 201,ADMIN 201,TUE,4,21CSC101T/OODP,FACULTY OF ENGINEERING AND TECHNOLOGY
CSE,I Year,I/II/CSE G,ADMIN 201,ADMIN 201,WED,1,21EES101T/BEEE,FACULTY OF ENGINEERING AND TECHNOLOGY
CSE,I Year,I/II/CSE G,ADMIN 201,ADMIN 201,WED,3,21LEH101T/CE,FACULTY OF ENGINEERING AND TECHNOLOGY
CSE,I Year,I/II/CSE G,ADMIN 201,ADMIN 201,WED,4,21PYB102J/PHY,FACULTY OF ENGINEERING AND TECHNOLOGY
CSE,I Year,I/II/CSE G,ADMIN 201,ADMIN 201,WED,6,21MAB102T/ACCA,FACULTY OF ENGINEERING AND TECHNOLOGY
CSE,I Year,I/II/CSE G,ADMIN 201,ADMIN 201,WED,7,21PYB102J/PHY,FACULTY OF ENGINEERING AND TECHNOLOGY
CSE,I Year,I/II/CSE G,ADMIN 201,ADMIN 201,THU,1,21CSC101T/OODP,FACULTY OF ENGINEERING AND TECHNOLOGY
CSE,I Year,I/II/CSE G,ADMIN 201,ADMIN 201,THU,2,21MAB102T/ACCA,FACULTY OF ENGINEERING AND TECHNOLOGY
CSE,I Year,I/II/CSE G,ADMIN 201,ADMIN 201,THU,3,21PYB102J/PHY,FACULTY OF ENGINEERING AND TECHNOLOGY
CSE,I Year,I/II/CSE G,ADMIN 201,ADMIN 201,THU,4,21MES101L/WS,FACULTY OF ENGINEERING AND TECHNOLOGY
CSE,I Year,I/II/CSE G,ADMIN 201,ADMIN 201,THU,5,21MES101L/WS,FACULTY OF ENGINEERING AND TECHNOLOGY
CSE,I Year,I/II/CSE G,ADMIN 201,ADMIN 201,FRI,1,21PDM102L/GA,FACULTY OF ENGINEERING AND TECHNOLOGY
CSE,I Year,I/II/CSE G,ADMIN 201,ADMIN 201,FRI,3,21PYB102J/PHY,FACULTY OF ENGINEERING AND TECHNOLOGY
CSE,I Year,I/II/CSE G,ADMIN 201,ADMIN 201,FRI,4,21LEH101T/CE,FACULTY OF ENGINEERING AND TECHNOLOGY
CSE,I Year,I/II/CSE G,ADMIN 201,ADMIN 201,FRI,5,21EES101T/BEEE,FACULTY OF ENGINEERING AND TECHNOLOGY
CSE,I Year,I/II/CSE G,ADMIN 201,ADMIN 201,FRI,6,21LEM101T/ COI,FACULTY OF ENGINEERING AND TECHNOLOGY
CSE,I Year,I/II/CSE G,ADMIN 201,ADMIN 201,FRI,7,21GNM101L/YOGA,FACULTY OF ENGINEERING AND TECHNOLOGY
CSE,I Year,I/II/CSE H,ADMIN 202,ADMIN 202,MON,1,21PYB102J/PHY,FACULTY OF ENGINEERING AND TECHNOLOGY
CSE,I Year,I/II/CSE H,ADMIN 202,ADMIN 202,MON,2,21CSC101T/OODP,FACULTY OF ENGINEERING AND TECHNOLOGY
CSE,I Year,I/II/CSE H,ADMIN 202,ADMIN 202,MON,3,21LEH101T/CE,FACULTY OF ENGINEERING AND TECHNOLOGY
CSE,I Year,I/II/CSE H,ADMIN 202,ADMIN 202,MON,4,21MAB102T/ACCA,FACULTY OF ENGINEERING AND TECHNOLOGY
CSE,I Year,I/II/CSE H,ADMIN 202,ADMIN 202,MON,5,21EES101T/BEEE,FACULTY OF ENGINEERING AND TECHNOLOGY
CSE,I Year,I/II/CSE H,ADMIN 202,ADMIN 202,MON,6,21LEM101T/ COI,FACULTY OF ENGINEERING AND TECHNOLOGY
CSE,I Year,I/II/CSE H,ADMIN 202,ADMIN 202,MON,7,21GNM101L/YOGA,FACULTY OF ENGINEERING AND TECHNOLOGY
CSE,I Year,I/II/CSE H,ADMIN 202,ADMIN 202,TUE,1,21MES101L/WS,FACULTY OF ENGINEERING AND TECHNOLOGY
CSE,I Year,I/II/CSE H,ADMIN 202,ADMIN 202,TUE,3,21MES101L/WS,FACULTY OF ENGINEERING AND TECHNOLOGY
CSE,I Year,I/II/CSE H,ADMIN 202,ADMIN 202,TUE,5,21PYB102J/PHY,FACULTY OF ENGINEERING AND TECHNOLOGY
CSE,I Year,I/II/CSE H,ADMIN 202,ADMIN 202,TUE,6,21EES101T/BEEE,FACULTY OF ENGINEERING AND TECHNOLOGY
CSE,I Year,I/II/CSE H,ADMIN 202,ADMIN 202,WED,1,21PDM102L/GA,FACULTY OF ENGINEERING AND TECHNOLOGY
CSE,I Year,I/II/CSE H,ADMIN 202,ADMIN 202,WED,3,21CSC101T/OODP,FACULTY OF ENGINEERING AND TECHNOLOGY
CSE,I Year,I/II/CSE H,ADMIN 202,ADMIN 202,WED,4,21LEH101T/CE,FACULTY OF ENGINEERING AND TECHNOLOGY
CSE,I Year,I/II/CSE H,ADMIN 202,ADMIN 202,WED,6,21MAB102T/ACCA,FACULTY OF ENGINEERING AND TECHNOLOGY
CSE,I Year,I/II/CSE H,ADMIN 202,ADMIN 202,WED,7,21PYB102J/PHY,FACULTY OF ENGINEERING AND TECHNOLOGY
CSE,I Year,I/II/CSE H,ADMIN 202,ADMIN 202,THU,1,21CSC101T/OODP,FACULTY OF ENGINEERING AND TECHNOLOGY
CSE,I Year,I/II/CSE H,ADMIN 202,ADMIN 202,THU,2,21PYB102J/PHY,FACULTY OF ENGINEERING AND TECHNOLOGY
CSE,I Year,I/II/CSE H,ADMIN 202,ADMIN 202,THU,3,21MAB102T/ACCA,FACULTY OF ENGINEERING AND TECHNOLOGY
CSE,I Year,I/II/CSE H,ADMIN 202,ADMIN 202,THU,4,21EES101T/BEEE,FACULTY OF ENGINEERING AND TECHNOLOGY
CSE,I Year,I/II/CSE H,ADMIN 202,ADMIN 202,FRI,1,21MAB102T/ACCA,FACULTY OF ENGINEERING AND TECHNOLOGY
CSE,I Year,I/II/CSE H,ADMIN 202,ADMIN 202,FRI,2,21LEH101T/CE,FACULTY OF ENGINEERING AND TECHNOLOGY
CSE,I Year,I/II/CSE H,ADMIN 202,ADMIN 202,FRI,3,21EES101T/BEEE,FACULTY OF ENGINEERING AND TECHNOLOGY
CSE,I Year,I/II/CSE H,ADMIN 202,ADMIN 202,FRI,5,21PYB102J/PHY,FACULTY OF ENGINEERING AND TECHNOLOGY
CSE,I Year,I/II/CSE I,ADMIN 203,ADMIN 203,MON,1,21LEH101T/CE,FACULTY OF ENGINEERING AND TECHNOLOGY
CSE,I Year,I/II/CSE I,ADMIN 203,ADMIN 203,MON,2,21PYB102J/PHY,FACULTY OF ENGINEERING AND TECHNOLOGY
CSE,I Year,I/II/CSE I,ADMIN 203,ADMIN 203,MON,3,21PDM102L/GA,FACULTY OF ENGINEERING AND TECHNOLOGY
CSE,I Year,I/II/CSE I,ADMIN 203,ADMIN 203,MON,5,21MAB102T/ACCA,FACULTY OF ENGINEERING AND TECHNOLOGY
CSE,I Year,I/II/CSE I,ADMIN 203,ADMIN 203,MON,6,21EES101T/BEEE,FACULTY OF ENGINEERING AND TECHNOLOGY
CSE,I Year,I/II/CSE I,ADMIN 203,ADMIN 203,MON,7,21LEM101T/ COI,FACULTY OF ENGINEERING AND TECHNOLOGY
CSE,I Year,I/II/CSE I,ADMIN 203,ADMIN 203,TUE,1,21PYB102J/PHY,FACULTY OF ENGINEERING AND TECHNOLOGY
CSE,I Year,I/II/CSE I,ADMIN 203,ADMIN 203,TUE,3,21MAB102T/ACCA,FACULTY OF ENGINEERING AND TECHNOLOGY
CSE,I Year,I/II/CSE I,ADMIN 203,ADMIN 203,TUE,4,21CSC101T/OODP,FACULTY OF ENGINEERING AND TECHNOLOGY
CSE,I Year,I/II/CSE I,ADMIN 203,ADMIN 203,TUE,6,21MES101L/WS,FACULTY OF ENGINEERING AND TECHNOLOGY
CSE,I Year,I/II/CSE I,ADMIN 203,ADMIN 203,WED,1,21CSC101T/OODP,FACULTY OF ENGINEERING AND TECHNOLOGY
CSE,I Year,I/II/CSE I,ADMIN 203,ADMIN 203,WED,2,21EES101T/BEEE,FACULTY OF ENGINEERING AND TECHNOLOGY
CSE,I Year,I/II/CSE I,ADMIN 203,ADMIN 203,WED,3,21LEH101T/CE,FACULTY OF ENGINEERING AND TECHNOLOGY
CSE,I Year,I/II/CSE I,ADMIN 203,ADMIN 203,WED,4,21PYB102J/PHY,FACULTY OF ENGINEERING AND TECHNOLOGY
CSE,I Year,I/II/CSE I,ADMIN 203,ADMIN 203,THU,1,21PYB102J/PHY,FACULTY OF ENGINEERING AND TECHNOLOGY
CSE,I Year,I/II/CSE I,ADMIN 203,ADMIN 203,THU,2,21CSC101T/OODP,FACULTY OF ENGINEERING AND TECHNOLOGY
CSE,I Year,I/II/CSE I,ADMIN 203,ADMIN 203,THU,3,21EES101T/BEEE,FACULTY OF ENGINEERING AND TECHNOLOGY
CSE,I Year,I/II/CSE I,ADMIN 203,ADMIN 203,THU,4,21MAB102T/ACCA,FACULTY OF ENGINEERING AND TECHNOLOGY
CSE,I Year,I/II/CSE I,ADMIN 203,ADMIN 203,THU,5,21GNM104L/NSO,FACULTY OF ENGINEERING AND TECHNOLOGY
CSE,I Year,I/II/CSE I,ADMIN 203,ADMIN 203,FRI,1,21MAB102T/ACCA,FACULTY OF ENGINEERING AND TECHNOLOGY
CSE,I Year,I/II/CSE I,ADMIN 203,ADMIN 203,FRI,2,21EES101T/BEEE,FACULTY OF ENGINEERING AND TECHNOLOGY
CSE,I Year,I/II/CSE I,ADMIN 203,ADMIN 203,FRI,3,21PYB102J/PHY,FACULTY OF ENGINEERING AND TECHNOLOGY
CSE,I Year,I/II/CSE I,ADMIN 203,ADMIN 203,FRI,4,21LEH101T/CE,FACULTY OF ENGINEERING AND TECHNOLOGY
CSE,I Year,I/II/CSE J,ADMIN 204,ADMIN 204,MON,1,21PYB102J/PHY,FACULTY OF ENGINEERING AND TECHNOLOGY
CSE,I Year,I/II/CSE J,ADMIN 204,ADMIN 204,MON,2,21MAB102T/ACCA,FACULTY OF ENGINEERING AND TECHNOLOGY
CSE,I Year,I/II/CSE J,ADMIN 204,ADMIN 204,MON,3,21EES101T/BEEE,FACULTY OF ENGINEERING AND TECHNOLOGY
CSE,I Year,I/II/CSE J,ADMIN 204,ADMIN 204,MON,4,21CSC101T/OODP,FACULTY OF ENGINEERING AND TECHNOLOGY
CSE,I Year,I/II/CSE J,ADMIN 204,ADMIN 204,MON,5,21GNM104L/NSO,FACULTY OF ENGINEERING AND TECHNOLOGY
CSE,I Year,I/II/CSE J,ADMIN 204,ADMIN 204,MON,7,21PYB102J/PHY,FACULTY OF ENGINEERING AND TECHNOLOGY
CSE,I Year,I/II/CSE J,ADMIN 204,ADMIN 204,TUE,1,21LEH101T/CE,FACULTY OF ENGINEERING AND TECHNOLOGY
CSE,I Year,I/II/CSE J,ADMIN 204,ADMIN 204,TUE,2,21EES101T/BEEE,FACULTY OF ENGINEERING AND TECHNOLOGY
CSE,I Year,I/II/CSE J,ADMIN 204,ADMIN 204,TUE,3,21MAB102T/ACCA,FACULTY OF ENGINEERING AND TECHNOLOGY
CSE,I Year,I/II/CSE J,ADMIN 204,ADMIN 204,TUE,4,21PYB102J/PHY,FACULTY OF ENGINEERING AND TECHNOLOGY
CSE,I Year,I/II/CSE J,ADMIN 204,ADMIN 204,TUE,5,21PDM102L/GA,FACULTY OF ENGINEERING AND TECHNOLOGY
CSE,I Year,I/II/CSE J,ADMIN 204,ADMIN 204,WED,1,21MES101L/WS,FACULTY OF ENGINEERING AND TECHNOLOGY
CSE,I Year,I/II/CSE J,ADMIN 204,ADMIN 204,WED,3,21MES101L/WS,FACULTY OF ENGINEERING AND TECHNOLOGY
CSE,I Year,I/II/CSE J,ADMIN 204,ADMIN 204,THU,1,21EES101T/BEEE,FACULTY OF ENGINEERING AND TECHNOLOGY
CSE,I Year,I/II/CSE J,ADMIN 204,ADMIN 204,THU,2,21MAB102T/ACCA,FACULTY OF ENGINEERING AND TECHNOLOGY
CSE,I Year,I/II/CSE J,ADMIN 204,ADMIN 204,THU,3,21LEH101T/CE,FACULTY OF ENGINEERING AND TECHNOLOGY
CSE,I Year,I/II/CSE J,ADMIN 204,ADMIN 204,THU,4,21CSC101T/OODP,FACULTY OF ENGINEERING AND TECHNOLOGY
CSE,I Year,I/II/CSE J,ADMIN 204,ADMIN 204,THU,5,21PYB102J/PHY,FACULTY OF ENGINEERING AND TECHNOLOGY
CSE,I Year,I/II/CSE J,ADMIN 204,ADMIN 204,THU,6,21LEM101T/ COI,FACULTY OF ENGINEERING AND TECHNOLOGY
CSE,I Year,I/II/CSE J,ADMIN 204,ADMIN 204,FRI,1,21MAB102T/ACCA,FACULTY OF ENGINEERING AND TECHNOLOGY
CSE,I Year,I/II/CSE J,ADMIN 204,ADMIN 204,FRI,2,21PYB102J/PHY,FACULTY OF ENGINEERING AND TECHNOLOGY
CSE,I Year,I/II/CSE J,ADMIN 204,ADMIN 204,FRI,3,21LEH101T/CE,FACULTY OF ENGINEERING AND TECHNOLOGY
CSE,I Year,I/II/CSE J,ADMIN 204,ADMIN 204,FRI,4,21CSC101T/OODP,FACULTY OF ENGINEERING AND TECHNOLOGY
CSE,I Year,I/II/CSE J,ADMIN 204,ADMIN 204,FRI,5,21EES101T/BEEE,FACULTY OF ENGINEERING AND TECHNOLOGY
CSE,I Year,I/II/CSE K,ADMIN 205,ADMIN 205,MON,1,21EES101T/BEEE,FACULTY OF ENGINEERING AND TECHNOLOGY
CSE,I Year,I/II/CSE K,ADMIN 205,ADMIN 205,MON,3,21LEH101T/CE,FACULTY OF ENGINEERING AND TECHNOLOGY
CSE,I Year,I/II/CSE K,ADMIN 205,ADMIN 205,MON,4,21PYB102J/PHY,FACULTY OF ENGINEERING AND TECHNOLOGY
CSE,I Year,I/II/CSE K,ADMIN 205,ADMIN 205,TUE,1,21CSC101T/OODP,FACULTY OF ENGINEERING AND TECHNOLOGY
CSE,I Year,I/II/CSE K,ADMIN 205,ADMIN 205,TUE,2,21MAB102T/ACCA,FACULTY OF ENGINEERING AND TECHNOLOGY
CSE,I Year,I/II/CSE K,ADMIN 205,ADMIN 205,TUE,3,21PYB102J/PHY,FACULTY OF ENGINEERING AND TECHNOLOGY
CSE,I Year,I/II/CSE K,ADMIN 205,ADMIN 205,TUE,5,21EES101T/BEEE,FACULTY OF ENGINEERING AND TECHNOLOGY
CSE,I Year,I/II/CSE K,ADMIN 205,ADMIN 205,TUE,6,21LEM101T/ COI,FACULTY OF ENGINEERING AND TECHNOLOGY
CSE,I Year,I/II/CSE K,ADMIN 205,ADMIN 205,WED,1,21PYB102J/PHY,FACULTY OF ENGINEERING AND TECHNOLOGY
CSE,I Year,I/II/CSE K,ADMIN 205,ADMIN 205,WED,2,21MAB102T/ACCA,FACULTY OF ENGINEERING AND TECHNOLOGY
CSE,I Year,I/II/CSE K,ADMIN 205,ADMIN 205,WED,3,21CSC101T/OODP,FACULTY OF ENGINEERING AND TECHNOLOGY
CSE,I Year,I/II/CSE K,ADMIN 205,ADMIN 205,WED,4,21LEH101T/CE,FACULTY OF ENGINEERING AND TECHNOLOGY
CSE,I Year,I/II/CSE K,ADMIN 205,ADMIN 205,WED,6,21EES101T/BEEE,FACULTY OF ENGINEERING AND TECHNOLOGY
CSE,I Year,I/II/CSE K,ADMIN 205,ADMIN 205,WED,7,21PDM102L/GA,FACULTY OF ENGINEERING AND TECHNOLOGY
CSE,I Year,I/II/CSE K,ADMIN 205,ADMIN 205,THU,1,21MES101L/WS,FACULTY OF ENGINEERING AND TECHNOLOGY
CSE,I Year,I/II/CSE K,ADMIN 205,ADMIN 205,THU,3,21MES101L/WS,FACULTY OF ENGINEERING AND TECHNOLOGY
CSE,I Year,I/II/CSE K,ADMIN 205,ADMIN 205,THU,5,21PYB102J/PHY,FACULTY OF ENGINEERING AND TECHNOLOGY
CSE,I Year,I/II/CSE K,ADMIN 205,ADMIN 205,THU,6,21MAB102T/ACCA,FACULTY OF ENGINEERING AND TECHNOLOGY
CSE,I Year,I/II/CSE K,ADMIN 205,ADMIN 205,THU,7,21GNM104L/NSO,FACULTY OF ENGINEERING AND TECHNOLOGY
CSE,I Year,I/II/CSE K,ADMIN 205,ADMIN 205,FRI,1,21MAB102T/ACCA,FACULTY OF ENGINEERING AND TECHNOLOGY
CSE,I Year,I/II/CSE K,ADMIN 205,ADMIN 205,FRI,2,21LEH101T/CE,FACULTY OF ENGINEERING AND TECHNOLOGY
CSE,I Year,I/II/CSE K,ADMIN 205,ADMIN 205,FRI,3,21PYB102J/PHY,FACULTY OF ENGINEERING AND TECHNOLOGY
CSE,I Year,I/II/CSE K,ADMIN 205,ADMIN 205,FRI,4,21CSC101T/OODP,FACULTY OF ENGINEERING AND TECHNOLOGY
CSE,I Year,I/II/CSE K,ADMIN 205,ADMIN 205,FRI,5,21EES101T/BEEE,FACULTY OF ENGINEERING AND TECHNOLOGY
CSE,I Year,I/II/CSE L,ADMIN 301,ADMIN 301,MON,1,21CSC101T/OODP,FACULTY OF ENGINEERING AND TECHNOLOGY
CSE,I Year,I/II/CSE L,ADMIN 301,ADMIN 301,MON,2,21MAB102T/ACCA,FACULTY OF ENGINEERING AND TECHNOLOGY
CSE,I Year,I/II/CSE L,ADMIN 301,ADMIN 301,MON,3,21PYB102J/PHY,FACULTY OF ENGINEERING AND TECHNOLOGY
CSE,I Year,I/II/CSE L,ADMIN 301,ADMIN 301,MON,4,21EES101T/BEEE,FACULTY OF ENGINEERING AND TECHNOLOGY
CSE,I Year,I/II/CSE L,ADMIN 301,ADMIN 301,TUE,1,21LEH101T/CE,FACULTY OF ENGINEERING AND TECHNOLOGY
CSE,I Year,I/II/CSE L,ADMIN 301,ADMIN 301,TUE,2,21EES101T/BEEE,FACULTY OF ENGINEERING AND TECHNOLOGY
CSE,I Year,I/II/CSE L,ADMIN 301,ADMIN 301,TUE,3,21MAB102T/ACCA,FACULTY OF ENGINEERING AND TECHNOLOGY
CSE,I Year,I/II/CSE L,ADMIN 301,ADMIN 301,TUE,4,21PYB102J/PHY,FACULTY OF ENGINEERING AND TECHNOLOGY
CSE,I Year,I/II/CSE L,ADMIN 301,ADMIN 301,WED,1,21MAB102T/ACCA,FACULTY OF ENGINEERING AND TECHNOLOGY
CSE,I Year,I/II/CSE L,ADMIN 301,ADMIN 301,WED,2,21PYB102J/PHY,FACULTY OF ENGINEERING AND TECHNOLOGY
CSE,I Year,I/II/CSE L,ADMIN 301,ADMIN 301,WED,3,21LEH101T/CE,FACULTY OF ENGINEERING AND TECHNOLOGY
CSE,I Year,I/II/CSE L,ADMIN 301,ADMIN 301,WED,4,21CSC101T/OODP,FACULTY OF ENGINEERING AND TECHNOLOGY
CSE,I Year,I/II/CSE L,ADMIN 301,ADMIN 301,WED,6,21EES101T/BEEE,FACULTY OF ENGINEERING AND TECHNOLOGY
CSE,I Year,I/II/CSE L,ADMIN 301,ADMIN 301,WED,7,21GNM104L/NSO,FACULTY OF ENGINEERING AND TECHNOLOGY
CSE,I Year,I/II/CSE L,ADMIN 301,ADMIN 301,THU,1,21PDM102L/GA,FACULTY OF ENGINEERING AND TECHNOLOGY
CSE,I Year,I/II/CSE L,ADMIN 301,ADMIN 301,THU,3,21EES101T/BEEE,FACULTY OF ENGINEERING AND TECHNOLOGY
CSE,I Year,I/II/CSE L,ADMIN 301,ADMIN 301,THU,4,21LEM101T/ COI,FACULTY OF ENGINEERING AND TECHNOLOGY
CSE,I Year,I/II/CSE L,ADMIN 301,ADMIN 301,THU,5,21MAB102T/ACCA,FACULTY OF ENGINEERING AND TECHNOLOGY
CSE,I Year,I/II/CSE L,ADMIN 301,ADMIN 301,FRI,1,21PYB102J/PHY,FACULTY OF ENGINEERING AND TECHNOLOGY
CSE,I Year,I/II/CSE L,ADMIN 301,ADMIN 301,FRI,2,21LEH101T/CE,FACULTY OF ENGINEERING AND TECHNOLOGY
CSE,I Year,I/II/CSE L,ADMIN 301,ADMIN 301,FRI,3,21CSC101T/OODP,FACULTY OF ENGINEERING AND TECHNOLOGY
CSE,I Year,I/II/CSE L,ADMIN 301,ADMIN 301,FRI,4,21MES101L/WS,FACULTY OF ENGINEERING AND TECHNOLOGY
CSE,I Year,I/II/CSE L,ADMIN 301,ADMIN 301,FRI,5,21MES101L/WS,FACULTY OF ENGINEERING AND TECHNOLOGY
CSE,I Year,I/II/CSE L,ADMIN 301,ADMIN 301,FRI,7,21PYB102J/PHY,FACULTY OF ENGINEERING AND TECHNOLOGY
CSE,I Year,I/II/CSE M,ADMIN 302,ADMIN 302,MON,1,21CSC101T/OODP,FACULTY OF ENGINEERING AND TECHNOLOGY
CSE,I Year,I/II/CSE M,ADMIN 302,ADMIN 302,MON,2,21EES101T/BEEE,FACULTY OF ENGINEERING AND TECHNOLOGY
CSE,I Year,I/II/CSE M,ADMIN 302,ADMIN 302,MON,3,21LEH101T/CE,FACULTY OF ENGINEERING AND TECHNOLOGY
CSE,I Year,I/II/CSE M,ADMIN 302,ADMIN 302,MON,4,21MAB102T/ACCA,FACULTY OF ENGINEERING AND TECHNOLOGY
CSE,I Year,I/II/CSE M,ADMIN 302,ADMIN 302,TUE,1,21EES101T/BEEE,FACULTY OF ENGINEERING AND TECHNOLOGY
CSE,I Year,I/II/CSE M,ADMIN 302,ADMIN 302,TUE,2,21MAB102T/ACCA,FACULTY OF ENGINEERING AND TECHNOLOGY
CSE,I Year,I/II/CSE M,ADMIN 302,ADMIN 302,TUE,3,21PYB102J/PHY,FACULTY OF ENGINEERING AND TECHNOLOGY
CSE,I Year,I/II/CSE M,ADMIN 302,ADMIN 302,TUE,4,21CSC101T/OODP,FACULTY OF ENGINEERING AND TECHNOLOGY
CSE,I Year,I/II/CSE M,ADMIN 302,ADMIN 302,TUE,6,21MES101L/WS,FACULTY OF ENGINEERING AND TECHNOLOGY
CSE,I Year,I/II/CSE M,ADMIN 302,ADMIN 302,WED,1,21LEH101T/CE,FACULTY OF ENGINEERING AND TECHNOLOGY
CSE,I Year,I/II/CSE M,ADMIN 302,ADMIN 302,WED,2,21MAB102T/ACCA,FACULTY OF ENGINEERING AND TECHNOLOGY
CSE,I Year,I/II/CSE M,ADMIN 302,ADMIN 302,WED,3,21EES101T/BEEE,FACULTY OF ENGINEERING AND TECHNOLOGY
CSE,I Year,I/II/CSE M,ADMIN 302,ADMIN 302,WED,4,21PYB102J/PHY,FACULTY OF ENGINEERING AND TECHNOLOGY
CSE,I Year,I/II/CSE M,ADMIN 302,ADMIN 302,THU,1,21PYB102J/PHY,FACULTY OF ENGINEERING AND TECHNOLOGY
CSE,I Year,I/II/CSE M,ADMIN 302,ADMIN 302,THU,2,21EES101T/BEEE,FACULTY OF ENGINEERING AND TECHNOLOGY
CSE,I Year,I/II/CSE M,ADMIN 302,ADMIN 302,THU,3,21PYB102J/PHY,FACULTY OF ENGINEERING AND TECHNOLOGY
CSE,I Year,I/II/CSE M,ADMIN 302,ADMIN 302,THU,5,21PDM102L/GA,FACULTY OF ENGINEERING AND TECHNOLOGY
CSE,I Year,I/II/CSE M,ADMIN 302,ADMIN 302,THU,7,21LEM101T/ COI,FACULTY OF ENGINEERING AND TECHNOLOGY
CSE,I Year,I/II/CSE M,ADMIN 302,ADMIN 302,FRI,1,21MAB102T/ACCA,FACULTY OF ENGINEERING AND TECHNOLOGY
CSE,I Year,I/II/CSE M,ADMIN 302,ADMIN 302,FRI,2,21PYB102J/PHY,FACULTY OF ENGINEERING AND TECHNOLOGY
CSE,I Year,I/II/CSE M,ADMIN 302,ADMIN 302,FRI,3,21CSC101T/OODP,FACULTY OF ENGINEERING AND TECHNOLOGY
CSE,I Year,I/II/CSE M,ADMIN 302,ADMIN 302,FRI,4,21LEH101T/CE,FACULTY OF ENGINEERING AND TECHNOLOGY
CSE,I Year,I/II/CSE M,ADMIN 302,ADMIN 302,FRI,5,21GNM104L/NSO,FACULTY OF ENGINEERING AND TECHNOLOGY
CSE,I Year,I/II/CSE N,ADMIN 303,ADMIN 303,MON,1,21EES101T/BEEE,FACULTY OF ENGINEERING AND TECHNOLOGY
CSE,I Year,I/II/CSE N,ADMIN 303,ADMIN 303,MON,2,21LEH101T/CE,FACULTY OF ENGINEERING AND TECHNOLOGY
CSE,I Year,I/II/CSE N,ADMIN 303,ADMIN 303,MON,3,21PYB102J/PHY,FACULTY OF ENGINEERING AND TECHNOLOGY
CSE,I Year,I/II/CSE N,ADMIN 303,ADMIN 303,MON,4,21CSC101T/OODP,FACULTY OF ENGINEERING AND TECHNOLOGY
CSE,I Year,I/II/CSE N,ADMIN 303,ADMIN 303,TUE,1,21CSC101T/OODP,FACULTY OF ENGINEERING AND TECHNOLOGY
CSE,I Year,I/II/CSE N,ADMIN 303,ADMIN 303,TUE,2,21PYB102J/PHY,FACULTY OF ENGINEERING AND TECHNOLOGY
CSE,I Year,I/II/CSE N,ADMIN 303,ADMIN 303,TUE,3,21MAB102T/ACCA,FACULTY OF ENGINEERING AND TECHNOLOGY
CSE,I Year,I/II/CSE N,ADMIN 303,ADMIN 303,TUE,4,21LEH101T/CE,FACULTY OF ENGINEERING AND TECHNOLOGY
CSE,I Year,I/II/CSE N,ADMIN 303,ADMIN 303,TUE,5,21EES101T/BEEE,FACULTY OF ENGINEERING AND TECHNOLOGY
CSE,I Year,I/II/CSE N,ADMIN 303,ADMIN 303,TUE,6,21LEM101T/ COI,FACULTY OF ENGINEERING AND TECHNOLOGY
CSE,I Year,I/II/CSE N,ADMIN 303,ADMIN 303,TUE,7,21GNM104L/NSO,FACULTY OF ENGINEERING AND TECHNOLOGY
CSE,I Year,I/II/CSE N,ADMIN 303,ADMIN 303,WED,1,21MAB102T/ACCA,FACULTY OF ENGINEERING AND TECHNOLOGY
CSE,I Year,I/II/CSE N,ADMIN 303,ADMIN 303,WED,2,21CSC101T/OODP,FACULTY OF ENGINEERING AND TECHNOLOGY
CSE,I Year,I/II/CSE N,ADMIN 303,ADMIN 303,WED,3,21PYB102J/PHY,FACULTY OF ENGINEERING AND TECHNOLOGY
CSE,I Year,I/II/CSE N,ADMIN 303,ADMIN 303,THU,1,21LEH101T/CE,FACULTY OF ENGINEERING AND TECHNOLOGY
CSE,I Year,I/II/CSE N,ADMIN 303,ADMIN 303,THU,2,21PYB102J/PHY,FACULTY OF ENGINEERING AND TECHNOLOGY
CSE,I Year,I/II/CSE N,ADMIN 303,ADMIN 303,THU,3,21PDM102L/GA,FACULTY OF ENGINEERING AND TECHNOLOGY
CSE,I Year,I/II/CSE N,ADMIN 303,ADMIN 303,THU,5,21MAB102T/ACCA,FACULTY OF ENGINEERING AND TECHNOLOGY
CSE,I Year,I/II/CSE N,ADMIN 303,ADMIN 303,THU,6,21EES101T/BEEE,FACULTY OF ENGINEERING AND TECHNOLOGY
CSE,I Year,I/II/CSE N,ADMIN 303,ADMIN 303,FRI,1,21PYB102J/PHY,FACULTY OF ENGINEERING AND TECHNOLOGY
CSE,I Year,I/II/CSE N,ADMIN 303,ADMIN 303,FRI,2,21EES101T/BEEE,FACULTY OF ENGINEERING AND TECHNOLOGY
CSE,I Year,I/II/CSE N,ADMIN 303,ADMIN 303,FRI,3,21MAB102T/ACCA,FACULTY OF ENGINEERING AND TECHNOLOGY
CSE,I Year,I/II/CSE N,ADMIN 303,ADMIN 303,FRI,4,21MES101L/WS,FACULTY OF ENGINEERING AND TECHNOLOGY
CSE,I Year,I/II/CSE N,ADMIN 303,ADMIN 303,FRI,5,21MES101L/WS,FACULTY OF ENGINEERING AND TECHNOLOGY
CSE,I Year,I/II/CSE O,ADMIN 304,ADMIN 304,MON,1,21CSC101T/OODP,FACULTY OF ENGINEERING AND TECHNOLOGY
CSE,I Year,I/II/CSE O,ADMIN 304,ADMIN 304,MON,2,21LEH101T/CE,FACULTY OF ENGINEERING AND TECHNOLOGY
CSE,I Year,I/II/CSE O,ADMIN 304,ADMIN 304,MON,3,21PYB102J/PHY,FACULTY OF ENGINEERING AND TECHNOLOGY
CSE,I Year,I/II/CSE O,ADMIN 304,ADMIN 304,MON,4,21MAB102T/ACCA,FACULTY OF ENGINEERING AND TECHNOLOGY
CSE,I Year,I/II/CSE O,ADMIN 304,ADMIN 304,TUE,1,21MAB102T/ACCA,FACULTY OF ENGINEERING AND TECHNOLOGY
CSE,I Year,I/II/CSE O,ADMIN 304,ADMIN 304,TUE,2,21EES101T/BEEE,FACULTY OF ENGINEERING AND TECHNOLOGY
CSE,I Year,I/II/CSE O,ADMIN 304,ADMIN 304,TUE,3,21LEH101T/CE,FACULTY OF ENGINEERING AND TECHNOLOGY
CSE,I Year,I/II/CSE O,ADMIN 304,ADMIN 304,TUE,4,21PYB102J/PHY,FACULTY OF ENGINEERING AND TECHNOLOGY
CSE,I Year,I/II/CSE O,ADMIN 304,ADMIN 304,TUE,5,21GNM104L/NSO,FACULTY OF ENGINEERING AND TECHNOLOGY
CSE,I Year,I/II/CSE O,ADMIN 304,ADMIN 304,TUE,7,21PYB102J/PHY,FACULTY OF ENGINEERING AND TECHNOLOGY
CSE,I Year,I/II/CSE O,ADMIN 304,ADMIN 304,WED,1,21PYB102J/PHY,FACULTY OF ENGINEERING AND TECHNOLOGY
CSE,I Year,I/II/CSE O,ADMIN 304,ADMIN 304,WED,2,21EES101T/BEEE,FACULTY OF ENGINEERING AND TECHNOLOGY
CSE,I Year,I/II/CSE O,ADMIN 304,ADMIN 304,WED,3,21MAB102T/ACCA,FACULTY OF ENGINEERING AND TECHNOLOGY
CSE,I Year,I/II/CSE O,ADMIN 304,ADMIN 304,WED,4,21CSC101T/OODP,FACULTY OF ENGINEERING AND TECHNOLOGY
CSE,I Year,I/II/CSE O,ADMIN 304,ADMIN 304,THU,1,21LEH101T/CE,FACULTY OF ENGINEERING AND TECHNOLOGY
CSE,I Year,I/II/CSE O,ADMIN 304,ADMIN 304,THU,2,21EES101T/BEEE,FACULTY OF ENGINEERING AND TECHNOLOGY
CSE,I Year,I/II/CSE O,ADMIN 304,ADMIN 304,THU,3,21PDM102L/GA,FACULTY OF ENGINEERING AND TECHNOLOGY
CSE,I Year,I/II/CSE O,ADMIN 304,ADMIN 304,THU,5,21LEM101T/ COI,FACULTY OF ENGINEERING AND TECHNOLOGY
CSE,I Year,I/II/CSE O,ADMIN 304,ADMIN 304,FRI,1,21EES101T/BEEE,FACULTY OF ENGINEERING AND TECHNOLOGY
CSE,I Year,I/II/CSE O,ADMIN 304,ADMIN 304,FRI,2,21MAB102T/ACCA,FACULTY OF ENGINEERING AND TECHNOLOGY
CSE,I Year,I/II/CSE O,ADMIN 304,ADMIN 304,FRI,3,21CSC101T/OODP,FACULTY OF ENGINEERING AND TECHNOLOGY
CSE,I Year,I/II/CSE O,ADMIN 304,ADMIN 304,FRI,4,21PYB102J/PHY,FACULTY OF ENGINEERING AND TECHNOLOGY
CSE,I Year,I/II/CSE O,ADMIN 304,ADMIN 304,FRI,6,21MES101L/WS,FACULTY OF ENGINEERING AND TECHNOLOGY
CSE,I Year,I/I/CSE P,ADMIN 304,ADMIN 304,MON,1,21GNH101J / POE,FACULTY OF ENGINEERING AND TECHNOLOGY
CSE,I Year,I/I/CSE P,ADMIN 304,ADMIN 304,MON,3,21MAB101T/CLA,FACULTY OF ENGINEERING AND TECHNOLOGY
CSE,I Year,I/I/CSE P,ADMIN 304,ADMIN 304,MON,4,21CSS101J/PPS,FACULTY OF ENGINEERING AND TECHNOLOGY
CSE,I Year,I/I/CSE P,ADMIN 304,ADMIN 304,MON,6,21CYB101J/CHEM,FACULTY OF ENGINEERING AND TECHNOLOGY
CSE,I Year,I/I/CSE P,ADMIN 304,ADMIN 304,TUE,1,21MAB101T/CLA,FACULTY OF ENGINEERING AND TECHNOLOGY
CSE,I Year,I/I/CSE P,ADMIN 304,ADMIN 304,TUE,2,"21LEH103T/ FRENCH 
21LEH104T/ GERMAN
 21LEH105T/ JAPANESE",FACULTY OF ENGINEERING AND TECHNOLOGY
CSE,I Year,I/I/CSE P,ADMIN 304,ADMIN 304,TUE,3,21CSS101J/PPS,FACULTY OF ENGINEERING AND TECHNOLOGY
CSE,I Year,I/I/CSE P,ADMIN 304,ADMIN 304,TUE,4,21CYB101J/CHEM,FACULTY OF ENGINEERING AND TECHNOLOGY
CSE,I Year,I/I/CSE P,ADMIN 304,ADMIN 304,TUE,5,21CSS101J/PPS,FACULTY OF ENGINEERING AND TECHNOLOGY
CSE,I Year,I/I/CSE P,ADMIN 304,ADMIN 304,WED,1,21BTB102T/CB,FACULTY OF ENGINEERING AND TECHNOLOGY
CSE,I Year,I/I/CSE P,ADMIN 304,ADMIN 304,WED,2,21CYB101J/CHEM,FACULTY OF ENGINEERING AND TECHNOLOGY
CSE,I Year,I/I/CSE P,ADMIN 304,ADMIN 304,WED,3,21CSS101J/PPS,FACULTY OF ENGINEERING AND TECHNOLOGY
CSE,I Year,I/I/CSE P,ADMIN 304,ADMIN 304,WED,4,21GNH101J / POE,FACULTY OF ENGINEERING AND TECHNOLOGY
CSE,I Year,I/I/CSE P,ADMIN 304,ADMIN 304,WED,6,21MES102J / EG,FACULTY OF ENGINEERING AND TECHNOLOGY
CSE,I Year,I/I/CSE P,ADMIN 304,ADMIN 304,THU,5,"21LEH103T/ FRENCH 
21LEH104T/ GERMAN
 21LEH105T/ JAPANESE",FACULTY OF ENGINEERING AND TECHNOLOGY
CSE,I Year,I/I/CSE P,ADMIN 304,ADMIN 304,THU,6,21BTB102T/CB,FACULTY OF ENGINEERING AND TECHNOLOGY
CSE,I Year,I/I/CSE P,ADMIN 304,ADMIN 304,THU,7,21MAB101T/CLA,FACULTY OF ENGINEERING AND TECHNOLOGY
CSE,I Year,I/I/CSE P,ADMIN 304,ADMIN 304,THU,8,21CYB101J/CHEM,FACULTY OF ENGINEERING AND TECHNOLOGY
CSE,I Year,I/I/CSE P,ADMIN 304,ADMIN 304,FRI,1,21CYB101J/CHEM,FACULTY OF ENGINEERING AND TECHNOLOGY
CSE,I Year,I/I/CSE P,ADMIN 304,ADMIN 304,FRI,3,21PDM101L/PSP,FACULTY OF ENGINEERING AND TECHNOLOGY
CSE,I Year,I/I/CSE P,ADMIN 304,ADMIN 304,FRI,5,"21LEH103T/ FRENCH 
21LEH104T/ GERMAN
 21LEH105T/ JAPANESE",FACULTY OF ENGINEERING AND TECHNOLOGY
CSE,I Year,I/I/CSE P,ADMIN 304,ADMIN 304,FRI,6,21MAB101T/CLA,FACULTY OF ENGINEERING AND TECHNOLOGY
CSE,I Year,I/I/CSE P,ADMIN 304,ADMIN 304,FRI,7,21CYM101T/ EVS,FACULTY OF ENGINEERING AND TECHNOLOGY
CSE,I Year,I/I/CSE Q,(Not specified),(Not specified),MON,1,21MAB101T/CLA,FACULTY OF ENGINEERING AND TECHNOLOGY
CSE,I Year,I/I/CSE Q,(Not specified),(Not specified),MON,2,21BTB102T/CB,FACULTY OF ENGINEERING AND TECHNOLOGY
CSE,I Year,I/I/CSE Q,(Not specified),(Not specified),MON,4,21MES102J / EG,FACULTY OF ENGINEERING AND TECHNOLOGY
CSE,I Year,I/I/CSE Q,(Not specified),(Not specified),MON,5,21MES102J / EG,FACULTY OF ENGINEERING AND TECHNOLOGY
CSE,I Year,I/I/CSE Q,(Not specified),(Not specified),TUE,1,21CSS101J/PPS,FACULTY OF ENGINEERING AND TECHNOLOGY
CSE,I Year,I/I/CSE Q,(Not specified),(Not specified),TUE,2,"21LEH103T/ FRENCH 
21LEH104T/ GERMAN
 21LEH105T/ JAPANESE",FACULTY OF ENGINEERING AND TECHNOLOGY
CSE,I Year,I/I/CSE Q,(Not specified),(Not specified),TUE,3,21GNH101J / POE,FACULTY OF ENGINEERING AND TECHNOLOGY
CSE,I Year,I/I/CSE Q,(Not specified),(Not specified),TUE,5,21MAB101T/CLA,FACULTY OF ENGINEERING AND TECHNOLOGY
CSE,I Year,I/I/CSE Q,(Not specified),(Not specified),TUE,6,21CYB101J/CHEM,FACULTY OF ENGINEERING AND TECHNOLOGY
CSE,I Year,I/I/CSE Q,(Not specified),(Not specified),TUE,7,21CSS101J/PPS,FACULTY OF ENGINEERING AND TECHNOLOGY
CSE,I Year,I/I/CSE Q,(Not specified),(Not specified),WED,1,"21LEH103T/ FRENCH 
21LEH104T/ GERMAN
 21LEH105T/ JAPANESE",FACULTY OF ENGINEERING AND TECHNOLOGY
CSE,I Year,I/I/CSE Q,(Not specified),(Not specified),WED,2,21MAB101T/CLA,FACULTY OF ENGINEERING AND TECHNOLOGY
CSE,I Year,I/I/CSE Q,(Not specified),(Not specified),WED,3,21CYB101J/CHEM,FACULTY OF ENGINEERING AND TECHNOLOGY
CSE,I Year,I/I/CSE Q,(Not specified),(Not specified),WED,4,21CYM101T/ EVS,FACULTY OF ENGINEERING AND TECHNOLOGY
CSE,I Year,I/I/CSE Q,(Not specified),(Not specified),THU,1,21GNH101J / POE,FACULTY OF ENGINEERING AND TECHNOLOGY
CSE,I Year,I/I/CSE Q,(Not specified),(Not specified),THU,2,21CSS101J/PPS,FACULTY OF ENGINEERING AND TECHNOLOGY
CSE,I Year,I/I/CSE Q,(Not specified),(Not specified),THU,3,21CYB101J/CHEM,FACULTY OF ENGINEERING AND TECHNOLOGY
CSE,I Year,I/I/CSE Q,(Not specified),(Not specified),THU,4,21MAB101T/CLA,FACULTY OF ENGINEERING AND TECHNOLOGY
CSE,I Year,I/I/CSE Q,(Not specified),(Not specified),FRI,1,21CYB101J/CHEM,FACULTY OF ENGINEERING AND TECHNOLOGY
CSE,I Year,I/I/CSE Q,(Not specified),(Not specified),FRI,2,"21LEH103T/ FRENCH 
21LEH104T/ GERMAN
 21LEH105T/ JAPANESE",FACULTY OF ENGINEERING AND TECHNOLOGY
CSE,I Year,I/I/CSE Q,(Not specified),(Not specified),FRI,3,21PDM101L/PSP,FACULTY OF ENGINEERING AND TECHNOLOGY
CSE,I Year,I/I/CSE Q,(Not specified),(Not specified),FRI,5,21BTB102T/CB,FACULTY OF ENGINEERING AND TECHNOLOGY
CSE,I Year,I/I/CSE Q,(Not specified),(Not specified),FRI,6,21CSS101J/PPS,FACULTY OF ENGINEERING AND TECHNOLOGY
CSE,I Year,I/I/CSE Q,(Not specified),(Not specified),FRI,7,21CYB101J/CHEM,FACULTY OF ENGINEERING AND TECHNOLOGY
CSE,I Year,I/I/CSE R,(Not specified),(Not specified),MON,1,21GNH101J / POE,FACULTY OF ENGINEERING AND TECHNOLOGY
CSE,I Year,I/I/CSE R,(Not specified),(Not specified),TUE,1,21CSS101J/PPS,FACULTY OF ENGINEERING AND TECHNOLOGY
CSE,I Year,I/I/CSE R,(Not specified),(Not specified),TUE,2,"21LEH103T/ FRENCH 
21LEH104T/ GERMAN
 21LEH105T/ JAPANESE",FACULTY OF ENGINEERING AND TECHNOLOGY
CSE,I Year,I/I/CSE R,(Not specified),(Not specified),TUE,3,21PDM101L/PSP,FACULTY OF ENGINEERING AND TECHNOLOGY
CSE,I Year,I/I/CSE R,(Not specified),(Not specified),TUE,4,21MAB101T/CLA,FACULTY OF ENGINEERING AND TECHNOLOGY
CSE,I Year,I/I/CSE R,(Not specified),(Not specified),TUE,5,21MAB101T/CLA,FACULTY OF ENGINEERING AND TECHNOLOGY
CSE,I Year,I/I/CSE R,(Not specified),(Not specified),WED,1,"21LEH103T/ FRENCH 
21LEH104T/ GERMAN
 21LEH105T/ JAPANESE",FACULTY OF ENGINEERING AND TECHNOLOGY
CSE,I Year,I/I/CSE R,(Not specified),(Not specified),WED,2,21CYB101J/CHEM,FACULTY OF ENGINEERING AND TECHNOLOGY
CSE,I Year,I/I/CSE R,(Not specified),(Not specified),WED,3,21MAB101T/CLA,FACULTY OF ENGINEERING AND TECHNOLOGY
CSE,I Year,I/I/CSE R,(Not specified),(Not specified),WED,4,21MES102J / EG,FACULTY OF ENGINEERING AND TECHNOLOGY
CSE,I Year,I/I/CSE R,(Not specified),(Not specified),THU,1,21MAB101T/CLA,FACULTY OF ENGINEERING AND TECHNOLOGY
CSE,I Year,I/I/CSE R,(Not specified),(Not specified),THU,2,21CSS101J/PPS,FACULTY OF ENGINEERING AND TECHNOLOGY
CSE,I Year,I/I/CSE R,(Not specified),(Not specified),THU,3,21BTB102T/CB,FACULTY OF ENGINEERING AND TECHNOLOGY
CSE,I Year,I/I/CSE R,(Not specified),(Not specified),THU,4,21CYB101J/CHEM,FACULTY OF ENGINEERING AND TECHNOLOGY
CSE,I Year,I/I/CSE R,(Not specified),(Not specified),FRI,1,21GNH101J / POE,FACULTY OF ENGINEERING AND TECHNOLOGY
CSE,I Year,I/I/CSE R,(Not specified),(Not specified),FRI,2,"21LEH103T/ FRENCH 
21LEH104T/ GERMAN
 21LEH105T/ JAPANESE",FACULTY OF ENGINEERING AND TECHNOLOGY
CSE,I Year,I/I/CSE R,(Not specified),(Not specified),FRI,3,21BTB102T/CB,FACULTY OF ENGINEERING AND TECHNOLOGY
CSE,I Year,I/I/CSE R,(Not specified),(Not specified),FRI,4,21CSS101J/PPS,FACULTY OF ENGINEERING AND TECHNOLOGY
CSE,I Year,I/I/CSE R,(Not specified),(Not specified),FRI,5,21CSS101J/PPS,FACULTY OF ENGINEERING AND TECHNOLOGY
CSE,II Year,II/IV/CSE A,BMS 401,BMS 401,MON,1,21CSC205P/DBMS,FACULTY OF ENGINEERING AND TECHNOLOGY
CSE,II Year,II/IV/CSE A,BMS 401,BMS 401,TUE,1,21PDH201T/SE,FACULTY OF ENGINEERING AND TECHNOLOGY
CSE,II Year,II/IV/CSE A,BMS 401,BMS 401,TUE,2,21CSC204J/DAA,FACULTY OF ENGINEERING AND TECHNOLOGY
CSE,II Year,II/IV/CSE A,BMS 401,BMS 401,TUE,3,21CSC206T/AI,FACULTY OF ENGINEERING AND TECHNOLOGY
CSE,II Year,II/IV/CSE A,BMS 401,BMS 401,TUE,4,21MAB204T/PQT,FACULTY OF ENGINEERING AND TECHNOLOGY
CSE,II Year,II/IV/CSE A,BMS 401,BMS 401,WED,1,21CSE253T/IoT,FACULTY OF ENGINEERING AND TECHNOLOGY
CSE,II Year,II/IV/CSE A,BMS 401,BMS 401,WED,2,21CSC204J/DAA,FACULTY OF ENGINEERING AND TECHNOLOGY
CSE,II Year,II/IV/CSE A,BMS 401,BMS 401,WED,3,21PDM202L/CCTS,FACULTY OF ENGINEERING AND TECHNOLOGY
CSE,II Year,II/IV/CSE A,BMS 401,BMS 401,WED,4,21MAB204T/PQT,FACULTY OF ENGINEERING AND TECHNOLOGY
CSE,II Year,II/IV/CSE A,BMS 401,BMS 401,THU,1,21CSC206T/AI,FACULTY OF ENGINEERING AND TECHNOLOGY
CSE,II Year,II/IV/CSE A,BMS 401,BMS 401,THU,2,21CSC204J/DAA,FACULTY OF ENGINEERING AND TECHNOLOGY
CSE,II Year,II/IV/CSE A,BMS 401,BMS 401,THU,3,21MAB204T/PQT,FACULTY OF ENGINEERING AND TECHNOLOGY
CSE,II Year,II/IV/CSE A,BMS 401,BMS 401,THU,4,21CSC205P/DBMS,FACULTY OF ENGINEERING AND TECHNOLOGY
CSE,II Year,II/IV/CSE A,BMS 401,BMS 401,THU,5,21LEM202T/UHV,FACULTY OF ENGINEERING AND TECHNOLOGY
CSE,II Year,II/IV/CSE A,BMS 401,BMS 401,THU,6,21CSE253T/IoT,FACULTY OF ENGINEERING AND TECHNOLOGY
CSE,II Year,II/IV/CSE A,BMS 401,BMS 401,FRI,1,21LEM202T/UHV,FACULTY OF ENGINEERING AND TECHNOLOGY
CSE,II Year,II/IV/CSE A,BMS 401,BMS 401,FRI,2,21CSE253T/IoT,FACULTY OF ENGINEERING AND TECHNOLOGY
CSE,II Year,II/IV/CSE A,BMS 401,BMS 401,FRI,3,21CSC206T/AI,FACULTY OF ENGINEERING AND TECHNOLOGY
CSE,II Year,II/IV/CSE A,BMS 401,BMS 401,FRI,4,21MAB204T/PQT,FACULTY OF ENGINEERING AND TECHNOLOGY
CSE,II Year,II/IV/CSE A,BMS 401,BMS 401,FRI,5,21CSC205P/DBMS,FACULTY OF ENGINEERING AND TECHNOLOGY
CSE,II Year,II/IV/CSE B,BMS 402,BMS 402,MON,1,21CSC205P/DBMS,FACULTY OF ENGINEERING AND TECHNOLOGY
CSE,II Year,II/IV/CSE B,BMS 402,BMS 402,MON,2,21MAB204T/PQT,FACULTY OF ENGINEERING AND TECHNOLOGY
CSE,II Year,II/IV/CSE B,BMS 402,BMS 402,MON,3,21PDH201T/SE,FACULTY OF ENGINEERING AND TECHNOLOGY
CSE,II Year,II/IV/CSE B,BMS 402,BMS 402,MON,5,21CSE253T/IoT,FACULTY OF ENGINEERING AND TECHNOLOGY
CSE,II Year,II/IV/CSE B,BMS 402,BMS 402,MON,6,21CSC206T/AI,FACULTY OF ENGINEERING AND TECHNOLOGY
CSE,II Year,II/IV/CSE B,BMS 402,BMS 402,MON,7,21LEM202T/UHV,FACULTY OF ENGINEERING AND TECHNOLOGY
CSE,II Year,II/IV/CSE B,BMS 402,BMS 402,TUE,5,21CSC205P/DBMS,FACULTY OF ENGINEERING AND TECHNOLOGY
CSE,II Year,II/IV/CSE B,BMS 402,BMS 402,TUE,7,21CSC204J/DAA,FACULTY OF ENGINEERING AND TECHNOLOGY
CSE,II Year,II/IV/CSE B,BMS 402,BMS 402,WED,1,21PDM202L/CCTS,FACULTY OF ENGINEERING AND TECHNOLOGY
CSE,II Year,II/IV/CSE B,BMS 402,BMS 402,WED,3,21CSC204J/DAA,FACULTY OF ENGINEERING AND TECHNOLOGY
CSE,II Year,II/IV/CSE B,BMS 402,BMS 402,WED,4,21MAB204T/PQT,FACULTY OF ENGINEERING AND TECHNOLOGY
CSE,II Year,II/IV/CSE B,BMS 402,BMS 402,THU,1,21CSE253T/IoT,FACULTY OF ENGINEERING AND TECHNOLOGY
CSE,II Year,II/IV/CSE B,BMS 402,BMS 402,THU,2,21CSC206T/AI,FACULTY OF ENGINEERING AND TECHNOLOGY
CSE,II Year,II/IV/CSE B,BMS 402,BMS 402,THU,3,21MAB204T/PQT,FACULTY OF ENGINEERING AND TECHNOLOGY
CSE,II Year,II/IV/CSE B,BMS 402,BMS 402,THU,4,21CSC204J/DAA,FACULTY OF ENGINEERING AND TECHNOLOGY
CSE,II Year,II/IV/CSE B,BMS 402,BMS 402,THU,5,21LEM202T/UHV,FACULTY OF ENGINEERING AND TECHNOLOGY
CSE,II Year,II/IV/CSE B,BMS 402,BMS 402,FRI,1,21CSC206T/AI,FACULTY OF ENGINEERING AND TECHNOLOGY
CSE,II Year,II/IV/CSE B,BMS 402,BMS 402,FRI,2,21CSC204J/DAA,FACULTY OF ENGINEERING AND TECHNOLOGY
CSE,II Year,II/IV/CSE B,BMS 402,BMS 402,FRI,3,21CSE253T/IoT,FACULTY OF ENGINEERING AND TECHNOLOGY
CSE,II Year,II/IV/CSE B,BMS 402,BMS 402,FRI,4,21LEM202T/UHV,FACULTY OF ENGINEERING AND TECHNOLOGY
CSE,II Year,II/IV/CSE B,BMS 402,BMS 402,FRI,5,21CSC205P/DBMS,FACULTY OF ENGINEERING AND TECHNOLOGY
CSE,II Year,II/IV/CSE B,BMS 402,BMS 402,FRI,6,21MAB204T/PQT,FACULTY OF ENGINEERING AND TECHNOLOGY
CSE,II Year,II/IV/CSE C,BMS 403,BMS 403,MON,1,21PDH201T/SE,FACULTY OF ENGINEERING AND TECHNOLOGY
CSE,II Year,II/IV/CSE C,BMS 403,BMS 403,MON,3,21LEM202T/UHV,FACULTY OF ENGINEERING AND TECHNOLOGY
CSE,II Year,II/IV/CSE C,BMS 403,BMS 403,MON,4,21CSC206T/AI,FACULTY OF ENGINEERING AND TECHNOLOGY
CSE,II Year,II/IV/CSE C,BMS 403,BMS 403,MON,5,21CSC205P/DBMS,FACULTY OF ENGINEERING AND TECHNOLOGY
CSE,II Year,II/IV/CSE C,BMS 403,BMS 403,MON,6,21MAB204T/PQT,FACULTY OF ENGINEERING AND TECHNOLOGY
CSE,II Year,II/IV/CSE C,BMS 403,BMS 403,TUE,1,21CSC205P/DBMS,FACULTY OF ENGINEERING AND TECHNOLOGY
CSE,II Year,II/IV/CSE C,BMS 403,BMS 403,TUE,2,21MAB204T/PQT,FACULTY OF ENGINEERING AND TECHNOLOGY
CSE,II Year,II/IV/CSE C,BMS 403,BMS 403,TUE,3,21PDM202L/CCTS,FACULTY OF ENGINEERING AND TECHNOLOGY
CSE,II Year,II/IV/CSE C,BMS 403,BMS 403,TUE,5,21CSE253T/IoT,FACULTY OF ENGINEERING AND TECHNOLOGY
CSE,II Year,II/IV/CSE C,BMS 403,BMS 403,TUE,6,21CSC204J/DAA,FACULTY OF ENGINEERING AND TECHNOLOGY
CSE,II Year,II/IV/CSE C,BMS 403,BMS 403,TUE,7,21CSC206T/AI,FACULTY OF ENGINEERING AND TECHNOLOGY
CSE,II Year,II/IV/CSE C,BMS 403,BMS 403,WED,1,21CSC205P/DBMS,FACULTY OF ENGINEERING AND TECHNOLOGY
CSE,II Year,II/IV/CSE C,BMS 403,BMS 403,WED,3,21CSC204J/DAA,FACULTY OF ENGINEERING AND TECHNOLOGY
CSE,II Year,II/IV/CSE C,BMS 403,BMS 403,THU,1,21CSC204J/DAA,FACULTY OF ENGINEERING AND TECHNOLOGY
CSE,II Year,II/IV/CSE C,BMS 403,BMS 403,THU,2,21CSC206T/AI,FACULTY OF ENGINEERING AND TECHNOLOGY
CSE,II Year,II/IV/CSE C,BMS 403,BMS 403,THU,3,21MAB204T/PQT,FACULTY OF ENGINEERING AND TECHNOLOGY
CSE,II Year,II/IV/CSE C,BMS 403,BMS 403,THU,4,21CSE253T/IoT,FACULTY OF ENGINEERING AND TECHNOLOGY
CSE,II Year,II/IV/CSE C,BMS 403,BMS 403,THU,5,21LEM202T/UHV,FACULTY OF ENGINEERING AND TECHNOLOGY
CSE,II Year,II/IV/CSE C,BMS 403,BMS 403,FRI,1,21MAB204T/PQT,FACULTY OF ENGINEERING AND TECHNOLOGY
CSE,II Year,II/IV/CSE C,BMS 403,BMS 403,FRI,2,21CSE253T/IoT,FACULTY OF ENGINEERING AND TECHNOLOGY
CSE,II Year,II/IV/CSE C,BMS 403,BMS 403,FRI,3,21CSC204J/DAA,FACULTY OF ENGINEERING AND TECHNOLOGY
CSE,II Year,II/IV/CSE C,BMS 403,BMS 403,FRI,4,21LEM202T/UHV,FACULTY OF ENGINEERING AND TECHNOLOGY
CSE,II Year,II/IV/CSE D,BMS 501,BMS 501,MON,1,21CSC206T/AI,FACULTY OF ENGINEERING AND TECHNOLOGY
CSE,II Year,II/IV/CSE D,BMS 501,BMS 501,MON,2,21CSC204J/DAA,FACULTY OF ENGINEERING AND TECHNOLOGY
CSE,II Year,II/IV/CSE D,BMS 501,BMS 501,MON,3,21MAB204T/PQT,FACULTY OF ENGINEERING AND TECHNOLOGY
CSE,II Year,II/IV/CSE D,BMS 501,BMS 501,MON,4,21CSE253T/IoT,FACULTY OF ENGINEERING AND TECHNOLOGY
CSE,II Year,II/IV/CSE D,BMS 501,BMS 501,MON,5,21PDH201T/SE,FACULTY OF ENGINEERING AND TECHNOLOGY
CSE,II Year,II/IV/CSE D,BMS 501,BMS 501,MON,7,21LEM202T/UHV,FACULTY OF ENGINEERING AND TECHNOLOGY
CSE,II Year,II/IV/CSE D,BMS 501,BMS 501,TUE,1,21PDM202L/CCTS,FACULTY OF ENGINEERING AND TECHNOLOGY
CSE,II Year,II/IV/CSE D,BMS 501,BMS 501,TUE,4,21MAB204T/PQT,FACULTY OF ENGINEERING AND TECHNOLOGY
CSE,II Year,II/IV/CSE D,BMS 501,BMS 501,TUE,5,21CSC206T/AI,FACULTY OF ENGINEERING AND TECHNOLOGY
CSE,II Year,II/IV/CSE D,BMS 501,BMS 501,TUE,6,21CSE253T/IoT,FACULTY OF ENGINEERING AND TECHNOLOGY
CSE,II Year,II/IV/CSE D,BMS 501,BMS 501,WED,1,21CSC204J/DAA,FACULTY OF ENGINEERING AND TECHNOLOGY
CSE,II Year,II/IV/CSE D,BMS 501,BMS 501,WED,2,21MAB204T/PQT,FACULTY OF ENGINEERING AND TECHNOLOGY
CSE,II Year,II/IV/CSE D,BMS 501,BMS 501,WED,3,21CSC205P/DBMS,FACULTY OF ENGINEERING AND TECHNOLOGY
CSE,II Year,II/IV/CSE D,BMS 501,BMS 501,WED,4,21LEM202T/UHV,FACULTY OF ENGINEERING AND TECHNOLOGY
CSE,II Year,II/IV/CSE D,BMS 501,BMS 501,THU,5,21CSC205P/DBMS,FACULTY OF ENGINEERING AND TECHNOLOGY
CSE,II Year,II/IV/CSE D,BMS 501,BMS 501,THU,7,21CSC204J/DAA,FACULTY OF ENGINEERING AND TECHNOLOGY
CSE,II Year,II/IV/CSE D,BMS 501,BMS 501,FRI,1,21CSE253T/IoT,FACULTY OF ENGINEERING AND TECHNOLOGY
CSE,II Year,II/IV/CSE D,BMS 501,BMS 501,FRI,2,21LEM202T/UHV,FACULTY OF ENGINEERING AND TECHNOLOGY
CSE,II Year,II/IV/CSE D,BMS 501,BMS 501,FRI,3,21CSC206T/AI,FACULTY OF ENGINEERING AND TECHNOLOGY
CSE,II Year,II/IV/CSE D,BMS 501,BMS 501,FRI,4,21CSC205P/DBMS,FACULTY OF ENGINEERING AND TECHNOLOGY
CSE,II Year,II/IV/CSE D,BMS 501,BMS 501,FRI,5,21CSC204J/DAA,FACULTY OF ENGINEERING AND TECHNOLOGY
CSE,II Year,II/IV/CSE D,BMS 501,BMS 501,FRI,6,21MAB204T/PQT,FACULTY OF ENGINEERING AND TECHNOLOGY
CSE,II Year,II/IV/CSE E,BMS 502,BMS 502,MON,1,21CSC204J/DAA,FACULTY OF ENGINEERING AND TECHNOLOGY
CSE,II Year,II/IV/CSE E,BMS 502,BMS 502,MON,2,21CSC205P/DBMS,FACULTY OF ENGINEERING AND TECHNOLOGY
CSE,II Year,II/IV/CSE E,BMS 502,BMS 502,MON,3,21MAB204T/PQT,FACULTY OF ENGINEERING AND TECHNOLOGY
CSE,II Year,II/IV/CSE E,BMS 502,BMS 502,MON,4,21CSC206T/AI,FACULTY OF ENGINEERING AND TECHNOLOGY
CSE,II Year,II/IV/CSE E,BMS 502,BMS 502,TUE,1,21CSE251T/DIP,FACULTY OF ENGINEERING AND TECHNOLOGY
CSE,II Year,II/IV/CSE E,BMS 502,BMS 502,TUE,2,21LEM202T/UHV,FACULTY OF ENGINEERING AND TECHNOLOGY
CSE,II Year,II/IV/CSE E,BMS 502,BMS 502,TUE,3,21CSC204J/DAA,FACULTY OF ENGINEERING AND TECHNOLOGY
CSE,II Year,II/IV/CSE E,BMS 502,BMS 502,TUE,4,21MAB204T/PQT,FACULTY OF ENGINEERING AND TECHNOLOGY
CSE,II Year,II/IV/CSE E,BMS 502,BMS 502,TUE,5,21PDM202L/CCTS,FACULTY OF ENGINEERING AND TECHNOLOGY
CSE,II Year,II/IV/CSE E,BMS 502,BMS 502,TUE,7,21PDH201T/SE,FACULTY OF ENGINEERING AND TECHNOLOGY
CSE,II Year,II/IV/CSE E,BMS 502,BMS 502,WED,1,21CSC206T/AI,FACULTY OF ENGINEERING AND TECHNOLOGY
CSE,II Year,II/IV/CSE E,BMS 502,BMS 502,WED,2,21MAB204T/PQT,FACULTY OF ENGINEERING AND TECHNOLOGY
CSE,II Year,II/IV/CSE E,BMS 502,BMS 502,WED,4,21CSE251T/DIP,FACULTY OF ENGINEERING AND TECHNOLOGY
CSE,II Year,II/IV/CSE E,BMS 502,BMS 502,WED,6,21LEM202T/UHV,FACULTY OF ENGINEERING AND TECHNOLOGY
CSE,II Year,II/IV/CSE E,BMS 502,BMS 502,THU,1,21MAB204T/PQT,FACULTY OF ENGINEERING AND TECHNOLOGY
CSE,II Year,II/IV/CSE E,BMS 502,BMS 502,THU,2,21CSC205P/DBMS,FACULTY OF ENGINEERING AND TECHNOLOGY
CSE,II Year,II/IV/CSE E,BMS 502,BMS 502,THU,3,21CSE251T/DIP,FACULTY OF ENGINEERING AND TECHNOLOGY
CSE,II Year,II/IV/CSE E,BMS 502,BMS 502,THU,4,21LEM202T/UHV,FACULTY OF ENGINEERING AND TECHNOLOGY
CSE,II Year,II/IV/CSE E,BMS 502,BMS 502,THU,5,21CSC206T/AI,FACULTY OF ENGINEERING AND TECHNOLOGY
CSE,II Year,II/IV/CSE E,BMS 502,BMS 502,THU,6,21CSC204J/DAA,FACULTY OF ENGINEERING AND TECHNOLOGY
CSE,II Year,II/IV/CSE E,BMS 502,BMS 502,FRI,5,21CSC205P/DBMS,FACULTY OF ENGINEERING AND TECHNOLOGY
CSE,II Year,II/IV/CSE E,BMS 502,BMS 502,FRI,7,21CSC204J/DAA,FACULTY OF ENGINEERING AND TECHNOLOGY
CSE,II Year,II/IV/CSE F,BMS 503,BMS 503,MON,1,21CSC204J/DAA,FACULTY OF ENGINEERING AND TECHNOLOGY
CSE,II Year,II/IV/CSE F,BMS 503,BMS 503,TUE,1,21CSE253T/IoT,FACULTY OF ENGINEERING AND TECHNOLOGY
CSE,II Year,II/IV/CSE F,BMS 503,BMS 503,TUE,2,21CSC204J/DAA,FACULTY OF ENGINEERING AND TECHNOLOGY
CSE,II Year,II/IV/CSE F,BMS 503,BMS 503,TUE,3,21PDH201T/SE,FACULTY OF ENGINEERING AND TECHNOLOGY
CSE,II Year,II/IV/CSE F,BMS 503,BMS 503,TUE,4,21MAB204T/PQT,FACULTY OF ENGINEERING AND TECHNOLOGY
CSE,II Year,II/IV/CSE F,BMS 503,BMS 503,TUE,5,21LEM202T/UHV,FACULTY OF ENGINEERING AND TECHNOLOGY
CSE,II Year,II/IV/CSE F,BMS 503,BMS 503,WED,1,21MAB204T/PQT,FACULTY OF ENGINEERING AND TECHNOLOGY
CSE,II Year,II/IV/CSE F,BMS 503,BMS 503,WED,2,21CSC205P/DBMS,FACULTY OF ENGINEERING AND TECHNOLOGY
CSE,II Year,II/IV/CSE F,BMS 503,BMS 503,WED,3,21CSE253T/IoT,FACULTY OF ENGINEERING AND TECHNOLOGY
CSE,II Year,II/IV/CSE F,BMS 503,BMS 503,WED,4,21CSC206T/AI,FACULTY OF ENGINEERING AND TECHNOLOGY
CSE,II Year,II/IV/CSE F,BMS 503,BMS 503,WED,5,21CSC204J/DAA,FACULTY OF ENGINEERING AND TECHNOLOGY
CSE,II Year,II/IV/CSE F,BMS 503,BMS 503,THU,1,21LEM202T/UHV,FACULTY OF ENGINEERING AND TECHNOLOGY
CSE,II Year,II/IV/CSE F,BMS 503,BMS 503,THU,2,21CSC204J/DAA,FACULTY OF ENGINEERING AND TECHNOLOGY
CSE,II Year,II/IV/CSE F,BMS 503,BMS 503,THU,3,21CSC206T/AI,FACULTY OF ENGINEERING AND TECHNOLOGY
CSE,II Year,II/IV/CSE F,BMS 503,BMS 503,THU,4,21MAB204T/PQT,FACULTY OF ENGINEERING AND TECHNOLOGY
CSE,II Year,II/IV/CSE F,BMS 503,BMS 503,FRI,1,21CSC206T/AI,FACULTY OF ENGINEERING AND TECHNOLOGY
CSE,II Year,II/IV/CSE F,BMS 503,BMS 503,FRI,2,21MAB204T/PQT,FACULTY OF ENGINEERING AND TECHNOLOGY
CSE,II Year,II/IV/CSE F,BMS 503,BMS 503,FRI,3,21CSE253T/IoT,FACULTY OF ENGINEERING AND TECHNOLOGY
CSE,II Year,II/IV/CSE F,BMS 503,BMS 503,FRI,4,21LEM202T/UHV,FACULTY OF ENGINEERING AND TECHNOLOGY
CSE,II Year,II/IV/CSE G,BMS 601,BMS 601,MON,1,21PDM202L/CCTS,FACULTY OF ENGINEERING AND TECHNOLOGY
CSE,II Year,II/IV/CSE G,BMS 601,BMS 601,MON,3,21CSE253T/IoT,FACULTY OF ENGINEERING AND TECHNOLOGY
CSE,II Year,II/IV/CSE G,BMS 601,BMS 601,MON,4,21MAB204T/PQT,FACULTY OF ENGINEERING AND TECHNOLOGY
CSE,II Year,II/IV/CSE G,BMS 601,BMS 601,MON,5,21CSC204J/DAA,FACULTY OF ENGINEERING AND TECHNOLOGY
CSE,II Year,II/IV/CSE G,BMS 601,BMS 601,MON,6,21LEM202T/UHV,FACULTY OF ENGINEERING AND TECHNOLOGY
CSE,II Year,II/IV/CSE G,BMS 601,BMS 601,TUE,5,21CSC204J/DAA,FACULTY OF ENGINEERING AND TECHNOLOGY
CSE,II Year,II/IV/CSE G,BMS 601,BMS 601,TUE,7,21CSC205P/DBMS,FACULTY OF ENGINEERING AND TECHNOLOGY
CSE,II Year,II/IV/CSE G,BMS 601,BMS 601,WED,1,21PDH201T/SE,FACULTY OF ENGINEERING AND TECHNOLOGY
CSE,II Year,II/IV/CSE G,BMS 601,BMS 601,WED,3,21CSE253T/IoT,FACULTY OF ENGINEERING AND TECHNOLOGY
CSE,II Year,II/IV/CSE G,BMS 601,BMS 601,WED,4,21CSC206T/AI,FACULTY OF ENGINEERING AND TECHNOLOGY
CSE,II Year,II/IV/CSE G,BMS 601,BMS 601,WED,6,21MAB204T/PQT,FACULTY OF ENGINEERING AND TECHNOLOGY
CSE,II Year,II/IV/CSE G,BMS 601,BMS 601,THU,1,21CSE253T/IoT,FACULTY OF ENGINEERING AND TECHNOLOGY
CSE,II Year,II/IV/CSE G,BMS 601,BMS 601,THU,2,21MAB204T/PQT,FACULTY OF ENGINEERING AND TECHNOLOGY
CSE,II Year,II/IV/CSE G,BMS 601,BMS 601,THU,3,21CSC204J/DAA,FACULTY OF ENGINEERING AND TECHNOLOGY
CSE,II Year,II/IV/CSE G,BMS 601,BMS 601,THU,4,21CSC206T/AI,FACULTY OF ENGINEERING AND TECHNOLOGY
CSE,II Year,II/IV/CSE G,BMS 601,BMS 601,THU,5,21LEM202T/UHV,FACULTY OF ENGINEERING AND TECHNOLOGY
CSE,II Year,II/IV/CSE G,BMS 601,BMS 601,THU,6,21CSC205P/DBMS,FACULTY OF ENGINEERING AND TECHNOLOGY
CSE,II Year,II/IV/CSE G,BMS 601,BMS 601,FRI,1,21CSC204J/DAA,FACULTY OF ENGINEERING AND TECHNOLOGY
CSE,II Year,II/IV/CSE G,BMS 601,BMS 601,FRI,2,21CSC205P/DBMS,FACULTY OF ENGINEERING AND TECHNOLOGY
CSE,II Year,II/IV/CSE G,BMS 601,BMS 601,FRI,3,21LEM202T/UHV,FACULTY OF ENGINEERING AND TECHNOLOGY
CSE,II Year,II/IV/CSE G,BMS 601,BMS 601,FRI,4,21MAB204T/PQT,FACULTY OF ENGINEERING AND TECHNOLOGY
CSE,II Year,II/IV/CSE G,BMS 601,BMS 601,FRI,5,21CSC206T/AI,FACULTY OF ENGINEERING AND TECHNOLOGY
CSE,II Year,II/IV/CSE H,BMS 601,BMS 601,MON,1,21CSE253T/IoT,FACULTY OF ENGINEERING AND TECHNOLOGY
CSE,II Year,II/IV/CSE H,BMS 601,BMS 601,MON,2,21MAB204T/PQT,FACULTY OF ENGINEERING AND TECHNOLOGY
CSE,II Year,II/IV/CSE H,BMS 601,BMS 601,MON,3,21PDM202L/CCTS,FACULTY OF ENGINEERING AND TECHNOLOGY
CSE,II Year,II/IV/CSE H,BMS 601,BMS 601,MON,5,21CSC206T/AI,FACULTY OF ENGINEERING AND TECHNOLOGY
CSE,II Year,II/IV/CSE H,BMS 601,BMS 601,MON,6,21CSC204J/DAA,FACULTY OF ENGINEERING AND TECHNOLOGY
CSE,II Year,II/IV/CSE H,BMS 601,BMS 601,MON,7,21CSC205P/DBMS,FACULTY OF ENGINEERING AND TECHNOLOGY
CSE,II Year,II/IV/CSE H,BMS 601,BMS 601,TUE,1,21CSC204J/DAA,FACULTY OF ENGINEERING AND TECHNOLOGY
CSE,II Year,II/IV/CSE H,BMS 601,BMS 601,TUE,2,21LEM202T/UHV,FACULTY OF ENGINEERING AND TECHNOLOGY
CSE,II Year,II/IV/CSE H,BMS 601,BMS 601,TUE,3,21CSE253T/IoT,FACULTY OF ENGINEERING AND TECHNOLOGY
CSE,II Year,II/IV/CSE H,BMS 601,BMS 601,TUE,4,21MAB204T/PQT,FACULTY OF ENGINEERING AND TECHNOLOGY
CSE,II Year,II/IV/CSE H,BMS 601,BMS 601,TUE,5,21PDH201T/SE,FACULTY OF ENGINEERING AND TECHNOLOGY
CSE,II Year,II/IV/CSE H,BMS 601,BMS 601,WED,1,21MAB204T/PQT,FACULTY OF ENGINEERING AND TECHNOLOGY
CSE,II Year,II/IV/CSE H,BMS 601,BMS 601,WED,2,21CSC206T/AI,FACULTY OF ENGINEERING AND TECHNOLOGY
CSE,II Year,II/IV/CSE H,BMS 601,BMS 601,WED,3,21LEM202T/UHV,FACULTY OF ENGINEERING AND TECHNOLOGY
CSE,II Year,II/IV/CSE H,BMS 601,BMS 601,WED,4,21CSE253T/IoT,FACULTY OF ENGINEERING AND TECHNOLOGY
CSE,II Year,II/IV/CSE H,BMS 601,BMS 601,THU,5,21CSC204J/DAA,FACULTY OF ENGINEERING AND TECHNOLOGY
CSE,II Year,II/IV/CSE H,BMS 601,BMS 601,THU,7,21CSC205P/DBMS,FACULTY OF ENGINEERING AND TECHNOLOGY
CSE,II Year,II/IV/CSE H,BMS 601,BMS 601,FRI,1,21CSC206T/AI,FACULTY OF ENGINEERING AND TECHNOLOGY
CSE,II Year,II/IV/CSE H,BMS 601,BMS 601,FRI,2,21MAB204T/PQT,FACULTY OF ENGINEERING AND TECHNOLOGY
CSE,II Year,II/IV/CSE H,BMS 601,BMS 601,FRI,3,21CSC204J/DAA,FACULTY OF ENGINEERING AND TECHNOLOGY
CSE,II Year,II/IV/CSE H,BMS 601,BMS 601,FRI,4,21CSC205P/DBMS,FACULTY OF ENGINEERING AND TECHNOLOGY
CSE,II Year,II/IV/CSE H,BMS 601,BMS 601,FRI,5,21LEM202T/UHV,FACULTY OF ENGINEERING AND TECHNOLOGY
CSE,II Year,II/IV/CSE I,BMS 602,BMS 602,MON,1,21CSC204J/DAA,FACULTY OF ENGINEERING AND TECHNOLOGY
CSE,II Year,II/IV/CSE I,BMS 602,BMS 602,MON,2,21LEM202T/UHV,FACULTY OF ENGINEERING AND TECHNOLOGY
CSE,II Year,II/IV/CSE I,BMS 602,BMS 602,MON,3,21MAB204T/PQT,FACULTY OF ENGINEERING AND TECHNOLOGY
CSE,II Year,II/IV/CSE I,BMS 602,BMS 602,MON,4,21CSE253T/IoT,FACULTY OF ENGINEERING AND TECHNOLOGY
CSE,II Year,II/IV/CSE I,BMS 602,BMS 602,MON,5,21PDM202L/CCTS,FACULTY OF ENGINEERING AND TECHNOLOGY
CSE,II Year,II/IV/CSE I,BMS 602,BMS 602,TUE,1,21MAB204T/PQT,FACULTY OF ENGINEERING AND TECHNOLOGY
CSE,II Year,II/IV/CSE I,BMS 602,BMS 602,TUE,2,21LEM202T/UHV,FACULTY OF ENGINEERING AND TECHNOLOGY
CSE,II Year,II/IV/CSE I,BMS 602,BMS 602,TUE,3,21CSC205P/DBMS,FACULTY OF ENGINEERING AND TECHNOLOGY
CSE,II Year,II/IV/CSE I,BMS 602,BMS 602,TUE,4,21CSC206T/AI,FACULTY OF ENGINEERING AND TECHNOLOGY
CSE,II Year,II/IV/CSE I,BMS 602,BMS 602,TUE,5,21CSE253T/IoT,FACULTY OF ENGINEERING AND TECHNOLOGY
CSE,II Year,II/IV/CSE I,BMS 602,BMS 602,TUE,6,21CSC204J/DAA,FACULTY OF ENGINEERING AND TECHNOLOGY
CSE,II Year,II/IV/CSE I,BMS 602,BMS 602,TUE,7,21PDH201T/SE,FACULTY OF ENGINEERING AND TECHNOLOGY
CSE,II Year,II/IV/CSE I,BMS 602,BMS 602,WED,1,21CSC206T/AI,FACULTY OF ENGINEERING AND TECHNOLOGY
CSE,II Year,II/IV/CSE I,BMS 602,BMS 602,WED,2,21MAB204T/PQT,FACULTY OF ENGINEERING AND TECHNOLOGY
CSE,II Year,II/IV/CSE I,BMS 602,BMS 602,WED,3,21CSC205P/DBMS,FACULTY OF ENGINEERING AND TECHNOLOGY
CSE,II Year,II/IV/CSE I,BMS 602,BMS 602,WED,4,21CSC204J/DAA,FACULTY OF ENGINEERING AND TECHNOLOGY
CSE,II Year,II/IV/CSE I,BMS 602,BMS 602,THU,1,21CSE253T/IoT,FACULTY OF ENGINEERING AND TECHNOLOGY
CSE,II Year,II/IV/CSE I,BMS 602,BMS 602,THU,2,21CSC206T/AI,FACULTY OF ENGINEERING AND TECHNOLOGY
CSE,II Year,II/IV/CSE I,BMS 602,BMS 602,THU,3,21MAB204T/PQT,FACULTY OF ENGINEERING AND TECHNOLOGY
CSE,II Year,II/IV/CSE I,BMS 602,BMS 602,THU,4,21LEM202T/UHV,FACULTY OF ENGINEERING AND TECHNOLOGY
CSE,II Year,II/IV/CSE I,BMS 602,BMS 602,FRI,5,21CSC204J/DAA,FACULTY OF ENGINEERING AND TECHNOLOGY
CSE,II Year,II/IV/CSE I,BMS 602,BMS 602,FRI,7,21CSC205P/DBMS,FACULTY OF ENGINEERING AND TECHNOLOGY
CSE,II Year,II/IV/CSE J,BMS 602,BMS 602,MON,1,21CSC205P/DBMS,FACULTY OF ENGINEERING AND TECHNOLOGY
CSE,II Year,II/IV/CSE J,BMS 602,BMS 602,MON,2,21CSC204J/DAA,FACULTY OF ENGINEERING AND TECHNOLOGY
CSE,II Year,II/IV/CSE J,BMS 602,BMS 602,TUE,1,21CSC205P/DBMS,FACULTY OF ENGINEERING AND TECHNOLOGY
CSE,II Year,II/IV/CSE J,BMS 602,BMS 602,TUE,2,21CSE251T/DIP,FACULTY OF ENGINEERING AND TECHNOLOGY
CSE,II Year,II/IV/CSE J,BMS 602,BMS 602,TUE,3,21LEM202T/UHV,FACULTY OF ENGINEERING AND TECHNOLOGY
CSE,II Year,II/IV/CSE J,BMS 602,BMS 602,TUE,4,21MAB204T/PQT,FACULTY OF ENGINEERING AND TECHNOLOGY
CSE,II Year,II/IV/CSE J,BMS 602,BMS 602,TUE,5,21CSC206T/AI,FACULTY OF ENGINEERING AND TECHNOLOGY
CSE,II Year,II/IV/CSE J,BMS 602,BMS 602,TUE,6,21CSC204J/DAA,FACULTY OF ENGINEERING AND TECHNOLOGY
CSE,II Year,II/IV/CSE J,BMS 602,BMS 602,WED,1,21MAB204T/PQT,FACULTY OF ENGINEERING AND TECHNOLOGY
CSE,II Year,II/IV/CSE J,BMS 602,BMS 602,WED,2,21LEM202T/UHV,FACULTY OF ENGINEERING AND TECHNOLOGY
CSE,II Year,II/IV/CSE J,BMS 602,BMS 602,WED,3,21PDH201T/SE,FACULTY OF ENGINEERING AND TECHNOLOGY
CSE,II Year,II/IV/CSE J,BMS 602,BMS 602,THU,1,21CSC204J/DAA,FACULTY OF ENGINEERING AND TECHNOLOGY
CSE,II Year,II/IV/CSE J,BMS 602,BMS 602,THU,2,21CSC206T/AI,FACULTY OF ENGINEERING AND TECHNOLOGY
CSE,II Year,II/IV/CSE J,BMS 602,BMS 602,THU,3,21CSC205P/DBMS,FACULTY OF ENGINEERING AND TECHNOLOGY
CSE,II Year,II/IV/CSE J,BMS 602,BMS 602,THU,4,21CSE251T/DIP,FACULTY OF ENGINEERING AND TECHNOLOGY
CSE,II Year,II/IV/CSE J,BMS 602,BMS 602,THU,5,21MAB204T/PQT,FACULTY OF ENGINEERING AND TECHNOLOGY
CSE,II Year,II/IV/CSE J,BMS 602,BMS 602,THU,6,21LEM202T/UHV,FACULTY OF ENGINEERING AND TECHNOLOGY
CSE,II Year,II/IV/CSE J,BMS 602,BMS 602,FRI,1,21CSE251T/DIP,FACULTY OF ENGINEERING AND TECHNOLOGY
CSE,II Year,II/IV/CSE J,BMS 602,BMS 602,FRI,2,21MAB204T/PQT,FACULTY OF ENGINEERING AND TECHNOLOGY
CSE,II Year,II/IV/CSE J,BMS 602,BMS 602,FRI,3,21CSC204J/DAA,FACULTY OF ENGINEERING AND TECHNOLOGY
CSE,II Year,II/IV/CSE J,BMS 602,BMS 602,FRI,4,21CSC206T/AI,FACULTY OF ENGINEERING AND TECHNOLOGY
CSE,II Year,II/IV/CSE K,BMS 603,BMS 603,MON,1,21CSC204J/DAA,FACULTY OF ENGINEERING AND TECHNOLOGY
CSE,II Year,II/IV/CSE K,BMS 603,BMS 603,MON,2,21CSE251T/DIP,FACULTY OF ENGINEERING AND TECHNOLOGY
CSE,II Year,II/IV/CSE K,BMS 603,BMS 603,MON,3,21CSC206T/AI,FACULTY OF ENGINEERING AND TECHNOLOGY
CSE,II Year,II/IV/CSE K,BMS 603,BMS 603,MON,4,21MAB204T/PQT,FACULTY OF ENGINEERING AND TECHNOLOGY
CSE,II Year,II/IV/CSE K,BMS 603,BMS 603,MON,5,21LEM202T/UHV,FACULTY OF ENGINEERING AND TECHNOLOGY
CSE,II Year,II/IV/CSE K,BMS 603,BMS 603,TUE,1,21CSC205P/DBMS,FACULTY OF ENGINEERING AND TECHNOLOGY
CSE,II Year,II/IV/CSE K,BMS 603,BMS 603,TUE,3,21CSC204J/DAA,FACULTY OF ENGINEERING AND TECHNOLOGY
CSE,II Year,II/IV/CSE K,BMS 603,BMS 603,WED,1,21MAB204T/PQT,FACULTY OF ENGINEERING AND TECHNOLOGY
CSE,II Year,II/IV/CSE K,BMS 603,BMS 603,WED,2,21LEM202T/UHV,FACULTY OF ENGINEERING AND TECHNOLOGY
CSE,II Year,II/IV/CSE K,BMS 603,BMS 603,WED,3,21CSC205P/DBMS,FACULTY OF ENGINEERING AND TECHNOLOGY
CSE,II Year,II/IV/CSE K,BMS 603,BMS 603,WED,4,21CSC204J/DAA,FACULTY OF ENGINEERING AND TECHNOLOGY
CSE,II Year,II/IV/CSE K,BMS 603,BMS 603,WED,6,21CSC206T/AI,FACULTY OF ENGINEERING AND TECHNOLOGY
CSE,II Year,II/IV/CSE K,BMS 603,BMS 603,WED,7,21PDH201T/SE,FACULTY OF ENGINEERING AND TECHNOLOGY
CSE,II Year,II/IV/CSE K,BMS 603,BMS 603,THU,1,21CSC206T/AI,FACULTY OF ENGINEERING AND TECHNOLOGY
CSE,II Year,II/IV/CSE K,BMS 603,BMS 603,THU,2,21MAB204T/PQT,FACULTY OF ENGINEERING AND TECHNOLOGY
CSE,II Year,II/IV/CSE K,BMS 603,BMS 603,THU,3,21CSE251T/DIP,FACULTY OF ENGINEERING AND TECHNOLOGY
CSE,II Year,II/IV/CSE K,BMS 603,BMS 603,THU,4,21CSC204J/DAA,FACULTY OF ENGINEERING AND TECHNOLOGY
CSE,II Year,II/IV/CSE K,BMS 603,BMS 603,FRI,1,21CSE251T/DIP,FACULTY OF ENGINEERING AND TECHNOLOGY
CSE,II Year,II/IV/CSE K,BMS 603,BMS 603,FRI,2,21LEM202T/UHV,FACULTY OF ENGINEERING AND TECHNOLOGY
CSE,II Year,II/IV/CSE K,BMS 603,BMS 603,FRI,3,21CSC205P/DBMS,FACULTY OF ENGINEERING AND TECHNOLOGY
CSE,II Year,II/IV/CSE K,BMS 603,BMS 603,FRI,4,21MAB204T/PQT,FACULTY OF ENGINEERING AND TECHNOLOGY
CSE,II Year,II/IV/CSE K,BMS 603,BMS 603,FRI,5,21PDM202L/CCTS,FACULTY OF ENGINEERING AND TECHNOLOGY
CSE,II Year,II/IV/CSE L,BMS 603,BMS 603,MON,1,21MAB204T/PQT,FACULTY OF ENGINEERING AND TECHNOLOGY
CSE,II Year,II/IV/CSE L,BMS 603,BMS 603,MON,2,21CSE251T/DIP,FACULTY OF ENGINEERING AND TECHNOLOGY
CSE,II Year,II/IV/CSE L,BMS 603,BMS 603,MON,3,21CSC204J/DAA,FACULTY OF ENGINEERING AND TECHNOLOGY
CSE,II Year,II/IV/CSE L,BMS 603,BMS 603,MON,4,21CSC205P/DBMS,FACULTY OF ENGINEERING AND TECHNOLOGY
CSE,II Year,II/IV/CSE L,BMS 603,BMS 603,MON,5,21LEM202T/UHV,FACULTY OF ENGINEERING AND TECHNOLOGY
CSE,II Year,II/IV/CSE L,BMS 603,BMS 603,TUE,1,21CSC206T/AI,FACULTY OF ENGINEERING AND TECHNOLOGY
CSE,II Year,II/IV/CSE L,BMS 603,BMS 603,TUE,2,21LEM202T/UHV,FACULTY OF ENGINEERING AND TECHNOLOGY
CSE,II Year,II/IV/CSE L,BMS 603,BMS 603,TUE,3,21CSC204J/DAA,FACULTY OF ENGINEERING AND TECHNOLOGY
CSE,II Year,II/IV/CSE L,BMS 603,BMS 603,TUE,4,21CSC205P/DBMS,FACULTY OF ENGINEERING AND TECHNOLOGY
CSE,II Year,II/IV/CSE L,BMS 603,BMS 603,TUE,5,21CSE251T/DIP,FACULTY OF ENGINEERING AND TECHNOLOGY
CSE,II Year,II/IV/CSE L,BMS 603,BMS 603,TUE,6,21MAB204T/PQT,FACULTY OF ENGINEERING AND TECHNOLOGY
CSE,II Year,II/IV/CSE L,BMS 603,BMS 603,WED,1,21CSC204J/DAA,FACULTY OF ENGINEERING AND TECHNOLOGY
CSE,II Year,II/IV/CSE L,BMS 603,BMS 603,WED,3,21CSC205P/DBMS,FACULTY OF ENGINEERING AND TECHNOLOGY
CSE,II Year,II/IV/CSE L,BMS 603,BMS 603,THU,1,21PDH201T/SE,FACULTY OF ENGINEERING AND TECHNOLOGY
CSE,II Year,II/IV/CSE L,BMS 603,BMS 603,THU,3,21CSC206T/AI,FACULTY OF ENGINEERING AND TECHNOLOGY
CSE,II Year,II/IV/CSE L,BMS 603,BMS 603,THU,4,21MAB204T/PQT,FACULTY OF ENGINEERING AND TECHNOLOGY
CSE,II Year,II/IV/CSE L,BMS 603,BMS 603,THU,5,21LEM202T/UHV,FACULTY OF ENGINEERING AND TECHNOLOGY
CSE,II Year,II/IV/CSE L,BMS 603,BMS 603,FRI,1,21PDM202L/CCTS,FACULTY OF ENGINEERING AND TECHNOLOGY
CSE,II Year,II/IV/CSE L,BMS 603,BMS 603,FRI,3,21MAB204T/PQT,FACULTY OF ENGINEERING AND TECHNOLOGY
CSE,II Year,II/IV/CSE L,BMS 603,BMS 603,FRI,4,21CSE251T/DIP,FACULTY OF ENGINEERING AND TECHNOLOGY
CSE,II Year,II/IV/CSE L,BMS 603,BMS 603,FRI,5,21CSC206T/AI,FACULTY OF ENGINEERING AND TECHNOLOGY
CSE,II Year,II/IV/CSE L,BMS 603,BMS 603,FRI,6,21CSC204J/DAA,FACULTY OF ENGINEERING AND TECHNOLOGY
CSE,II Year,II/IV/CSE M,BMS 604,BMS 604,MON,1,21MAB204T/PQT,FACULTY OF ENGINEERING AND TECHNOLOGY
CSE,II Year,II/IV/CSE M,BMS 604,BMS 604,MON,2,21CSE253T/IoT,FACULTY OF ENGINEERING AND TECHNOLOGY
CSE,II Year,II/IV/CSE M,BMS 604,BMS 604,MON,3,21CSC205P/DBMS,FACULTY OF ENGINEERING AND TECHNOLOGY
CSE,II Year,II/IV/CSE M,BMS 604,BMS 604,MON,4,21CSC206T/AI,FACULTY OF ENGINEERING AND TECHNOLOGY
CSE,II Year,II/IV/CSE M,BMS 604,BMS 604,MON,5,21LEM202T/UHV,FACULTY OF ENGINEERING AND TECHNOLOGY
CSE,II Year,II/IV/CSE M,BMS 604,BMS 604,MON,6,21CSC204J/DAA,FACULTY OF ENGINEERING AND TECHNOLOGY
CSE,II Year,II/IV/CSE M,BMS 604,BMS 604,MON,7,21PDM202L/CCTS,FACULTY OF ENGINEERING AND TECHNOLOGY
CSE,II Year,II/IV/CSE M,BMS 604,BMS 604,TUE,1,21CSC206T/AI,FACULTY OF ENGINEERING AND TECHNOLOGY
CSE,II Year,II/IV/CSE M,BMS 604,BMS 604,TUE,2,21MAB204T/PQT,FACULTY OF ENGINEERING AND TECHNOLOGY
CSE,II Year,II/IV/CSE M,BMS 604,BMS 604,TUE,3,21CSC204J/DAA,FACULTY OF ENGINEERING AND TECHNOLOGY
CSE,II Year,II/IV/CSE M,BMS 604,BMS 604,TUE,4,21CSE253T/IoT,FACULTY OF ENGINEERING AND TECHNOLOGY
CSE,II Year,II/IV/CSE M,BMS 604,BMS 604,WED,1,21CSC204J/DAA,FACULTY OF ENGINEERING AND TECHNOLOGY
CSE,II Year,II/IV/CSE M,BMS 604,BMS 604,WED,2,21CSE253T/IoT,FACULTY OF ENGINEERING AND TECHNOLOGY
CSE,II Year,II/IV/CSE M,BMS 604,BMS 604,WED,3,21LEM202T/UHV,FACULTY OF ENGINEERING AND TECHNOLOGY
CSE,II Year,II/IV/CSE M,BMS 604,BMS 604,WED,4,21MAB204T/PQT,FACULTY OF ENGINEERING AND TECHNOLOGY
CSE,II Year,II/IV/CSE M,BMS 604,BMS 604,THU,1,21CSC205P/DBMS,FACULTY OF ENGINEERING AND TECHNOLOGY
CSE,II Year,II/IV/CSE M,BMS 604,BMS 604,THU,3,21CSC204J/DAA,FACULTY OF ENGINEERING AND TECHNOLOGY
CSE,II Year,II/IV/CSE M,BMS 604,BMS 604,FRI,1,21PDH201T/SE,FACULTY OF ENGINEERING AND TECHNOLOGY
CSE,II Year,II/IV/CSE M,BMS 604,BMS 604,FRI,3,21CSC206T/AI,FACULTY OF ENGINEERING AND TECHNOLOGY
CSE,II Year,II/IV/CSE M,BMS 604,BMS 604,FRI,4,21CSC205P/DBMS,FACULTY OF ENGINEERING AND TECHNOLOGY
CSE,II Year,II/IV/CSE M,BMS 604,BMS 604,FRI,5,21MAB204T/PQT,FACULTY OF ENGINEERING AND TECHNOLOGY
CSE,II Year,II/IV/CSE M,BMS 604,BMS 604,FRI,6,21LEM202T/UHV,FACULTY OF ENGINEERING AND TECHNOLOGY
CSE,II Year,II/IV/CSE N,New Admin 101,New Admin 101,MON,1,21CSC204J/DAA,FACULTY OF ENGINEERING AND TECHNOLOGY
CSE,II Year,II/IV/CSE N,New Admin 101,New Admin 101,MON,2,21CSC206T/AI,FACULTY OF ENGINEERING AND TECHNOLOGY
CSE,II Year,II/IV/CSE N,New Admin 101,New Admin 101,MON,3,21CSE253T/IoT,FACULTY OF ENGINEERING AND TECHNOLOGY
CSE,II Year,II/IV/CSE N,New Admin 101,New Admin 101,MON,4,21MAB204T/PQT,FACULTY OF ENGINEERING AND TECHNOLOGY
CSE,II Year,II/IV/CSE N,New Admin 101,New Admin 101,MON,5,21CSC205P/DBMS,FACULTY OF ENGINEERING AND TECHNOLOGY
CSE,II Year,II/IV/CSE N,New Admin 101,New Admin 101,MON,6,21LEM202T/UHV,FACULTY OF ENGINEERING AND TECHNOLOGY
CSE,II Year,II/IV/CSE N,New Admin 101,New Admin 101,TUE,1,21MAB204T/PQT,FACULTY OF ENGINEERING AND TECHNOLOGY
CSE,II Year,II/IV/CSE N,New Admin 101,New Admin 101,TUE,2,21CSE253T/IoT,FACULTY OF ENGINEERING AND TECHNOLOGY
CSE,II Year,II/IV/CSE N,New Admin 101,New Admin 101,TUE,3,21LEM202T/UHV,FACULTY OF ENGINEERING AND TECHNOLOGY
CSE,II Year,II/IV/CSE N,New Admin 101,New Admin 101,TUE,4,21CSC206T/AI,FACULTY OF ENGINEERING AND TECHNOLOGY
CSE,II Year,II/IV/CSE N,New Admin 101,New Admin 101,WED,1,21CSC206T/AI,FACULTY OF ENGINEERING AND TECHNOLOGY
CSE,II Year,II/IV/CSE N,New Admin 101,New Admin 101,WED,2,21LEM202T/UHV,FACULTY OF ENGINEERING AND TECHNOLOGY
CSE,II Year,II/IV/CSE N,New Admin 101,New Admin 101,WED,3,21MAB204T/PQT,FACULTY OF ENGINEERING AND TECHNOLOGY
CSE,II Year,II/IV/CSE N,New Admin 101,New Admin 101,WED,4,21CSC204J/DAA,FACULTY OF ENGINEERING AND TECHNOLOGY
CSE,II Year,II/IV/CSE N,New Admin 101,New Admin 101,THU,1,21CSC205P/DBMS,FACULTY OF ENGINEERING AND TECHNOLOGY
CSE,II Year,II/IV/CSE N,New Admin 101,New Admin 101,THU,2,21CSC204J/DAA,FACULTY OF ENGINEERING AND TECHNOLOGY
CSE,II Year,II/IV/CSE N,New Admin 101,New Admin 101,THU,3,21PDH201T/SE,FACULTY OF ENGINEERING AND TECHNOLOGY
CSE,II Year,II/IV/CSE N,New Admin 101,New Admin 101,THU,5,21MAB204T/PQT,FACULTY OF ENGINEERING AND TECHNOLOGY
CSE,II Year,II/IV/CSE N,New Admin 101,New Admin 101,THU,6,21CSE253T/IoT,FACULTY OF ENGINEERING AND TECHNOLOGY
CSE,II Year,II/IV/CSE N,New Admin 101,New Admin 101,THU,7,21PDM202L/CCTS,FACULTY OF ENGINEERING AND TECHNOLOGY
CSE,II Year,II/IV/CSE N,New Admin 101,New Admin 101,FRI,1,21CSC205P/DBMS,FACULTY OF ENGINEERING AND TECHNOLOGY
CSE,II Year,II/IV/CSE N,New Admin 101,New Admin 101,FRI,3,21CSC204J/DAA,FACULTY OF ENGINEERING AND TECHNOLOGY
CSE,II Year,II/IV/CSE O,New Admin 102,New Admin 102,MON,1,21CSC204J/DAA,FACULTY OF ENGINEERING AND TECHNOLOGY
CSE,II Year,II/IV/CSE O,New Admin 102,New Admin 102,MON,2,21CSC205P/DBMS,FACULTY OF ENGINEERING AND TECHNOLOGY
CSE,II Year,II/IV/CSE O,New Admin 102,New Admin 102,TUE,1,21CSC206T/AI,FACULTY OF ENGINEERING AND TECHNOLOGY
CSE,II Year,II/IV/CSE O,New Admin 102,New Admin 102,TUE,2,21CSE253T/IoT,FACULTY OF ENGINEERING AND TECHNOLOGY
CSE,II Year,II/IV/CSE O,New Admin 102,New Admin 102,TUE,3,21LEM202T/UHV,FACULTY OF ENGINEERING AND TECHNOLOGY
CSE,II Year,II/IV/CSE O,New Admin 102,New Admin 102,TUE,4,21MAB204T/PQT,FACULTY OF ENGINEERING AND TECHNOLOGY
CSE,II Year,II/IV/CSE O,New Admin 102,New Admin 102,TUE,5,21CSC204J/DAA,FACULTY OF ENGINEERING AND TECHNOLOGY
CSE,II Year,II/IV/CSE O,New Admin 102,New Admin 102,TUE,6,21CSC205P/DBMS,FACULTY OF ENGINEERING AND TECHNOLOGY
CSE,II Year,II/IV/CSE O,New Admin 102,New Admin 102,WED,1,21MAB204T/PQT,FACULTY OF ENGINEERING AND TECHNOLOGY
CSE,II Year,II/IV/CSE O,New Admin 102,New Admin 102,WED,2,21CSC205P/DBMS,FACULTY OF ENGINEERING AND TECHNOLOGY
CSE,II Year,II/IV/CSE O,New Admin 102,New Admin 102,WED,3,21CSC204J/DAA,FACULTY OF ENGINEERING AND TECHNOLOGY
CSE,II Year,II/IV/CSE O,New Admin 102,New Admin 102,WED,4,21CSC206T/AI,FACULTY OF ENGINEERING AND TECHNOLOGY
CSE,II Year,II/IV/CSE O,New Admin 102,New Admin 102,THU,1,21PDM202L/CCTS,FACULTY OF ENGINEERING AND TECHNOLOGY
CSE,II Year,II/IV/CSE O,New Admin 102,New Admin 102,THU,2,21CSC206T/AI,FACULTY OF ENGINEERING AND TECHNOLOGY
CSE,II Year,II/IV/CSE O,New Admin 102,New Admin 102,THU,3,21CSC204J/DAA,FACULTY OF ENGINEERING AND TECHNOLOGY
CSE,II Year,II/IV/CSE O,New Admin 102,New Admin 102,THU,4,21CSE253T/IoT,FACULTY OF ENGINEERING AND TECHNOLOGY
CSE,II Year,II/IV/CSE O,New Admin 102,New Admin 102,THU,5,21MAB204T/PQT,FACULTY OF ENGINEERING AND TECHNOLOGY
CSE,II Year,II/IV/CSE O,New Admin 102,New Admin 102,FRI,1,21CSE253T/IoT,FACULTY OF ENGINEERING AND TECHNOLOGY
CSE,II Year,II/IV/CSE O,New Admin 102,New Admin 102,FRI,2,21MAB204T/PQT,FACULTY OF ENGINEERING AND TECHNOLOGY
CSE,II Year,II/IV/CSE O,New Admin 102,New Admin 102,FRI,3,21PDH201T/SE,FACULTY OF ENGINEERING AND TECHNOLOGY
CSE,II Year,II/IV/CSE O,New Admin 102,New Admin 102,FRI,4,21LEM202T/UHV,FACULTY OF ENGINEERING AND TECHNOLOGY
CSE,II Year,II/IV/CSE P,New Admin 103,New Admin 103,MON,1,21CSC205P/DBMS,FACULTY OF ENGINEERING AND TECHNOLOGY
CSE,II Year,II/IV/CSE P,New Admin 103,New Admin 103,MON,2,21LEM202T/UHV,FACULTY OF ENGINEERING AND TECHNOLOGY
CSE,II Year,II/IV/CSE P,New Admin 103,New Admin 103,MON,3,21MAB204T/PQT,FACULTY OF ENGINEERING AND TECHNOLOGY
CSE,II Year,II/IV/CSE P,New Admin 103,New Admin 103,MON,4,21CSE253T/IoT,FACULTY OF ENGINEERING AND TECHNOLOGY
CSE,II Year,II/IV/CSE P,New Admin 103,New Admin 103,MON,5,21CSC206T/AI,FACULTY OF ENGINEERING AND TECHNOLOGY
CSE,II Year,II/IV/CSE P,New Admin 103,New Admin 103,TUE,1,21CSC204J/DAA,FACULTY OF ENGINEERING AND TECHNOLOGY
CSE,II Year,II/IV/CSE P,New Admin 103,New Admin 103,TUE,3,21CSE253T/IoT,FACULTY OF ENGINEERING AND TECHNOLOGY
CSE,II Year,II/IV/CSE P,New Admin 103,New Admin 103,TUE,4,21CSC205P/DBMS,FACULTY OF ENGINEERING AND TECHNOLOGY
CSE,II Year,II/IV/CSE P,New Admin 103,New Admin 103,TUE,5,21MAB204T/PQT,FACULTY OF ENGINEERING AND TECHNOLOGY
CSE,II Year,II/IV/CSE P,New Admin 103,New Admin 103,TUE,6,21LEM202T/UHV,FACULTY OF ENGINEERING AND TECHNOLOGY
CSE,II Year,II/IV/CSE P,New Admin 103,New Admin 103,WED,1,21CSC206T/AI,FACULTY OF ENGINEERING AND TECHNOLOGY
CSE,II Year,II/IV/CSE P,New Admin 103,New Admin 103,WED,2,21LEM202T/UHV,FACULTY OF ENGINEERING AND TECHNOLOGY
CSE,II Year,II/IV/CSE P,New Admin 103,New Admin 103,WED,3,21MAB204T/PQT,FACULTY OF ENGINEERING AND TECHNOLOGY
CSE,II Year,II/IV/CSE P,New Admin 103,New Admin 103,WED,4,21CSC204J/DAA,FACULTY OF ENGINEERING AND TECHNOLOGY
CSE,II Year,II/IV/CSE P,New Admin 103,New Admin 103,THU,1,21CSC204J/DAA,FACULTY OF ENGINEERING AND TECHNOLOGY
CSE,II Year,II/IV/CSE P,New Admin 103,New Admin 103,THU,2,21MAB204T/PQT,FACULTY OF ENGINEERING AND TECHNOLOGY
CSE,II Year,II/IV/CSE P,New Admin 103,New Admin 103,THU,3,21CSC205P/DBMS,FACULTY OF ENGINEERING AND TECHNOLOGY
CSE,II Year,II/IV/CSE P,New Admin 103,New Admin 103,THU,5,21PDH201T/SE,FACULTY OF ENGINEERING AND TECHNOLOGY
CSE,II Year,II/IV/CSE P,New Admin 103,New Admin 103,FRI,1,21CSC206T/AI,FACULTY OF ENGINEERING AND TECHNOLOGY
CSE,II Year,II/IV/CSE P,New Admin 103,New Admin 103,FRI,2,21CSC204J/DAA,FACULTY OF ENGINEERING AND TECHNOLOGY
CSE,II Year,II/IV/CSE P,New Admin 103,New Admin 103,FRI,3,21PDM202L/CCTS,FACULTY OF ENGINEERING AND TECHNOLOGY
CSE,II Year,II/IV/CSE P,New Admin 103,New Admin 103,FRI,5,21CSE253T/IoT,FACULTY OF ENGINEERING AND TECHNOLOGY
CSE,III Year,III/VI/A,BLOCK III- 604,BLOCK III- 604,MON,1,21CSC304J/CD,FACULTY OF ENGINEERING AND TECHNOLOGY
CSE,III Year,III/VI/A,BLOCK III- 604,BLOCK III- 604,MON,2,21CSC303J/SEPM,FACULTY OF ENGINEERING AND TECHNOLOGY
CSE,III Year,III/VI/A,BLOCK III- 604,BLOCK III- 604,MON,3,21CSE355T/DMA,FACULTY OF ENGINEERING AND TECHNOLOGY
CSE,III Year,III/VI/A,BLOCK III- 604,BLOCK III- 604,MON,4,21CSE399T/AMC,FACULTY OF ENGINEERING AND TECHNOLOGY
CSE,III Year,III/VI/A,BLOCK III- 604,BLOCK III- 604,MON,5,21ECO105T/FOO,FACULTY OF ENGINEERING AND TECHNOLOGY
CSE,III Year,III/VI/A,BLOCK III- 604,BLOCK III- 604,MON,6,21LEM302T/ITK,FACULTY OF ENGINEERING AND TECHNOLOGY
CSE,III Year,III/VI/A,BLOCK III- 604,BLOCK III- 604,MON,7,21PDM302L/ESP,FACULTY OF ENGINEERING AND TECHNOLOGY
CSE,III Year,III/VI/A,BLOCK III- 604,BLOCK III- 604,TUE,5,21CSP302L/PROJECT,FACULTY OF ENGINEERING AND TECHNOLOGY
CSE,III Year,III/VI/A,BLOCK III- 604,BLOCK III- 604,TUE,7,21CSC304J/CD,FACULTY OF ENGINEERING AND TECHNOLOGY
CSE,III Year,III/VI/A,BLOCK III- 604,BLOCK III- 604,WED,1,21CSC303J/SEPM,FACULTY OF ENGINEERING AND TECHNOLOGY
CSE,III Year,III/VI/A,BLOCK III- 604,BLOCK III- 604,WED,3,21CSP302L/PROJECT,FACULTY OF ENGINEERING AND TECHNOLOGY
CSE,III Year,III/VI/A,BLOCK III- 604,BLOCK III- 604,THU,1,21CSE399T/AMC,FACULTY OF ENGINEERING AND TECHNOLOGY
CSE,III Year,III/VI/A,BLOCK III- 604,BLOCK III- 604,THU,2,21CSC303J/SEPM,FACULTY OF ENGINEERING AND TECHNOLOGY
CSE,III Year,III/VI/A,BLOCK III- 604,BLOCK III- 604,THU,3,21ECO105T/FOO,FACULTY OF ENGINEERING AND TECHNOLOGY
CSE,III Year,III/VI/A,BLOCK III- 604,BLOCK III- 604,THU,4,21CSE355T/DMA,FACULTY OF ENGINEERING AND TECHNOLOGY
CSE,III Year,III/VI/A,BLOCK III- 604,BLOCK III- 604,THU,5,21CSC304J/CD,FACULTY OF ENGINEERING AND TECHNOLOGY
CSE,III Year,III/VI/A,BLOCK III- 604,BLOCK III- 604,THU,6,21CSS303T/DS,FACULTY OF ENGINEERING AND TECHNOLOGY
CSE,III Year,III/VI/A,BLOCK III- 604,BLOCK III- 604,FRI,1,21CSS303T/DS,FACULTY OF ENGINEERING AND TECHNOLOGY
CSE,III Year,III/VI/A,BLOCK III- 604,BLOCK III- 604,FRI,2,21CSE355T/DMA,FACULTY OF ENGINEERING AND TECHNOLOGY
CSE,III Year,III/VI/A,BLOCK III- 604,BLOCK III- 604,FRI,3,21CSP302L/PROJECT,FACULTY OF ENGINEERING AND TECHNOLOGY
CSE,III Year,III/VI/A,BLOCK III- 604,BLOCK III- 604,FRI,5,21CSE399T/AMC,FACULTY OF ENGINEERING AND TECHNOLOGY
CSE,III Year,III/VI/A,BLOCK III- 604,BLOCK III- 604,FRI,6,21ECO105T/FOO,FACULTY OF ENGINEERING AND TECHNOLOGY
CSE,III Year,III/VI/B,BLOCK III- 604,BLOCK III- 604,MON,1,21CSC303J/SEPM,FACULTY OF ENGINEERING AND TECHNOLOGY
CSE,III Year,III/VI/B,BLOCK III- 604,BLOCK III- 604,MON,2,21CSP302L/PROJECT,FACULTY OF ENGINEERING AND TECHNOLOGY
CSE,III Year,III/VI/B,BLOCK III- 604,BLOCK III- 604,TUE,1,21CSE399T/AMC,FACULTY OF ENGINEERING AND TECHNOLOGY
CSE,III Year,III/VI/B,BLOCK III- 604,BLOCK III- 604,TUE,2,21CSE355T/DMA,FACULTY OF ENGINEERING AND TECHNOLOGY
CSE,III Year,III/VI/B,BLOCK III- 604,BLOCK III- 604,TUE,3,21PDM302L/ESP,FACULTY OF ENGINEERING AND TECHNOLOGY
CSE,III Year,III/VI/B,BLOCK III- 604,BLOCK III- 604,TUE,4,21ECO105T/FOO,FACULTY OF ENGINEERING AND TECHNOLOGY
CSE,III Year,III/VI/B,BLOCK III- 604,BLOCK III- 604,TUE,5,21LEM302T/ITK,FACULTY OF ENGINEERING AND TECHNOLOGY
CSE,III Year,III/VI/B,BLOCK III- 604,BLOCK III- 604,WED,1,21CSS303T/DS,FACULTY OF ENGINEERING AND TECHNOLOGY
CSE,III Year,III/VI/B,BLOCK III- 604,BLOCK III- 604,WED,2,21CSC304J/CD,FACULTY OF ENGINEERING AND TECHNOLOGY
CSE,III Year,III/VI/B,BLOCK III- 604,BLOCK III- 604,WED,3,21ECO105T/FOO,FACULTY OF ENGINEERING AND TECHNOLOGY
CSE,III Year,III/VI/B,BLOCK III- 604,BLOCK III- 604,WED,4,21CSC303J/SEPM,FACULTY OF ENGINEERING AND TECHNOLOGY
CSE,III Year,III/VI/B,BLOCK III- 604,BLOCK III- 604,WED,5,21CSE355T/DMA,FACULTY OF ENGINEERING AND TECHNOLOGY
CSE,III Year,III/VI/B,BLOCK III- 604,BLOCK III- 604,THU,1,21CSC304J/CD,FACULTY OF ENGINEERING AND TECHNOLOGY
CSE,III Year,III/VI/B,BLOCK III- 604,BLOCK III- 604,FRI,1,21CSE355T/DMA,FACULTY OF ENGINEERING AND TECHNOLOGY
CSE,III Year,III/VI/B,BLOCK III- 604,BLOCK III- 604,FRI,2,21CSE399T/AMC,FACULTY OF ENGINEERING AND TECHNOLOGY
CSE,III Year,III/VI/B,BLOCK III- 604,BLOCK III- 604,FRI,3,21ECO105T/FOO,FACULTY OF ENGINEERING AND TECHNOLOGY
CSE,III Year,III/VI/B,BLOCK III- 604,BLOCK III- 604,FRI,4,21CSC303J/SEPM,FACULTY OF ENGINEERING AND TECHNOLOGY
CSE,III Year,III/VI/B,BLOCK III- 604,BLOCK III- 604,FRI,5,21CSC304J/CD,FACULTY OF ENGINEERING AND TECHNOLOGY
CSE,III Year,III/VI/B,BLOCK III- 604,BLOCK III- 604,FRI,6,21CSS303T/DS,FACULTY OF ENGINEERING AND TECHNOLOGY
CSE,III Year,III/VI/C,BLOCK III- 605,BLOCK III- 605,MON,1,21CSC304J/CD,FACULTY OF ENGINEERING AND TECHNOLOGY
CSE,III Year,III/VI/C,BLOCK III- 605,BLOCK III- 605,MON,2,21CSC303J/SEPM,FACULTY OF ENGINEERING AND TECHNOLOGY
CSE,III Year,III/VI/C,BLOCK III- 605,BLOCK III- 605,MON,3,21CSE355T/DMA,FACULTY OF ENGINEERING AND TECHNOLOGY
CSE,III Year,III/VI/C,BLOCK III- 605,BLOCK III- 605,MON,4,21CSS303T/DS,FACULTY OF ENGINEERING AND TECHNOLOGY
CSE,III Year,III/VI/C,BLOCK III- 605,BLOCK III- 605,MON,5,21CSE399T/AMC,FACULTY OF ENGINEERING AND TECHNOLOGY
CSE,III Year,III/VI/C,BLOCK III- 605,BLOCK III- 605,MON,6,21ECO105T/FOO,FACULTY OF ENGINEERING AND TECHNOLOGY
CSE,III Year,III/VI/C,BLOCK III- 605,BLOCK III- 605,TUE,1,21CSC303J/SEPM,FACULTY OF ENGINEERING AND TECHNOLOGY
CSE,III Year,III/VI/C,BLOCK III- 605,BLOCK III- 605,TUE,3,21CSP302L/PROJECT,FACULTY OF ENGINEERING AND TECHNOLOGY
CSE,III Year,III/VI/C,BLOCK III- 605,BLOCK III- 605,WED,1,21CSE355T/DMA,FACULTY OF ENGINEERING AND TECHNOLOGY
CSE,III Year,III/VI/C,BLOCK III- 605,BLOCK III- 605,WED,2,21CSE399T/AMC,FACULTY OF ENGINEERING AND TECHNOLOGY
CSE,III Year,III/VI/C,BLOCK III- 605,BLOCK III- 605,WED,3,21CSC303J/SEPM,FACULTY OF ENGINEERING AND TECHNOLOGY
CSE,III Year,III/VI/C,BLOCK III- 605,BLOCK III- 605,WED,4,21CSS303T/DS,FACULTY OF ENGINEERING AND TECHNOLOGY
CSE,III Year,III/VI/C,BLOCK III- 605,BLOCK III- 605,WED,6,21ECO105T/FOO,FACULTY OF ENGINEERING AND TECHNOLOGY
CSE,III Year,III/VI/C,BLOCK III- 605,BLOCK III- 605,WED,7,21CSP302L/PROJECT,FACULTY OF ENGINEERING AND TECHNOLOGY
CSE,III Year,III/VI/C,BLOCK III- 605,BLOCK III- 605,THU,1,21ECO105T/FOO,FACULTY OF ENGINEERING AND TECHNOLOGY
CSE,III Year,III/VI/C,BLOCK III- 605,BLOCK III- 605,THU,2,21LEM302T/ITK,FACULTY OF ENGINEERING AND TECHNOLOGY
CSE,III Year,III/VI/C,BLOCK III- 605,BLOCK III- 605,THU,3,21PDM302L/ESP,FACULTY OF ENGINEERING AND TECHNOLOGY
CSE,III Year,III/VI/C,BLOCK III- 605,BLOCK III- 605,THU,5,21CSC304J/CD,FACULTY OF ENGINEERING AND TECHNOLOGY
CSE,III Year,III/VI/C,BLOCK III- 605,BLOCK III- 605,THU,6,21CSE355T/DMA,FACULTY OF ENGINEERING AND TECHNOLOGY
CSE,III Year,III/VI/C,BLOCK III- 605,BLOCK III- 605,THU,7,21CSE399T/AMC,FACULTY OF ENGINEERING AND TECHNOLOGY
CSE,III Year,III/VI/C,BLOCK III- 605,BLOCK III- 605,FRI,5,21CSC304J/CD,FACULTY OF ENGINEERING AND TECHNOLOGY
CSE,III Year,III/VI/C,BLOCK III- 605,BLOCK III- 605,FRI,7,21CSP302L/PROJECT,FACULTY OF ENGINEERING AND TECHNOLOGY
CSE,III Year,III/VI/D,BLOCK III- 605,BLOCK III- 605,MON,1,21CSC304J/CD,FACULTY OF ENGINEERING AND TECHNOLOGY
CSE,III Year,III/VI/D,BLOCK III- 605,BLOCK III- 605,MON,2,21ECO105T/FOO,FACULTY OF ENGINEERING AND TECHNOLOGY
CSE,III Year,III/VI/D,BLOCK III- 605,BLOCK III- 605,MON,3,21CSE356T/NLP,FACULTY OF ENGINEERING AND TECHNOLOGY
CSE,III Year,III/VI/D,BLOCK III- 605,BLOCK III- 605,MON,4,21CSE355T/DMA,FACULTY OF ENGINEERING AND TECHNOLOGY
CSE,III Year,III/VI/D,BLOCK III- 605,BLOCK III- 605,MON,5,21PDM302L/ESP,FACULTY OF ENGINEERING AND TECHNOLOGY
CSE,III Year,III/VI/D,BLOCK III- 605,BLOCK III- 605,TUE,5,21CSC304J/CD,FACULTY OF ENGINEERING AND TECHNOLOGY
CSE,III Year,III/VI/D,BLOCK III- 605,BLOCK III- 605,TUE,7,21CSP302L/PROJECT,FACULTY OF ENGINEERING AND TECHNOLOGY
CSE,III Year,III/VI/D,BLOCK III- 605,BLOCK III- 605,WED,1,21CSS303T/DS,FACULTY OF ENGINEERING AND TECHNOLOGY
CSE,III Year,III/VI/D,BLOCK III- 605,BLOCK III- 605,WED,2,21CSC304J/CD,FACULTY OF ENGINEERING AND TECHNOLOGY
CSE,III Year,III/VI/D,BLOCK III- 605,BLOCK III- 605,WED,3,21CSE356T/NLP,FACULTY OF ENGINEERING AND TECHNOLOGY
CSE,III Year,III/VI/D,BLOCK III- 605,BLOCK III- 605,WED,4,21CSC303J/SEPM,FACULTY OF ENGINEERING AND TECHNOLOGY
CSE,III Year,III/VI/D,BLOCK III- 605,BLOCK III- 605,WED,6,21CSE355T/DMA,FACULTY OF ENGINEERING AND TECHNOLOGY
CSE,III Year,III/VI/D,BLOCK III- 605,BLOCK III- 605,WED,7,21ECO105T/FOO,FACULTY OF ENGINEERING AND TECHNOLOGY
CSE,III Year,III/VI/D,BLOCK III- 605,BLOCK III- 605,THU,1,21CSC303J/SEPM,FACULTY OF ENGINEERING AND TECHNOLOGY
CSE,III Year,III/VI/D,BLOCK III- 605,BLOCK III- 605,THU,3,21CSP302L/PROJECT,FACULTY OF ENGINEERING AND TECHNOLOGY
CSE,III Year,III/VI/D,BLOCK III- 605,BLOCK III- 605,FRI,1,21CSE355T/DMA,FACULTY OF ENGINEERING AND TECHNOLOGY
CSE,III Year,III/VI/D,BLOCK III- 605,BLOCK III- 605,FRI,2,21CSS303T/DS,FACULTY OF ENGINEERING AND TECHNOLOGY
CSE,III Year,III/VI/D,BLOCK III- 605,BLOCK III- 605,FRI,3,21CSE356T/NLP,FACULTY OF ENGINEERING AND TECHNOLOGY
CSE,III Year,III/VI/D,BLOCK III- 605,BLOCK III- 605,FRI,4,21CSC303J/SEPM,FACULTY OF ENGINEERING AND TECHNOLOGY
CSE,III Year,III/VI/D,BLOCK III- 605,BLOCK III- 605,FRI,5,21ECO105T/FOO,FACULTY OF ENGINEERING AND TECHNOLOGY
CSE,III Year,III/VI/D,BLOCK III- 605,BLOCK III- 605,FRI,6,21LEM302T/ITK,FACULTY OF ENGINEERING AND TECHNOLOGY
CSE,III Year,III/VI/D,BLOCK III- 605,BLOCK III- 605,FRI,7,21CSP302L/PROJECT,FACULTY OF ENGINEERING AND TECHNOLOGY
CSE,III Year,III/VI/E,BLOCK III-606,BLOCK III-606,MON,1,21CSC304J/CD,FACULTY OF ENGINEERING AND TECHNOLOGY
CSE,III Year,III/VI/E,BLOCK III-606,BLOCK III-606,MON,2,21CSC303J/SEPM,FACULTY OF ENGINEERING AND TECHNOLOGY
CSE,III Year,III/VI/E,BLOCK III-606,BLOCK III-606,MON,3,21CSE355T/DMA,FACULTY OF ENGINEERING AND TECHNOLOGY
CSE,III Year,III/VI/E,BLOCK III-606,BLOCK III-606,MON,4,21ECO105T/FOO,FACULTY OF ENGINEERING AND TECHNOLOGY
CSE,III Year,III/VI/E,BLOCK III-606,BLOCK III-606,MON,5,21CSC304J/CD,FACULTY OF ENGINEERING AND TECHNOLOGY
CSE,III Year,III/VI/E,BLOCK III-606,BLOCK III-606,MON,7,21CSP302L/PROJECT,FACULTY OF ENGINEERING AND TECHNOLOGY
CSE,III Year,III/VI/E,BLOCK III-606,BLOCK III-606,TUE,1,21PDM302L/ESP,FACULTY OF ENGINEERING AND TECHNOLOGY
CSE,III Year,III/VI/E,BLOCK III-606,BLOCK III-606,TUE,3,21CSS303T/DS,FACULTY OF ENGINEERING AND TECHNOLOGY
CSE,III Year,III/VI/E,BLOCK III-606,BLOCK III-606,TUE,4,21CSE356T/NLP,FACULTY OF ENGINEERING AND TECHNOLOGY
CSE,III Year,III/VI/E,BLOCK III-606,BLOCK III-606,TUE,5,21ECO105T/FOO,FACULTY OF ENGINEERING AND TECHNOLOGY
CSE,III Year,III/VI/E,BLOCK III-606,BLOCK III-606,TUE,6,21LEM302T/ITK,FACULTY OF ENGINEERING AND TECHNOLOGY
CSE,III Year,III/VI/E,BLOCK III-606,BLOCK III-606,WED,1,21CSE355T/DMA,FACULTY OF ENGINEERING AND TECHNOLOGY
CSE,III Year,III/VI/E,BLOCK III-606,BLOCK III-606,WED,2,21CSE356T/NLP,FACULTY OF ENGINEERING AND TECHNOLOGY
CSE,III Year,III/VI/E,BLOCK III-606,BLOCK III-606,WED,3,21CSC304J/CD,FACULTY OF ENGINEERING AND TECHNOLOGY
CSE,III Year,III/VI/E,BLOCK III-606,BLOCK III-606,WED,4,21CSC303J/SEPM,FACULTY OF ENGINEERING AND TECHNOLOGY
CSE,III Year,III/VI/E,BLOCK III-606,BLOCK III-606,THU,1,21ECO105T/FOO,FACULTY OF ENGINEERING AND TECHNOLOGY
CSE,III Year,III/VI/E,BLOCK III-606,BLOCK III-606,THU,2,21CSE355T/DMA,FACULTY OF ENGINEERING AND TECHNOLOGY
CSE,III Year,III/VI/E,BLOCK III-606,BLOCK III-606,THU,3,21CSE356T/NLP,FACULTY OF ENGINEERING AND TECHNOLOGY
CSE,III Year,III/VI/E,BLOCK III-606,BLOCK III-606,THU,4,21CSS303T/DS,FACULTY OF ENGINEERING AND TECHNOLOGY
CSE,III Year,III/VI/E,BLOCK III-606,BLOCK III-606,THU,5,21CSP302L/PROJECT,FACULTY OF ENGINEERING AND TECHNOLOGY
CSE,III Year,III/VI/E,BLOCK III-606,BLOCK III-606,FRI,1,21CSC303J/SEPM,FACULTY OF ENGINEERING AND TECHNOLOGY
CSE,III Year,III/VI/E,BLOCK III-606,BLOCK III-606,FRI,3,21CSP302L/PROJECT,FACULTY OF ENGINEERING AND TECHNOLOGY
CSE,III Year,III/VI/F,BLOCK III-606,BLOCK III-606,MON,1,21CSC303J/SEPM,FACULTY OF ENGINEERING AND TECHNOLOGY
CSE,III Year,III/VI/F,BLOCK III-606,BLOCK III-606,MON,2,21CSC304J/CD,FACULTY OF ENGINEERING AND TECHNOLOGY
CSE,III Year,III/VI/F,BLOCK III-606,BLOCK III-606,MON,3,21CSE355T/DMA,FACULTY OF ENGINEERING AND TECHNOLOGY
CSE,III Year,III/VI/F,BLOCK III-606,BLOCK III-606,MON,4,21CSS303T/DS,FACULTY OF ENGINEERING AND TECHNOLOGY
CSE,III Year,III/VI/F,BLOCK III-606,BLOCK III-606,MON,5,21CSE356T/NLP,FACULTY OF ENGINEERING AND TECHNOLOGY
CSE,III Year,III/VI/F,BLOCK III-606,BLOCK III-606,MON,6,21ECO105T/FOO,FACULTY OF ENGINEERING AND TECHNOLOGY
CSE,III Year,III/VI/F,BLOCK III-606,BLOCK III-606,MON,7,21LEM302T/ITK,FACULTY OF ENGINEERING AND TECHNOLOGY
CSE,III Year,III/VI/F,BLOCK III-606,BLOCK III-606,TUE,5,21CSC303J/SEPM,FACULTY OF ENGINEERING AND TECHNOLOGY
CSE,III Year,III/VI/F,BLOCK III-606,BLOCK III-606,TUE,7,21CSP302L/PROJECT,FACULTY OF ENGINEERING AND TECHNOLOGY
CSE,III Year,III/VI/F,BLOCK III-606,BLOCK III-606,WED,1,21CSC304J/CD,FACULTY OF ENGINEERING AND TECHNOLOGY
CSE,III Year,III/VI/F,BLOCK III-606,BLOCK III-606,WED,3,21CSP302L/PROJECT,FACULTY OF ENGINEERING AND TECHNOLOGY
CSE,III Year,III/VI/F,BLOCK III-606,BLOCK III-606,THU,1,21PDM302L/ESP,FACULTY OF ENGINEERING AND TECHNOLOGY
CSE,III Year,III/VI/F,BLOCK III-606,BLOCK III-606,THU,3,21CSE356T/NLP,FACULTY OF ENGINEERING AND TECHNOLOGY
CSE,III Year,III/VI/F,BLOCK III-606,BLOCK III-606,THU,4,21ECO105T/FOO,FACULTY OF ENGINEERING AND TECHNOLOGY
CSE,III Year,III/VI/F,BLOCK III-606,BLOCK III-606,THU,5,21CSE355T/DMA,FACULTY OF ENGINEERING AND TECHNOLOGY
CSE,III Year,III/VI/F,BLOCK III-606,BLOCK III-606,THU,6,21CSC303J/SEPM,FACULTY OF ENGINEERING AND TECHNOLOGY
CSE,III Year,III/VI/F,BLOCK III-606,BLOCK III-606,THU,7,21CSP302L/PROJECT,FACULTY OF ENGINEERING AND TECHNOLOGY
CSE,III Year,III/VI/F,BLOCK III-606,BLOCK III-606,FRI,1,21CSS303T/DS,FACULTY OF ENGINEERING AND TECHNOLOGY
CSE,III Year,III/VI/F,BLOCK III-606,BLOCK III-606,FRI,2,21CSE355T/DMA,FACULTY OF ENGINEERING AND TECHNOLOGY
CSE,III Year,III/VI/F,BLOCK III-606,BLOCK III-606,FRI,3,21CSC304J/CD,FACULTY OF ENGINEERING AND TECHNOLOGY
CSE,III Year,III/VI/F,BLOCK III-606,BLOCK III-606,FRI,4,21CSE356T/NLP,FACULTY OF ENGINEERING AND TECHNOLOGY
CSE,III Year,III/VI/F,BLOCK III-606,BLOCK III-606,FRI,5,21ECO105T/FOO,FACULTY OF ENGINEERING AND TECHNOLOGY
CSE,III Year,III/VI/G,BLOCK III-607,BLOCK III-607,MON,1,21CSC304J/CD,FACULTY OF ENGINEERING AND TECHNOLOGY
CSE,III Year,III/VI/G,BLOCK III-607,BLOCK III-607,MON,2,21CSP302L/PROJECT,FACULTY OF ENGINEERING AND TECHNOLOGY
CSE,III Year,III/VI/G,BLOCK III-607,BLOCK III-607,TUE,1,21CSC303J/SEPM,FACULTY OF ENGINEERING AND TECHNOLOGY
CSE,III Year,III/VI/G,BLOCK III-607,BLOCK III-607,TUE,2,21CSC304J/CD,FACULTY OF ENGINEERING AND TECHNOLOGY
CSE,III Year,III/VI/G,BLOCK III-607,BLOCK III-607,TUE,3,21CSE355T/DMA,FACULTY OF ENGINEERING AND TECHNOLOGY
CSE,III Year,III/VI/G,BLOCK III-607,BLOCK III-607,TUE,4,21CSS303T/DS,FACULTY OF ENGINEERING AND TECHNOLOGY
CSE,III Year,III/VI/G,BLOCK III-607,BLOCK III-607,TUE,5,21ECO105T/FOO,FACULTY OF ENGINEERING AND TECHNOLOGY
CSE,III Year,III/VI/G,BLOCK III-607,BLOCK III-607,TUE,6,21LEM302T/ITK,FACULTY OF ENGINEERING AND TECHNOLOGY
CSE,III Year,III/VI/G,BLOCK III-607,BLOCK III-607,WED,1,21PDM302L/ESP,FACULTY OF ENGINEERING AND TECHNOLOGY
CSE,III Year,III/VI/G,BLOCK III-607,BLOCK III-607,WED,2,21ECO105T/FOO,FACULTY OF ENGINEERING AND TECHNOLOGY
CSE,III Year,III/VI/G,BLOCK III-607,BLOCK III-607,WED,3,21CSE356T/NLP,FACULTY OF ENGINEERING AND TECHNOLOGY
CSE,III Year,III/VI/G,BLOCK III-607,BLOCK III-607,WED,4,21CSP302L/PROJECT,FACULTY OF ENGINEERING AND TECHNOLOGY
CSE,III Year,III/VI/G,BLOCK III-607,BLOCK III-607,THU,1,21CSE356T/NLP,FACULTY OF ENGINEERING AND TECHNOLOGY
CSE,III Year,III/VI/G,BLOCK III-607,BLOCK III-607,THU,2,21CSC303J/SEPM,FACULTY OF ENGINEERING AND TECHNOLOGY
CSE,III Year,III/VI/G,BLOCK III-607,BLOCK III-607,THU,3,21ECO105T/FOO,FACULTY OF ENGINEERING AND TECHNOLOGY
CSE,III Year,III/VI/G,BLOCK III-607,BLOCK III-607,THU,4,21CSE355T/DMA,FACULTY OF ENGINEERING AND TECHNOLOGY
CSE,III Year,III/VI/G,BLOCK III-607,BLOCK III-607,FRI,1,21CSS303T/DS,FACULTY OF ENGINEERING AND TECHNOLOGY
CSE,III Year,III/VI/G,BLOCK III-607,BLOCK III-607,FRI,2,21CSE355T/DMA,FACULTY OF ENGINEERING AND TECHNOLOGY
CSE,III Year,III/VI/G,BLOCK III-607,BLOCK III-607,FRI,3,21CSC304J/CD,FACULTY OF ENGINEERING AND TECHNOLOGY
CSE,III Year,III/VI/G,BLOCK III-607,BLOCK III-607,FRI,4,21CSE356T/NLP,FACULTY OF ENGINEERING AND TECHNOLOGY
CSE,III Year,III/VI/G,BLOCK III-607,BLOCK III-607,FRI,5,21CSC303J/SEPM,FACULTY OF ENGINEERING AND TECHNOLOGY
CSE,III Year,III/VI/H,BLOCK III-701,BLOCK III-701,MON,1,21CSC304J/CD,FACULTY OF ENGINEERING AND TECHNOLOGY
CSE,III Year,III/VI/H,BLOCK III-701,BLOCK III-701,MON,2,21CSE356T/NLP,FACULTY OF ENGINEERING AND TECHNOLOGY
CSE,III Year,III/VI/H,BLOCK III-701,BLOCK III-701,MON,3,21ECO105T/FOO,FACULTY OF ENGINEERING AND TECHNOLOGY
CSE,III Year,III/VI/H,BLOCK III-701,BLOCK III-701,MON,4,21CSE355T/DMA,FACULTY OF ENGINEERING AND TECHNOLOGY
CSE,III Year,III/VI/H,BLOCK III-701,BLOCK III-701,MON,5,21CSC303J/SEPM,FACULTY OF ENGINEERING AND TECHNOLOGY
CSE,III Year,III/VI/H,BLOCK III-701,BLOCK III-701,MON,7,21CSP302L/PROJECT,FACULTY OF ENGINEERING AND TECHNOLOGY
CSE,III Year,III/VI/H,BLOCK III-701,BLOCK III-701,TUE,1,21ECO105T/FOO,FACULTY OF ENGINEERING AND TECHNOLOGY
CSE,III Year,III/VI/H,BLOCK III-701,BLOCK III-701,TUE,2,21CSC303J/SEPM,FACULTY OF ENGINEERING AND TECHNOLOGY
CSE,III Year,III/VI/H,BLOCK III-701,BLOCK III-701,TUE,3,21LEM302T/ITK,FACULTY OF ENGINEERING AND TECHNOLOGY
CSE,III Year,III/VI/H,BLOCK III-701,BLOCK III-701,TUE,4,21CSE356T/NLP,FACULTY OF ENGINEERING AND TECHNOLOGY
CSE,III Year,III/VI/H,BLOCK III-701,BLOCK III-701,TUE,5,21PDM302L/ESP,FACULTY OF ENGINEERING AND TECHNOLOGY
CSE,III Year,III/VI/H,BLOCK III-701,BLOCK III-701,WED,1,21CSC304J/CD,FACULTY OF ENGINEERING AND TECHNOLOGY
CSE,III Year,III/VI/H,BLOCK III-701,BLOCK III-701,WED,3,21CSP302L/PROJECT,FACULTY OF ENGINEERING AND TECHNOLOGY
CSE,III Year,III/VI/H,BLOCK III-701,BLOCK III-701,THU,1,21CSE355T/DMA,FACULTY OF ENGINEERING AND TECHNOLOGY
CSE,III Year,III/VI/H,BLOCK III-701,BLOCK III-701,THU,2,21CSS303T/DS,FACULTY OF ENGINEERING AND TECHNOLOGY
CSE,III Year,III/VI/H,BLOCK III-701,BLOCK III-701,THU,3,21CSC304J/CD,FACULTY OF ENGINEERING AND TECHNOLOGY
CSE,III Year,III/VI/H,BLOCK III-701,BLOCK III-701,THU,4,21ECO105T/FOO,FACULTY OF ENGINEERING AND TECHNOLOGY
CSE,III Year,III/VI/H,BLOCK III-701,BLOCK III-701,FRI,1,21CSE356T/NLP,FACULTY OF ENGINEERING AND TECHNOLOGY
CSE,III Year,III/VI/H,BLOCK III-701,BLOCK III-701,FRI,2,21CSE355T/DMA,FACULTY OF ENGINEERING AND TECHNOLOGY
CSE,III Year,III/VI/H,BLOCK III-701,BLOCK III-701,FRI,3,21CSS303T/DS,FACULTY OF ENGINEERING AND TECHNOLOGY
CSE,III Year,III/VI/H,BLOCK III-701,BLOCK III-701,FRI,4,21CSC303J/SEPM,FACULTY OF ENGINEERING AND TECHNOLOGY
CSE,III Year,III/VI/H,BLOCK III-701,BLOCK III-701,FRI,5,21CSP302L/PROJECT,FACULTY OF ENGINEERING AND TECHNOLOGY
CSE,III Year,III/VI/I,BLOCK III-702,BLOCK III-702,MON,1,21CSE355T/DMA,FACULTY OF ENGINEERING AND TECHNOLOGY
CSE,III Year,III/VI/I,BLOCK III-702,BLOCK III-702,MON,2,21ECO105T/FOO,FACULTY OF ENGINEERING AND TECHNOLOGY
CSE,III Year,III/VI/I,BLOCK III-702,BLOCK III-702,MON,3,21CSE356T/NLP,FACULTY OF ENGINEERING AND TECHNOLOGY
CSE,III Year,III/VI/I,BLOCK III-702,BLOCK III-702,MON,4,21CSC304J/CD,FACULTY OF ENGINEERING AND TECHNOLOGY
CSE,III Year,III/VI/I,BLOCK III-702,BLOCK III-702,MON,5,21CSP302L/PROJECT,FACULTY OF ENGINEERING AND TECHNOLOGY
CSE,III Year,III/VI/I,BLOCK III-702,BLOCK III-702,TUE,1,21ECO105T/FOO,FACULTY OF ENGINEERING AND TECHNOLOGY
CSE,III Year,III/VI/I,BLOCK III-702,BLOCK III-702,TUE,2,21CSS303T/DS,FACULTY OF ENGINEERING AND TECHNOLOGY
CSE,III Year,III/VI/I,BLOCK III-702,BLOCK III-702,TUE,3,21CSC304J/CD,FACULTY OF ENGINEERING AND TECHNOLOGY
CSE,III Year,III/VI/I,BLOCK III-702,BLOCK III-702,TUE,4,21CSC303J/SEPM,FACULTY OF ENGINEERING AND TECHNOLOGY
CSE,III Year,III/VI/I,BLOCK III-702,BLOCK III-702,TUE,5,21CSE355T/DMA,FACULTY OF ENGINEERING AND TECHNOLOGY
CSE,III Year,III/VI/I,BLOCK III-702,BLOCK III-702,TUE,6,21CSE356T/NLP,FACULTY OF ENGINEERING AND TECHNOLOGY
CSE,III Year,III/VI/I,BLOCK III-702,BLOCK III-702,TUE,7,21PDM302L/ESP,FACULTY OF ENGINEERING AND TECHNOLOGY
CSE,III Year,III/VI/I,BLOCK III-702,BLOCK III-702,WED,1,21CSC304J/CD,FACULTY OF ENGINEERING AND TECHNOLOGY
CSE,III Year,III/VI/I,BLOCK III-702,BLOCK III-702,WED,3,21CSP302L/PROJECT,FACULTY OF ENGINEERING AND TECHNOLOGY
CSE,III Year,III/VI/I,BLOCK III-702,BLOCK III-702,THU,1,21CSS303T/DS,FACULTY OF ENGINEERING AND TECHNOLOGY
CSE,III Year,III/VI/I,BLOCK III-702,BLOCK III-702,THU,2,21CSE355T/DMA,FACULTY OF ENGINEERING AND TECHNOLOGY
CSE,III Year,III/VI/I,BLOCK III-702,BLOCK III-702,THU,3,21CSE356T/NLP,FACULTY OF ENGINEERING AND TECHNOLOGY
CSE,III Year,III/VI/I,BLOCK III-702,BLOCK III-702,THU,4,21CSC303J/SEPM,FACULTY OF ENGINEERING AND TECHNOLOGY
CSE,III Year,III/VI/I,BLOCK III-702,BLOCK III-702,THU,5,21ECO105T/FOO,FACULTY OF ENGINEERING AND TECHNOLOGY
CSE,III Year,III/VI/I,BLOCK III-702,BLOCK III-702,THU,6,21LEM302T/ITK,FACULTY OF ENGINEERING AND TECHNOLOGY
CSE,III Year,III/VI/I,BLOCK III-702,BLOCK III-702,FRI,5,21CSC303J/SEPM,FACULTY OF ENGINEERING AND TECHNOLOGY
CSE,III Year,III/VI/I,BLOCK III-702,BLOCK III-702,FRI,7,21CSP302L/PROJECT,FACULTY OF ENGINEERING AND TECHNOLOGY
CSE,III Year,III/VI/J,BLOCK III-703,BLOCK III-703,MON,1,21CSC304J/CD,FACULTY OF ENGINEERING AND TECHNOLOGY
CSE,III Year,III/VI/J,BLOCK III-703,BLOCK III-703,TUE,1,21CSC303J/SEPM,FACULTY OF ENGINEERING AND TECHNOLOGY
CSE,III Year,III/VI/J,BLOCK III-703,BLOCK III-703,TUE,2,21CSC304J/CD,FACULTY OF ENGINEERING AND TECHNOLOGY
CSE,III Year,III/VI/J,BLOCK III-703,BLOCK III-703,TUE,3,21CSS303T/DS,FACULTY OF ENGINEERING AND TECHNOLOGY
CSE,III Year,III/VI/J,BLOCK III-703,BLOCK III-703,TUE,4,21CSE356T/NLP,FACULTY OF ENGINEERING AND TECHNOLOGY
CSE,III Year,III/VI/J,BLOCK III-703,BLOCK III-703,TUE,5,21CSE355T/DMA,FACULTY OF ENGINEERING AND TECHNOLOGY
CSE,III Year,III/VI/J,BLOCK III-703,BLOCK III-703,TUE,6,21LEM302T/ITK,FACULTY OF ENGINEERING AND TECHNOLOGY
CSE,III Year,III/VI/J,BLOCK III-703,BLOCK III-703,WED,1,21CSE356T/NLP,FACULTY OF ENGINEERING AND TECHNOLOGY
CSE,III Year,III/VI/J,BLOCK III-703,BLOCK III-703,WED,2,21ECO105T/FOO,FACULTY OF ENGINEERING AND TECHNOLOGY
CSE,III Year,III/VI/J,BLOCK III-703,BLOCK III-703,WED,3,21PDM302L/ESP,FACULTY OF ENGINEERING AND TECHNOLOGY
CSE,III Year,III/VI/J,BLOCK III-703,BLOCK III-703,WED,4,21CSE355T/DMA,FACULTY OF ENGINEERING AND TECHNOLOGY
CSE,III Year,III/VI/J,BLOCK III-703,BLOCK III-703,THU,1,21CSS303T/DS,FACULTY OF ENGINEERING AND TECHNOLOGY
CSE,III Year,III/VI/J,BLOCK III-703,BLOCK III-703,THU,2,21ECO105T/FOO,FACULTY OF ENGINEERING AND TECHNOLOGY
CSE,III Year,III/VI/J,BLOCK III-703,BLOCK III-703,THU,3,21CSE355T/DMA,FACULTY OF ENGINEERING AND TECHNOLOGY
CSE,III Year,III/VI/J,BLOCK III-703,BLOCK III-703,THU,4,21CSC304J/CD,FACULTY OF ENGINEERING AND TECHNOLOGY
CSE,III Year,III/VI/J,BLOCK III-703,BLOCK III-703,THU,5,21CSE356T/NLP,FACULTY OF ENGINEERING AND TECHNOLOGY
CSE,III Year,III/VI/J,BLOCK III-703,BLOCK III-703,THU,6,21CSC303J/SEPM,FACULTY OF ENGINEERING AND TECHNOLOGY
CSE,III Year,III/VI/J,BLOCK III-703,BLOCK III-703,FRI,1,21CSC303J/SEPM,FACULTY OF ENGINEERING AND TECHNOLOGY
CSE,III Year,III/VI/J,BLOCK III-703,BLOCK III-703,FRI,2,21CSP302L/PROJECT,FACULTY OF ENGINEERING AND TECHNOLOGY
CSE,III Year,III/VI/K,BLOCK III-704,BLOCK III-704,MON,1,21CSP302L/PROJECT,FACULTY OF ENGINEERING AND TECHNOLOGY
CSE,III Year,III/VI/K,BLOCK III-704,BLOCK III-704,TUE,1,21CSE355T/DMA,FACULTY OF ENGINEERING AND TECHNOLOGY
CSE,III Year,III/VI/K,BLOCK III-704,BLOCK III-704,TUE,2,21CSE356T/NLP,FACULTY OF ENGINEERING AND TECHNOLOGY
CSE,III Year,III/VI/K,BLOCK III-704,BLOCK III-704,TUE,3,21CSS303T/DS,FACULTY OF ENGINEERING AND TECHNOLOGY
CSE,III Year,III/VI/K,BLOCK III-704,BLOCK III-704,TUE,4,21ECO105T/FOO,FACULTY OF ENGINEERING AND TECHNOLOGY
CSE,III Year,III/VI/K,BLOCK III-704,BLOCK III-704,TUE,5,21LEM302T/ITK,FACULTY OF ENGINEERING AND TECHNOLOGY
CSE,III Year,III/VI/K,BLOCK III-704,BLOCK III-704,WED,1,21CSC304J/CD,FACULTY OF ENGINEERING AND TECHNOLOGY
CSE,III Year,III/VI/K,BLOCK III-704,BLOCK III-704,WED,2,21CSC303J/SEPM,FACULTY OF ENGINEERING AND TECHNOLOGY
CSE,III Year,III/VI/K,BLOCK III-704,BLOCK III-704,WED,3,21CSE355T/DMA,FACULTY OF ENGINEERING AND TECHNOLOGY
CSE,III Year,III/VI/K,BLOCK III-704,BLOCK III-704,WED,4,21CSE356T/NLP,FACULTY OF ENGINEERING AND TECHNOLOGY
CSE,III Year,III/VI/K,BLOCK III-704,BLOCK III-704,WED,5,21ECO105T/FOO,FACULTY OF ENGINEERING AND TECHNOLOGY
CSE,III Year,III/VI/K,BLOCK III-704,BLOCK III-704,THU,1,21CSC303J/SEPM,FACULTY OF ENGINEERING AND TECHNOLOGY
CSE,III Year,III/VI/K,BLOCK III-704,BLOCK III-704,THU,2,21CSP302L/PROJECT,FACULTY OF ENGINEERING AND TECHNOLOGY
CSE,III Year,III/VI/K,BLOCK III-704,BLOCK III-704,FRI,1,21CSE356T/NLP,FACULTY OF ENGINEERING AND TECHNOLOGY
CSE,III Year,III/VI/K,BLOCK III-704,BLOCK III-704,FRI,2,21CSS303T/DS,FACULTY OF ENGINEERING AND TECHNOLOGY
CSE,III Year,III/VI/K,BLOCK III-704,BLOCK III-704,FRI,3,21CSC304J/CD,FACULTY OF ENGINEERING AND TECHNOLOGY
CSE,III Year,III/VI/K,BLOCK III-704,BLOCK III-704,FRI,4,21CSE355T/DMA,FACULTY OF ENGINEERING AND TECHNOLOGY
CSE,III Year,III/VI/K,BLOCK III-704,BLOCK III-704,FRI,5,21CSC303J/SEPM,FACULTY OF ENGINEERING AND TECHNOLOGY
CSE,III Year,III/VI/K,BLOCK III-704,BLOCK III-704,FRI,6,21ECO105T/FOO,FACULTY OF ENGINEERING AND TECHNOLOGY
CSE,III Year,III/VI/L,BLOCK III-705,BLOCK III-705,MON,1,21PDM302L/ESP,FACULTY OF ENGINEERING AND TECHNOLOGY
CSE,III Year,III/VI/L,BLOCK III-705,BLOCK III-705,MON,3,21CSE355T/DMA,FACULTY OF ENGINEERING AND TECHNOLOGY
CSE,III Year,III/VI/L,BLOCK III-705,BLOCK III-705,MON,4,21CSE356T/NLP,FACULTY OF ENGINEERING AND TECHNOLOGY
CSE,III Year,III/VI/L,BLOCK III-705,BLOCK III-705,MON,5,21CSC304J/CD,FACULTY OF ENGINEERING AND TECHNOLOGY
CSE,III Year,III/VI/L,BLOCK III-705,BLOCK III-705,MON,6,21CSC303J/SEPM,FACULTY OF ENGINEERING AND TECHNOLOGY
CSE,III Year,III/VI/L,BLOCK III-705,BLOCK III-705,MON,7,21CSP302L/PROJECT,FACULTY OF ENGINEERING AND TECHNOLOGY
CSE,III Year,III/VI/L,BLOCK III-705,BLOCK III-705,TUE,1,21CSC303J/SEPM,FACULTY OF ENGINEERING AND TECHNOLOGY
CSE,III Year,III/VI/L,BLOCK III-705,BLOCK III-705,TUE,3,21CSP302L/PROJECT,FACULTY OF ENGINEERING AND TECHNOLOGY
CSE,III Year,III/VI/L,BLOCK III-705,BLOCK III-705,WED,1,21CSE355T/DMA,FACULTY OF ENGINEERING AND TECHNOLOGY
CSE,III Year,III/VI/L,BLOCK III-705,BLOCK III-705,WED,2,21CSS303T/DS,FACULTY OF ENGINEERING AND TECHNOLOGY
CSE,III Year,III/VI/L,BLOCK III-705,BLOCK III-705,WED,3,21CSC303J/SEPM,FACULTY OF ENGINEERING AND TECHNOLOGY
CSE,III Year,III/VI/L,BLOCK III-705,BLOCK III-705,WED,4,21ECO105T/FOO,FACULTY OF ENGINEERING AND TECHNOLOGY
CSE,III Year,III/VI/L,BLOCK III-705,BLOCK III-705,WED,6,21CSE356T/NLP,FACULTY OF ENGINEERING AND TECHNOLOGY
CSE,III Year,III/VI/L,BLOCK III-705,BLOCK III-705,WED,7,21CSP302L/PROJECT,FACULTY OF ENGINEERING AND TECHNOLOGY
CSE,III Year,III/VI/L,BLOCK III-705,BLOCK III-705,THU,5,21CSC304J/CD,FACULTY OF ENGINEERING AND TECHNOLOGY
CSE,III Year,III/VI/L,BLOCK III-705,BLOCK III-705,THU,7,21ECO105T/FOO,FACULTY OF ENGINEERING AND TECHNOLOGY
CSE,III Year,III/VI/L,BLOCK III-705,BLOCK III-705,FRI,1,21CSC304J/CD,FACULTY OF ENGINEERING AND TECHNOLOGY
CSE,III Year,III/VI/L,BLOCK III-705,BLOCK III-705,FRI,2,21CSE355T/DMA,FACULTY OF ENGINEERING AND TECHNOLOGY
CSE,III Year,III/VI/L,BLOCK III-705,BLOCK III-705,FRI,3,21CSE356T/NLP,FACULTY OF ENGINEERING AND TECHNOLOGY
CSE,III Year,III/VI/L,BLOCK III-705,BLOCK III-705,FRI,4,21CSS303T/DS,FACULTY OF ENGINEERING AND TECHNOLOGY
CSE,III Year,III/VI/L,BLOCK III-705,BLOCK III-705,FRI,5,21ECO105T/FOO,FACULTY OF ENGINEERING AND TECHNOLOGY
CSE,III Year,III/VI/L,BLOCK III-705,BLOCK III-705,FRI,6,21LEM302T/ITK,FACULTY OF ENGINEERING AND TECHNOLOGY
CSE,III Year,III/VI/M,BLOCK III-706,BLOCK III-706,MON,1,21CSE356T/NLP,FACULTY OF ENGINEERING AND TECHNOLOGY
CSE,III Year,III/VI/M,BLOCK III-706,BLOCK III-706,MON,2,21CSS303T/DS,FACULTY OF ENGINEERING AND TECHNOLOGY
CSE,III Year,III/VI/M,BLOCK III-706,BLOCK III-706,MON,3,21PDM302L/ESP,FACULTY OF ENGINEERING AND TECHNOLOGY
CSE,III Year,III/VI/M,BLOCK III-706,BLOCK III-706,MON,5,21CSE355T/DMA,FACULTY OF ENGINEERING AND TECHNOLOGY
CSE,III Year,III/VI/M,BLOCK III-706,BLOCK III-706,MON,6,21CSC304J/CD,FACULTY OF ENGINEERING AND TECHNOLOGY
CSE,III Year,III/VI/M,BLOCK III-706,BLOCK III-706,MON,7,21CSC303J/SEPM,FACULTY OF ENGINEERING AND TECHNOLOGY
CSE,III Year,III/VI/M,BLOCK III-706,BLOCK III-706,TUE,1,21CSE355T/DMA,FACULTY OF ENGINEERING AND TECHNOLOGY
CSE,III Year,III/VI/M,BLOCK III-706,BLOCK III-706,TUE,2,21CSC304J/CD,FACULTY OF ENGINEERING AND TECHNOLOGY
CSE,III Year,III/VI/M,BLOCK III-706,BLOCK III-706,TUE,3,21CSC303J/SEPM,FACULTY OF ENGINEERING AND TECHNOLOGY
CSE,III Year,III/VI/M,BLOCK III-706,BLOCK III-706,TUE,4,21CSE356T/NLP,FACULTY OF ENGINEERING AND TECHNOLOGY
CSE,III Year,III/VI/M,BLOCK III-706,BLOCK III-706,TUE,5,21ECO105T/FOO,FACULTY OF ENGINEERING AND TECHNOLOGY
CSE,III Year,III/VI/M,BLOCK III-706,BLOCK III-706,WED,1,21CSS303T/DS,FACULTY OF ENGINEERING AND TECHNOLOGY
CSE,III Year,III/VI/M,BLOCK III-706,BLOCK III-706,WED,2,21CSE355T/DMA,FACULTY OF ENGINEERING AND TECHNOLOGY
CSE,III Year,III/VI/M,BLOCK III-706,BLOCK III-706,WED,3,21CSE356T/NLP,FACULTY OF ENGINEERING AND TECHNOLOGY
CSE,III Year,III/VI/M,BLOCK III-706,BLOCK III-706,WED,4,21ECO105T/FOO,FACULTY OF ENGINEERING AND TECHNOLOGY
CSE,III Year,III/VI/M,BLOCK III-706,BLOCK III-706,WED,6,21CSP302L/PROJECT,FACULTY OF ENGINEERING AND TECHNOLOGY
CSE,III Year,III/VI/M,BLOCK III-706,BLOCK III-706,THU,5,21CSC303J/SEPM,FACULTY OF ENGINEERING AND TECHNOLOGY
CSE,III Year,III/VI/M,BLOCK III-706,BLOCK III-706,THU,7,21CSP302L/PROJECT,FACULTY OF ENGINEERING AND TECHNOLOGY
CSE,III Year,III/VI/M,BLOCK III-706,BLOCK III-706,FRI,1,21CSC304J/CD,FACULTY OF ENGINEERING AND TECHNOLOGY
CSE,III Year,III/VI/M,BLOCK III-706,BLOCK III-706,FRI,3,21CSP302L/PROJECT,FACULTY OF ENGINEERING AND TECHNOLOGY
CSE,III Year,III/VI/M,BLOCK III-706,BLOCK III-706,FRI,5,21ECO105T/FOO,FACULTY OF ENGINEERING AND TECHNOLOGY
CSE,III Year,III/VI/M,BLOCK III-706,BLOCK III-706,FRI,6,21LEM302T/ITK,FACULTY OF ENGINEERING AND TECHNOLOGY
CS & GT,I Year,CS A,ADMIN 803,ADMIN 803/ADMIN 805,MON,1,26MAB1001T/CLA (ADMIN 803),"Ms.Nivedita, AP / LCS"
CS & GT,I Year,CS A,ADMIN 803,ADMIN 803/ADMIN 805,MON,2,26CYB1002J/CHEMISTRY (ADMIN 803),"Ms.Nivedita, AP / LCS"
CS & GT,I Year,CS A,ADMIN 803,ADMIN 803/ADMIN 805,MON,3,26CSE1002J/PPS (ADMIN 803),"Ms.Nivedita, AP / LCS"
CS & GT,I Year,CS A,ADMIN 803,ADMIN 803/ADMIN 805,MON,4,26BTB1001T/CB (ADMIN 803),"Ms.Nivedita, AP / LCS"
CS & GT,I Year,CS A,ADMIN 803,ADMIN 803/ADMIN 805,MON,6,26LCA1003J /FRENCH 26LCA1004J /GERMAN 26LCA1005J /JAPANESE (ADMIN 803),"Ms.Nivedita, AP / LCS"
CS & GT,I Year,CS A,ADMIN 803/ADMIN 805,ADMIN 803/ADMIN 805,MON,7,26CYB1002J/CHEMISTRY,"Ms.Nivedita, AP / LCS"
CS & GT,I Year,CS A,ADMIN 803/ADMIN 805,ADMIN 803/ADMIN 805,TUE,1,26CSE1002J/PPS,"Ms.Nivedita, AP / LCS"
CS & GT,I Year,CS A,ADMIN 803,ADMIN 803/ADMIN 805,TUE,3,26BTB1001T/CB (ADMIN 803),"Ms.Nivedita, AP / LCS"
CS & GT,I Year,CS A,ADMIN 803,ADMIN 803/ADMIN 805,TUE,4,26CYB1002J/CHEMISTRY (ADMIN 803),"Ms.Nivedita, AP / LCS"
CS & GT,I Year,CS A,ADMIN 803,ADMIN 803/ADMIN 805,TUE,5,26LCA1003J /FRENCH 26LCA1004J /GERMAN 26LCA1005J /JAPANESE (ADMIN 803),"Ms.Nivedita, AP / LCS"
CS & GT,I Year,CS A,ADMIN 803,ADMIN 803/ADMIN 805,TUE,6,26MAB1001T/CLA (ADMIN 803),"Ms.Nivedita, AP / LCS"
CS & GT,I Year,CS A,ADMIN 803/ADMIN 805,ADMIN 803/ADMIN 805,WED,1,26GNN1006L/NSO,"Ms.Nivedita, AP / LCS"
CS & GT,I Year,CS A,ADMIN 803,ADMIN 803/ADMIN 805,WED,3,26LCA1003J /FRENCH 26LCA1004J /GERMAN 26LCA1005J /JAPANESE (ADMIN 803),"Ms.Nivedita, AP / LCS"
CS & GT,I Year,CS A,ADMIN 803,ADMIN 803/ADMIN 805,WED,7,SKILL ENHANCEMENT PROGRAMME (ADMIN 803),"Ms.Nivedita, AP / LCS"
CS & GT,I Year,CS A,ADMIN 803,ADMIN 803/ADMIN 805,THU,1,26CSE1002J/PPS (ADMIN 803),"Ms.Nivedita, AP / LCS"
CS & GT,I Year,CS A,ADMIN 803,ADMIN 803/ADMIN 805,THU,2,26CYB1002J/CHEMISTRY (ADMIN 803),"Ms.Nivedita, AP / LCS"
CS & GT,I Year,CS A,ADMIN 803,ADMIN 803/ADMIN 805,THU,3,26MAB1001T/CLA (ADMIN 803),"Ms.Nivedita, AP / LCS"
CS & GT,I Year,CS A,ADMIN 803,ADMIN 803/ADMIN 805,THU,4,26MEE1001L /WORKSHOP (ADMIN 803),"Ms.Nivedita, AP / LCS"
CS & GT,I Year,CS A,ADMIN 803/ADMIN 805,ADMIN 803/ADMIN 805,FRI,1,26MEE1001L /WORKSHOP,"Ms.Nivedita, AP / LCS"
CS & GT,I Year,CS A,ADMIN 803/ADMIN 805,ADMIN 803/ADMIN 805,FRI,3,26MEE1001L /WORKSHOP,"Ms.Nivedita, AP / LCS"
CS & GT,I Year,CS A,ADMIN 803,ADMIN 803/ADMIN 805,FRI,5,26MAB1001T/CLA (ADMIN 803),"Ms.Nivedita, AP / LCS"
CS & GT,I Year,CS A,ADMIN 803,ADMIN 803/ADMIN 805,FRI,6,26MEE1001L /WORKSHOP (ADMIN 803),"Ms.Nivedita, AP / LCS"
CS & GT,I Year,CS B,ADMIN 803,ADMIN 803,MON,1,SKILL ENHANCEMENT PROGRAMME,"Dr.P. Yogashanthi, AP/MATHS"
CS & GT,I Year,CS B,ADMIN 803,ADMIN 803,MON,3,26GNN1006L/NSO,"Dr.P. Yogashanthi, AP/MATHS"
CS & GT,I Year,CS B,ADMIN 803,ADMIN 803,MON,5,26MAB1001T/CLA,"Dr.P. Yogashanthi, AP/MATHS"
CS & GT,I Year,CS B,ADMIN 803,ADMIN 803,MON,6,26LCA1003J /FRENCH 26LCA1004J /GERMAN 26LCA1005J /JAPANESE,"Dr.P. Yogashanthi, AP/MATHS"
CS & GT,I Year,CS B,ADMIN 803,ADMIN 803,MON,7,26CYB1002J/CHEMISTRY,"Dr.P. Yogashanthi, AP/MATHS"
CS & GT,I Year,CS B,ADMIN 803,ADMIN 803,MON,8,26CSE1002J/PPS,"Dr.P. Yogashanthi, AP/MATHS"
CS & GT,I Year,CS B,ADMIN 803,ADMIN 803,TUE,1,26BTB1001T/CB,"Dr.P. Yogashanthi, AP/MATHS"
CS & GT,I Year,CS B,ADMIN 803,ADMIN 803,TUE,2,26CYB1002J/CHEMISTRY,"Dr.P. Yogashanthi, AP/MATHS"
CS & GT,I Year,CS B,ADMIN 803,ADMIN 803,TUE,3,26CSE1002J/PPS,"Dr.P. Yogashanthi, AP/MATHS"
CS & GT,I Year,CS B,ADMIN 803,ADMIN 803,TUE,5,26LCA1003J /FRENCH 26LCA1004J /GERMAN 26LCA1005J /JAPANESE,"Dr.P. Yogashanthi, AP/MATHS"
CS & GT,I Year,CS B,ADMIN 803,ADMIN 803,TUE,7,26CYB1002J/CHEMISTRY,"Dr.P. Yogashanthi, AP/MATHS"
CS & GT,I Year,CS B,ADMIN 803,ADMIN 803,WED,1,26MAB1001T/CLA,"Dr.P. Yogashanthi, AP/MATHS"
CS & GT,I Year,CS B,ADMIN 803,ADMIN 803,WED,3,26LCA1003J /FRENCH 26LCA1004J /GERMAN 26LCA1005J /JAPANESE,"Dr.P. Yogashanthi, AP/MATHS"
CS & GT,I Year,CS B,ADMIN 803,ADMIN 803,THU,5,26MEE1001L /WORKSHOP,"Dr.P. Yogashanthi, AP/MATHS"
CS & GT,I Year,CS B,ADMIN 803,ADMIN 803,FRI,1,26CSE1002J/PPS,"Dr.P. Yogashanthi, AP/MATHS"
CS & GT,I Year,CS B,ADMIN 803,ADMIN 803,FRI,2,26MAB1001T/CLA,"Dr.P. Yogashanthi, AP/MATHS"
CS & GT,I Year,CS B,ADMIN 803,ADMIN 803,FRI,3,26CYB1002J/CHEMISTRY,"Dr.P. Yogashanthi, AP/MATHS"
CS & GT,I Year,CS B,ADMIN 803,ADMIN 803,FRI,4,26BTB1001T/CB,"Dr.P. Yogashanthi, AP/MATHS"
CS & GT,I Year,CS C,ADMIN 804,ADMIN 804,MON,5,26MAB1001T/CLA,"Dr.M.Kannan, AP / Maths"
CS & GT,I Year,CS C,ADMIN 804,ADMIN 804,MON,6,26LCA1003J /FRENCH 26LCA1004J /GERMAN 26LCA1005J /JAPANESE,"Dr.M.Kannan, AP / Maths"
CS & GT,I Year,CS C,ADMIN 804,ADMIN 804,MON,7,26CYB1002J/CHEMISTRY,"Dr.M.Kannan, AP / Maths"
CS & GT,I Year,CS C,ADMIN 804,ADMIN 804,TUE,1,SKILL ENHANCEMENT PROGRAMME,"Dr.M.Kannan, AP / Maths"
CS & GT,I Year,CS C,ADMIN 804,ADMIN 804,TUE,3,26GNN1006L/NSO,"Dr.M.Kannan, AP / Maths"
CS & GT,I Year,CS C,ADMIN 804,ADMIN 804,TUE,5,26LCA1003J /FRENCH 26LCA1004J /GERMAN 26LCA1005J /JAPANESE,"Dr.M.Kannan, AP / Maths"
CS & GT,I Year,CS C,ADMIN 804,ADMIN 804,TUE,6,26MEE1001L /WORKSHOP,"Dr.M.Kannan, AP / Maths"
CS & GT,I Year,CS C,ADMIN 804,ADMIN 804,WED,1,26MAB1001T/CLA,"Dr.M.Kannan, AP / Maths"
CS & GT,I Year,CS C,ADMIN 804,ADMIN 804,WED,2,26BTB1001T/CB,"Dr.M.Kannan, AP / Maths"
CS & GT,I Year,CS C,ADMIN 804,ADMIN 804,WED,3,26LCA1003J /FRENCH 26LCA1004J /GERMAN 26LCA1005J /JAPANESE,"Dr.M.Kannan, AP / Maths"
CS & GT,I Year,CS C,ADMIN 804,ADMIN 804,WED,6,26CYB1002J/CHEMISTRY,"Dr.M.Kannan, AP / Maths"
CS & GT,I Year,CS C,ADMIN 804,ADMIN 804,THU,1,26BTB1001T/CB,"Dr.M.Kannan, AP / Maths"
CS & GT,I Year,CS C,ADMIN 804,ADMIN 804,THU,2,26CYB1002J/CHEMISTRY,"Dr.M.Kannan, AP / Maths"
CS & GT,I Year,CS C,ADMIN 804,ADMIN 804,THU,3,26MAB1001T/CLA,"Dr.M.Kannan, AP / Maths"
CS & GT,I Year,CS C,ADMIN 804,ADMIN 804,THU,4,26CSE1002J/PPS,"Dr.M.Kannan, AP / Maths"
CS & GT,I Year,CS C,ADMIN 804,ADMIN 804,THU,5,26CYB1002J/CHEMISTRY,"Dr.M.Kannan, AP / Maths"
CS & GT,I Year,CS C,ADMIN 804,ADMIN 804,THU,7,26CSE1002J/PPS,"Dr.M.Kannan, AP / Maths"
CS & GT,I Year,CS C,ADMIN 804,ADMIN 804,FRI,2,26CSE1002J/PPS,"Dr.M.Kannan, AP / Maths"
CS & GT,I Year,CS C,ADMIN 804,ADMIN 804,FRI,3,26MEE1001L /WORKSHOP,"Dr.M.Kannan, AP / Maths"
CS & GT,I Year,CS C,ADMIN 804,ADMIN 804,FRI,4,26MAB1001T/CLA,"Dr.M.Kannan, AP / Maths"
CS & GT,I Year,CS D,ADMIN 804,ADMIN 804/ADMIN 307,MON,1,26MAB1001T/CLA (ADMIN 804),"Dr.S.Dhanalakshmi, AP/ Maths"
CS & GT,I Year,CS D,ADMIN 804,ADMIN 804/ADMIN 307,MON,2,26BTB1001T/CB (ADMIN 804),"Dr.S.Dhanalakshmi, AP/ Maths"
CS & GT,I Year,CS D,ADMIN 804,ADMIN 804/ADMIN 307,MON,3,26MEE1001L /WORKSHOP (ADMIN 804),"Dr.S.Dhanalakshmi, AP/ Maths"
CS & GT,I Year,CS D,ADMIN 804,ADMIN 804/ADMIN 307,MON,4,26CYB1002J/CHEMISTRY (ADMIN 804),"Dr.S.Dhanalakshmi, AP/ Maths"
CS & GT,I Year,CS D,ADMIN 804,ADMIN 804/ADMIN 307,MON,6,26LCA1003J /FRENCH 26LCA1004J /GERMAN 26LCA1005J /JAPANESE (ADMIN 804),"Dr.S.Dhanalakshmi, AP/ Maths"
CS & GT,I Year,CS D,ADMIN 804,ADMIN 804/ADMIN 307,TUE,1,26CSE1002J/PPS (ADMIN 804),"Dr.S.Dhanalakshmi, AP/ Maths"
CS & GT,I Year,CS D,ADMIN 804,ADMIN 804/ADMIN 307,TUE,2,26MAB1001T/CLA (ADMIN 804),"Dr.S.Dhanalakshmi, AP/ Maths"
CS & GT,I Year,CS D,ADMIN 804,ADMIN 804/ADMIN 307,TUE,3,26CYB1002J/CHEMISTRY (ADMIN 804),"Dr.S.Dhanalakshmi, AP/ Maths"
CS & GT,I Year,CS D,ADMIN 804,ADMIN 804/ADMIN 307,TUE,5,26LCA1003J /FRENCH 26LCA1004J /GERMAN 26LCA1005J /JAPANESE (ADMIN 804),"Dr.S.Dhanalakshmi, AP/ Maths"
CS & GT,I Year,CS D,ADMIN 804,ADMIN 804/ADMIN 307,TUE,6,26BTB1001T/CB (ADMIN 804),"Dr.S.Dhanalakshmi, AP/ Maths"
CS & GT,I Year,CS D,ADMIN 804/ADMIN 307,ADMIN 804/ADMIN 307,TUE,7,26CSE1002J/PPS,"Dr.S.Dhanalakshmi, AP/ Maths"
CS & GT,I Year,CS D,ADMIN 307,ADMIN 804/ADMIN 307,WED,1,26CYB1002J/CHEMISTRY (ADMIN 307),"Dr.S.Dhanalakshmi, AP/ Maths"
CS & GT,I Year,CS D,ADMIN 307,ADMIN 804/ADMIN 307,WED,2,26MAB1001T/CLA (ADMIN 307),"Dr.S.Dhanalakshmi, AP/ Maths"
CS & GT,I Year,CS D,ADMIN 804/ADMIN 307,ADMIN 804/ADMIN 307,WED,3,26LCA1003 26LCA1004 26LCA1005J (ADMI,"Dr.S.Dhanalakshmi, AP/ Maths"
CS & GT,I Year,CS D,ADMIN 804/ADMIN 307,ADMIN 804/ADMIN 307,WED,4,J /FRENCH J /GERMAN /JAPANESE N 307),"Dr.S.Dhanalakshmi, AP/ Maths"
CS & GT,I Year,CS D,ADMIN 804,ADMIN 804/ADMIN 307,THU,5,26MAB1001T/CLA (ADMIN 804),"Dr.S.Dhanalakshmi, AP/ Maths"
CS & GT,I Year,CS D,ADMIN 804,ADMIN 804/ADMIN 307,THU,6,26CSE1002J/PPS (ADMIN 804),"Dr.S.Dhanalakshmi, AP/ Maths"
CS & GT,I Year,CS D,ADMIN 804/ADMIN 307,ADMIN 804/ADMIN 307,THU,7,26GNN1007J/YOGA,"Dr.S.Dhanalakshmi, AP/ Maths"
CS & GT,I Year,CS D,ADMIN 804/ADMIN 307,ADMIN 804/ADMIN 307,FRI,1,26MEE1001L /WORKSHOP,"Dr.S.Dhanalakshmi, AP/ Maths"
CS & GT,I Year,CS D,ADMIN 804/ADMIN 307,ADMIN 804/ADMIN 307,FRI,3,26MEE1001L /WORKSHOP,"Dr.S.Dhanalakshmi, AP/ Maths"
CS & GT,I Year,CS D,ADMIN 804/ADMIN 307,ADMIN 804/ADMIN 307,FRI,5,26CYB1002J/CHEMISTRY,"Dr.S.Dhanalakshmi, AP/ Maths"
CS & GT,I Year,CS D,ADMIN 804,ADMIN 804/ADMIN 307,FRI,7,SKILL ENHANCEMENT PROGRAMME (ADMIN 804),"Dr.S.Dhanalakshmi, AP/ Maths"
CS & GT,I Year,CS E,ADMIN 805,ADMIN 805,MON,1,26MAB1001T/CLA,Dr.S.Ida/Chemistry
CS & GT,I Year,CS E,ADMIN 805,ADMIN 805,MON,2,26CYB1002J/CHEMISTRY,Dr.S.Ida/Chemistry
CS & GT,I Year,CS E,ADMIN 805,ADMIN 805,MON,3,26BTB1001T/CB,Dr.S.Ida/Chemistry
CS & GT,I Year,CS E,ADMIN 805,ADMIN 805,MON,4,26CSE1002J/PPS,Dr.S.Ida/Chemistry
CS & GT,I Year,CS E,ADMIN 805,ADMIN 805,MON,6,26LCA1003J /FRENCH 26LCA1004J /GERMAN 26LCA1005J /JAPANESE,Dr.S.Ida/Chemistry
CS & GT,I Year,CS E,ADMIN 805,ADMIN 805,TUE,5,26LCA1003J /FRENCH 26LCA1004J /GERMAN 26LCA1005J /JAPANESE,Dr.S.Ida/Chemistry
CS & GT,I Year,CS E,ADMIN 805,ADMIN 805,TUE,6,26MEE1001L /WORKSHOP,Dr.S.Ida/Chemistry
CS & GT,I Year,CS E,ADMIN 805,ADMIN 805,WED,1,26CYB1002J/CHEMISTRY,Dr.S.Ida/Chemistry
CS & GT,I Year,CS E,ADMIN 805,ADMIN 805,WED,2,26MAB1001T/CLA,Dr.S.Ida/Chemistry
CS & GT,I Year,CS E,ADMIN 805,ADMIN 805,WED,3,26LCA1003J /FRENCH 26LCA1004J /GERMAN 26LCA1005J /JAPANESE,Dr.S.Ida/Chemistry
CS & GT,I Year,CS E,ADMIN 805,ADMIN 805,WED,6,26MEE1001L /WORKSHOP,Dr.S.Ida/Chemistry
CS & GT,I Year,CS E,ADMIN 805,ADMIN 805,THU,1,26CSE1002J/PPS,Dr.S.Ida/Chemistry
CS & GT,I Year,CS E,ADMIN 805,ADMIN 805,THU,3,26MAB1001T/CLA,Dr.S.Ida/Chemistry
CS & GT,I Year,CS E,ADMIN 805,ADMIN 805,THU,4,26CSE1002J/PPS,Dr.S.Ida/Chemistry
CS & GT,I Year,CS E,ADMIN 805,ADMIN 805,THU,5,26CYB1002J/CHEMISTRY,Dr.S.Ida/Chemistry
CS & GT,I Year,CS E,ADMIN 805,ADMIN 805,FRI,1,26GNN1006L/NSO,Dr.S.Ida/Chemistry
CS & GT,I Year,CS E,ADMIN 805,ADMIN 805,FRI,3,SKILL ENHANCEMENT PROGRAMME,Dr.S.Ida/Chemistry
CS & GT,I Year,CS E,ADMIN 805,ADMIN 805,FRI,5,26MAB1001T/CLA,Dr.S.Ida/Chemistry
CS & GT,I Year,CS E,ADMIN 805,ADMIN 805,FRI,6,26CYB1002J/CHEMISTRY,Dr.S.Ida/Chemistry
CS & GT,I Year,CS E,ADMIN 805,ADMIN 805,FRI,7,26BTB1001T/CB,Dr.S.Ida/Chemistry
CS & GT,I Year,GT A,ADMIN 609,ADMIN 609,MON,2,26MAB1001T/CLA,"Dr.A.Nataraj, AP/PHYSICS"
CS & GT,I Year,GT A,ADMIN 609,ADMIN 609,MON,3,26LCA1003J /FRENCH 26LCA1004J /GERMAN 26LCA1005J /JAPANESE,"Dr.A.Nataraj, AP/PHYSICS"
CS & GT,I Year,GT A,ADMIN 609,ADMIN 609,MON,5,26PYB1001J /PHYSICS,"Dr.A.Nataraj, AP/PHYSICS"
CS & GT,I Year,GT A,ADMIN 609,ADMIN 609,MON,6,26MEE1001L /WORKSHOP,"Dr.A.Nataraj, AP/PHYSICS"
CS & GT,I Year,GT A,ADMIN 609,ADMIN 609,TUE,1,26CSE1002J/PPS,"Dr.A.Nataraj, AP/PHYSICS"
CS & GT,I Year,GT A,ADMIN 609,ADMIN 609,TUE,2,26CSE1002J/PPS,"Dr.A.Nataraj, AP/PHYSICS"
CS & GT,I Year,GT A,ADMIN 609,ADMIN 609,TUE,3,26MAB1001T/CLA,"Dr.A.Nataraj, AP/PHYSICS"
CS & GT,I Year,GT A,ADMIN 609,ADMIN 609,TUE,4,26PYB1001J /PHYSICS,"Dr.A.Nataraj, AP/PHYSICS"
CS & GT,I Year,GT A,ADMIN 609,ADMIN 609,WED,1,26MAB1001T/CLA,"Dr.A.Nataraj, AP/PHYSICS"
CS & GT,I Year,GT A,ADMIN 609,ADMIN 609,WED,2,26BTB1001T/CB,"Dr.A.Nataraj, AP/PHYSICS"
CS & GT,I Year,GT A,ADMIN 609,ADMIN 609,WED,3,26GNN1007J/YOGA,"Dr.A.Nataraj, AP/PHYSICS"
CS & GT,I Year,GT A,ADMIN 609,ADMIN 609,WED,6,26LCA1003J /FRENCH 26LCA1004J /GERMAN 26LCA1005J /JAPANESE,"Dr.A.Nataraj, AP/PHYSICS"
CS & GT,I Year,GT A,ADMIN 609,ADMIN 609,WED,7,26PYB1001J /PHYSICS,"Dr.A.Nataraj, AP/PHYSICS"
CS & GT,I Year,GT A,ADMIN 609,ADMIN 609,THU,1,26CSE1002J/PPS,"Dr.A.Nataraj, AP/PHYSICS"
CS & GT,I Year,GT A,ADMIN 609,ADMIN 609,THU,3,26MEE1001L /WORKSHOP,"Dr.A.Nataraj, AP/PHYSICS"
CS & GT,I Year,GT A,ADMIN 609,ADMIN 609,THU,5,26LCA1003J /FRENCH 26LCA1004J /GERMAN 26LCA1005J /JAPANESE,"Dr.A.Nataraj, AP/PHYSICS"
CS & GT,I Year,GT A,ADMIN 609,ADMIN 609,THU,6,26MAB1001T/CLA,"Dr.A.Nataraj, AP/PHYSICS"
CS & GT,I Year,GT A,ADMIN 609,ADMIN 609,FRI,3,SKILL ENHANCEMENT PROGRAMME,"Dr.A.Nataraj, AP/PHYSICS"
CS & GT,I Year,GT A,ADMIN 609,ADMIN 609,FRI,5,26PYB1001J /PHYSICS,"Dr.A.Nataraj, AP/PHYSICS"
CS & GT,I Year,GT A,ADMIN 609,ADMIN 609,FRI,7,26BTB1001T/CB,"Dr.A.Nataraj, AP/PHYSICS"
CS & GT,I Year,DS A,ADMIN 307,ADMIN 307/ADMIN 502,MON,1,26CYB1002J/CHEMISTRY (ADMIN 307),"Dr.S.Sangeetha, AP/MATHS"
CS & GT,I Year,DS A,ADMIN 307,ADMIN 307/ADMIN 502,MON,2,26MAB1001T/CLA (ADMIN 307),"Dr.S.Sangeetha, AP/MATHS"
CS & GT,I Year,DS A,ADMIN 307,ADMIN 307/ADMIN 502,MON,3,26LCA1003J /FRENCH 26LCA1004J /GERMAN 26LCA1005J /JAPANESE (ADMIN 307),"Dr.S.Sangeetha, AP/MATHS"
CS & GT,I Year,DS A,ADMIN 307/ADMIN 502,ADMIN 307/ADMIN 502,MON,5,26CYB1002J/CHEMISTRY,"Dr.S.Sangeetha, AP/MATHS"
CS & GT,I Year,DS A,ADMIN 307/ADMIN 502,ADMIN 307/ADMIN 502,MON,7,26GNN1007J/YOGA,"Dr.S.Sangeetha, AP/MATHS"
CS & GT,I Year,DS A,ADMIN 307,ADMIN 307/ADMIN 502,TUE,2,26CYB1002J/CHEMISTRY (ADMIN 307),"Dr.S.Sangeetha, AP/MATHS"
CS & GT,I Year,DS A,ADMIN 307,ADMIN 307/ADMIN 502,TUE,3,26CSE1002J/PPS (ADMIN 307),"Dr.S.Sangeetha, AP/MATHS"
CS & GT,I Year,DS A,ADMIN 307,ADMIN 307/ADMIN 502,TUE,4,26BTB1001T/CB (ADMIN 307),"Dr.S.Sangeetha, AP/MATHS"
CS & GT,I Year,DS A,ADMIN 307,ADMIN 307/ADMIN 502,TUE,5,26MAB1001T/CLA (ADMIN 307),"Dr.S.Sangeetha, AP/MATHS"
CS & GT,I Year,DS A,ADMIN 307/ADMIN 502,ADMIN 307/ADMIN 502,WED,1,26MEE1001L /WORKSHOP,"Dr.S.Sangeetha, AP/MATHS"
CS & GT,I Year,DS A,ADMIN 307/ADMIN 502,ADMIN 307/ADMIN 502,WED,3,26MEE1001L /WORKSHOP,"Dr.S.Sangeetha, AP/MATHS"
CS & GT,I Year,DS A,ADMIN 307,ADMIN 307/ADMIN 502,WED,4,26MAB1001T/CLA (ADMIN 307),"Dr.S.Sangeetha, AP/MATHS"
CS & GT,I Year,DS A,ADMIN 307,ADMIN 307/ADMIN 502,WED,6,26LCA1003J /FRENCH 26LCA1004J /GERMAN 26LCA1005J /JAPANESE (ADMIN 307),"Dr.S.Sangeetha, AP/MATHS"
CS & GT,I Year,DS A,ADMIN 307,ADMIN 307/ADMIN 502,THU,1,26BTB1001T/CB (ADMIN 307),"Dr.S.Sangeetha, AP/MATHS"
CS & GT,I Year,DS A,ADMIN 307/ADMIN 502,ADMIN 307/ADMIN 502,THU,3,26CSE1002J/PPS,"Dr.S.Sangeetha, AP/MATHS"
CS & GT,I Year,DS A,ADMIN 307,ADMIN 307/ADMIN 502,THU,5,26LCA1003J /FRENCH 26LCA1004J /GERMAN 26LCA1005J /JAPANESE (ADMIN 307),"Dr.S.Sangeetha, AP/MATHS"
CS & GT,I Year,DS A,ADMIN 502,ADMIN 307/ADMIN 502,FRI,1,26CSE1002J/PPS (ADMIN 502),"Dr.S.Sangeetha, AP/MATHS"
CS & GT,I Year,DS A,ADMIN 502,ADMIN 307/ADMIN 502,FRI,2,26MAB1001T/CLA (ADMIN 502),"Dr.S.Sangeetha, AP/MATHS"
CS & GT,I Year,DS A,ADMIN 502,ADMIN 307/ADMIN 502,FRI,3,26CYB1002J/CHEMISTRY (ADMIN 502),"Dr.S.Sangeetha, AP/MATHS"
CS & GT,I Year,DS A,ADMIN 307,ADMIN 307/ADMIN 502,FRI,5,SKILL ENHANCEMENT PROGRAMME (ADMIN 307),"Dr.S.Sangeetha, AP/MATHS"
CS & GT,I Year,DS A,ADMIN 307,ADMIN 307/ADMIN 502,FRI,7,26MEE1001L /WORKSHOP (ADMIN 307),"Dr.S.Sangeetha, AP/MATHS"
CS & GT,I Year,DS B,ADMIN 501,ADMIN 307/ADMIN 501,MON,1,SKILL ENHANCEMENT PROGRAMME (ADMIN 501),"Dr.J.Saral, AP/MATHS"
CS & GT,I Year,DS B,ADMIN 307,ADMIN 307/ADMIN 501,MON,3,26LCA1003J /FRENCH 26LCA1004J /GERMAN 26LCA1005J /JAPANESE (ADMIN 307),"Dr.J.Saral, AP/MATHS"
CS & GT,I Year,DS B,ADMIN 307,ADMIN 307/ADMIN 501,MON,5,26MAB1001T/CLA (ADMIN 307),"Dr.J.Saral, AP/MATHS"
CS & GT,I Year,DS B,ADMIN 307,ADMIN 307/ADMIN 501,MON,6,26CYB1002J/CHEMISTRY (ADMIN 307),"Dr.J.Saral, AP/MATHS"
CS & GT,I Year,DS B,ADMIN 307,ADMIN 307/ADMIN 501,MON,7,26CSE1002J/PPS (ADMIN 307),"Dr.J.Saral, AP/MATHS"
CS & GT,I Year,DS B,ADMIN 307/ADMIN 501,ADMIN 307/ADMIN 501,TUE,5,26CYB1002J/CHEMISTRY,"Dr.J.Saral, AP/MATHS"
CS & GT,I Year,DS B,ADMIN 307,ADMIN 307/ADMIN 501,TUE,7,26BTB1001T/CB (ADMIN 307),"Dr.J.Saral, AP/MATHS"
CS & GT,I Year,DS B,ADMIN 307,ADMIN 307/ADMIN 501,WED,6,26LCA1003J /FRENCH 26LCA1004J /GERMAN 26LCA1005J /JAPANESE (ADMIN 307),"Dr.J.Saral, AP/MATHS"
CS & GT,I Year,DS B,ADMIN 307,ADMIN 307/ADMIN 501,WED,7,26CYB1002J/CHEMISTRY (ADMIN 307),"Dr.J.Saral, AP/MATHS"
CS & GT,I Year,DS B,ADMIN 307,ADMIN 307/ADMIN 501,WED,8,26CSE1002J/PPS (ADMIN 307),"Dr.J.Saral, AP/MATHS"
CS & GT,I Year,DS B,ADMIN 307/ADMIN 501,ADMIN 307/ADMIN 501,THU,1,26MEE1001L /WORKSHOP,"Dr.J.Saral, AP/MATHS"
CS & GT,I Year,DS B,ADMIN 307/ADMIN 501,ADMIN 307/ADMIN 501,THU,3,26MEE1001L /WORKSHOP,"Dr.J.Saral, AP/MATHS"
CS & GT,I Year,DS B,ADMIN 307,ADMIN 307/ADMIN 501,THU,4,26CYB1002J/CHEMISTRY (ADMIN 307),"Dr.J.Saral, AP/MATHS"
CS & GT,I Year,DS B,ADMIN 307,ADMIN 307/ADMIN 501,THU,5,26LCA1003J /FRENCH 26LCA1004J /GERMAN 26LCA1005J /JAPANESE (ADMIN 307),"Dr.J.Saral, AP/MATHS"
CS & GT,I Year,DS B,ADMIN 307,ADMIN 307/ADMIN 501,THU,6,26MAB1001T/CLA (ADMIN 307),"Dr.J.Saral, AP/MATHS"
CS & GT,I Year,DS B,ADMIN 307,ADMIN 307/ADMIN 501,THU,7,26BTB1001T/CB (ADMIN 307),"Dr.J.Saral, AP/MATHS"
CS & GT,I Year,DS B,ADMIN 307,ADMIN 307/ADMIN 501,FRI,1,26MEE1001L /WORKSHOP (ADMIN 307),"Dr.J.Saral, AP/MATHS"
CS & GT,I Year,DS B,ADMIN 307,ADMIN 307/ADMIN 501,FRI,3,26MAB1001T/CLA (ADMIN 307),"Dr.J.Saral, AP/MATHS"
CS & GT,I Year,DS B,ADMIN 307,ADMIN 307/ADMIN 501,FRI,4,26MAB1001T/CLA (ADMIN 307),"Dr.J.Saral, AP/MATHS"
CS & GT,I Year,DS B,ADMIN 307/ADMIN 501,ADMIN 307/ADMIN 501,FRI,5,26CSE1002J/PPS,"Dr.J.Saral, AP/MATHS"
CS & GT,I Year,DS B,ADMIN 307/ADMIN 501,ADMIN 307/ADMIN 501,FRI,7,26GNN1007J/YOGA,"Dr.J.Saral, AP/MATHS"
CS & GT,II Year,CS A,NEW ADMIN 204/BMS 401/BMS403,NEW ADMIN 204/BMS 401/BMS403,MON,1,21CSC201J / DSA,Dr.K.Ramya
CS & GT,II Year,CS A,NEW ADMIN 204/BMS 401/BMS403,NEW ADMIN 204/BMS 401/BMS403,MON,3,21CSC202J / OS,Dr.K.Ramya
CS & GT,II Year,CS A,NEW ADMIN 204,NEW ADMIN 204/BMS 401/BMS403,MON,5,21PDM201L / VR (NEW ADMIN 204),Dr.K.Ramya
CS & GT,II Year,CS A,NEW ADMIN 204,NEW ADMIN 204/BMS 401/BMS403,MON,7,21CSC203P / APP (NEW ADMIN 204),Dr.K.Ramya
CS & GT,II Year,CS A,NEW ADMIN 204,NEW ADMIN 204/BMS 401/BMS403,MON,8,21CSC201J / DSA (NEW ADMIN 204),Dr.K.Ramya
CS & GT,II Year,CS A,NEW ADMIN 204,NEW ADMIN 204/BMS 401/BMS403,TUE,1,21DCS201P/ DTM (NEW ADMIN 204),Dr.K.Ramya
CS & GT,II Year,CS A,NEW ADMIN 204,NEW ADMIN 204/BMS 401/BMS403,TUE,3,21DCS201P/ DTM (NEW ADMIN 204),Dr.K.Ramya
CS & GT,II Year,CS A,NEW ADMIN 204,NEW ADMIN 204/BMS 401/BMS403,TUE,4,21CSS201T / COA (NEW ADMIN 204),Dr.K.Ramya
CS & GT,II Year,CS A,NEW ADMIN 204/BMS 401/BMS403,NEW ADMIN 204/BMS 401/BMS403,TUE,5,21CSC203P / APP,Dr.K.Ramya
CS & GT,II Year,CS A,BMS 401,NEW ADMIN 204/BMS 401/BMS403,TUE,7,21CSC202J / OS (BMS 401),Dr.K.Ramya
CS & GT,II Year,CS A,BMS 401,NEW ADMIN 204/BMS 401/BMS403,TUE,8,21LEM201T / PE (BMS 401),Dr.K.Ramya
CS & GT,II Year,CS A,BMS 403,NEW ADMIN 204/BMS 401/BMS403,WED,3,21CSS201T / COA (BMS 403),Dr.K.Ramya
CS & GT,II Year,CS A,BMS 403,NEW ADMIN 204/BMS 401/BMS403,WED,4,21CSC202J / OS (BMS 403),Dr.K.Ramya
CS & GT,II Year,CS A,NEW ADMIN 204,NEW ADMIN 204/BMS 401/BMS403,WED,6,21MAB206T / NMA (NEW ADMIN 204),Dr.K.Ramya
CS & GT,II Year,CS A,NEW ADMIN 204,NEW ADMIN 204/BMS 401/BMS403,WED,7,21CSC203P / APP (NEW ADMIN 204),Dr.K.Ramya
CS & GT,II Year,CS A,NEW ADMIN 204,NEW ADMIN 204/BMS 401/BMS403,THU,1,21MAB206T / NMA (NEW ADMIN 204),Dr.K.Ramya
CS & GT,II Year,CS A,NEW ADMIN 204,NEW ADMIN 204/BMS 401/BMS403,THU,2,21MAB206T / NMA (NEW ADMIN 204),Dr.K.Ramya
CS & GT,II Year,CS A,NEW ADMIN 204,NEW ADMIN 204/BMS 401/BMS403,THU,3,21CSS201T / COA (NEW ADMIN 204),Dr.K.Ramya
CS & GT,II Year,CS A,NEW ADMIN 204,NEW ADMIN 204/BMS 401/BMS403,THU,4,21CSC201J / DSA (NEW ADMIN 204),Dr.K.Ramya
CS & GT,II Year,CS A,NEW ADMIN 204,NEW ADMIN 204/BMS 401/BMS403,FRI,5,21MAB206T / NMA (NEW ADMIN 204),Dr.K.Ramya
CS & GT,II Year,CS A,NEW ADMIN 204,NEW ADMIN 204/BMS 401/BMS403,FRI,6,21CSC202J / OS (NEW ADMIN 204),Dr.K.Ramya
CS & GT,II Year,CS A,NEW ADMIN 204,NEW ADMIN 204/BMS 401/BMS403,FRI,7,21CSS201T / COA (NEW ADMIN 204),Dr.K.Ramya
CS & GT,II Year,CS A,NEW ADMIN 204,NEW ADMIN 204/BMS 401/BMS403,FRI,8,21CSC201J / DSA (NEW ADMIN 204),Dr.K.Ramya
CS & GT,II Year,CS B,NEW ADMIN 204,NEW ADMIN 204/NEW ADMIN 205,MON,1,21DCS201P/ DTM (NEW ADMIN 204),Mr.P.Mathivanan
CS & GT,II Year,CS B,NEW ADMIN 204,NEW ADMIN 204/NEW ADMIN 205,MON,3,21DCS201P/ DTM (NEW ADMIN 204),Mr.P.Mathivanan
CS & GT,II Year,CS B,NEW ADMIN 204,NEW ADMIN 204/NEW ADMIN 205,MON,4,21MAB206T / NMA (NEW ADMIN 204),Mr.P.Mathivanan
CS & GT,II Year,CS B,NEW ADMIN 204/NEW ADMIN 205,NEW ADMIN 204/NEW ADMIN 205,MON,5,21CSC201J / DSA,Mr.P.Mathivanan
CS & GT,II Year,CS B,NEW ADMIN 204/NEW ADMIN 205,NEW ADMIN 204/NEW ADMIN 205,MON,7,21CSC202J / OS,Mr.P.Mathivanan
CS & GT,II Year,CS B,NEW ADMIN 204/NEW ADMIN 205,NEW ADMIN 204/NEW ADMIN 205,TUE,1,21CSC203P / APP,Mr.P.Mathivanan
CS & GT,II Year,CS B,NEW ADMIN 205,NEW ADMIN 204/NEW ADMIN 205,TUE,3,21MAB206T / NMA (NEW ADMIN 205),Mr.P.Mathivanan
CS & GT,II Year,CS B,NEW ADMIN 205,NEW ADMIN 204/NEW ADMIN 205,TUE,4,21CSS201T / COA (NEW ADMIN 205),Mr.P.Mathivanan
CS & GT,II Year,CS B,NEW ADMIN 204,NEW ADMIN 204/NEW ADMIN 205,TUE,5,21CSC201J / DSA (NEW ADMIN 204),Mr.P.Mathivanan
CS & GT,II Year,CS B,NEW ADMIN 204,NEW ADMIN 204/NEW ADMIN 205,TUE,6,21CSC202J / OS (NEW ADMIN 204),Mr.P.Mathivanan
CS & GT,II Year,CS B,NEW ADMIN 204,NEW ADMIN 204/NEW ADMIN 205,TUE,7,21CSC203P / APP (NEW ADMIN 204),Mr.P.Mathivanan
CS & GT,II Year,CS B,NEW ADMIN 204,NEW ADMIN 204/NEW ADMIN 205,TUE,8,21CSC203P / APP (NEW ADMIN 204),Mr.P.Mathivanan
CS & GT,II Year,CS B,NEW ADMIN 204,NEW ADMIN 204/NEW ADMIN 205,WED,1,21PDM201L / VR (NEW ADMIN 204),Mr.P.Mathivanan
CS & GT,II Year,CS B,NEW ADMIN 204,NEW ADMIN 204/NEW ADMIN 205,WED,3,21CSC202J / OS (NEW ADMIN 204),Mr.P.Mathivanan
CS & GT,II Year,CS B,NEW ADMIN 204,NEW ADMIN 204/NEW ADMIN 205,WED,4,21CSS201T / COA (NEW ADMIN 204),Mr.P.Mathivanan
CS & GT,II Year,CS B,NEW ADMIN 204,NEW ADMIN 204/NEW ADMIN 205,THU,5,21MAB206T / NMA (NEW ADMIN 204),Mr.P.Mathivanan
CS & GT,II Year,CS B,NEW ADMIN 204,NEW ADMIN 204/NEW ADMIN 205,THU,6,21CSS201T / COA (NEW ADMIN 204),Mr.P.Mathivanan
CS & GT,II Year,CS B,NEW ADMIN 204,NEW ADMIN 204/NEW ADMIN 205,THU,7,21CSC201J / DSA (NEW ADMIN 204),Mr.P.Mathivanan
CS & GT,II Year,CS B,NEW ADMIN 204,NEW ADMIN 204/NEW ADMIN 205,THU,8,21LEM201T / PE (NEW ADMIN 204),Mr.P.Mathivanan
CS & GT,II Year,CS B,NEWADMIN 204,NEW ADMIN 204/NEW ADMIN 205,FRI,1,21CSS201T / COA (NEWADMIN 204),Mr.P.Mathivanan
CS & GT,II Year,CS B,NEW ADMIN 204,NEW ADMIN 204/NEW ADMIN 205,FRI,2,21CSC201J / DSA (NEW ADMIN 204),Mr.P.Mathivanan
CS & GT,II Year,CS B,NEW ADMIN 204,NEW ADMIN 204/NEW ADMIN 205,FRI,3,21MAB206T / NMA (NEW ADMIN 204),Mr.P.Mathivanan
CS & GT,II Year,CS B,NEW ADMIN 204,NEW ADMIN 204/NEW ADMIN 205,FRI,4,21CSC202J / OS (NEW ADMIN 204),Mr.P.Mathivanan
CS & GT,II Year,CS C,NEW ADMIN 205,NEW ADMIN 205,MON,5,21CSC203P / APP,Dr.M.Ilamathi
CS & GT,II Year,CS C,NEW ADMIN 205,NEW ADMIN 205,MON,6,21CSC201J / DSA,Dr.M.Ilamathi
CS & GT,II Year,CS C,NEW ADMIN 205,NEW ADMIN 205,MON,7,21CSC202J / OS,Dr.M.Ilamathi
CS & GT,II Year,CS C,NEW ADMIN 205,NEW ADMIN 205,MON,8,21CSS201T / COA,Dr.M.Ilamathi
CS & GT,II Year,CS C,NEW ADMIN 205,NEW ADMIN 205,TUE,5,21DCS201P/ DTM,Dr.M.Ilamathi
CS & GT,II Year,CS C,NEW ADMIN 205,NEW ADMIN 205,TUE,8,21CSS201T / COA,Dr.M.Ilamathi
CS & GT,II Year,CS C,NEW ADMIN 205,NEW ADMIN 205,WED,1,21CSC201J / DSA,Dr.M.Ilamathi
CS & GT,II Year,CS C,NEW ADMIN 205,NEW ADMIN 205,WED,3,21CSC202J / OS,Dr.M.Ilamathi
CS & GT,II Year,CS C,NEW ADMIN 205,NEW ADMIN 205,WED,6,21MAB206T / NMA,Dr.M.Ilamathi
CS & GT,II Year,CS C,NEW ADMIN 205,NEW ADMIN 205,WED,7,21PDM201L / VR,Dr.M.Ilamathi
CS & GT,II Year,CS C,NEW ADMIN 205,NEW ADMIN 205,THU,1,21CSC202J / OS,Dr.M.Ilamathi
CS & GT,II Year,CS C,NEW ADMIN 205,NEW ADMIN 205,THU,2,21CSC201J / DSA,Dr.M.Ilamathi
CS & GT,II Year,CS C,NEW ADMIN 205,NEW ADMIN 205,THU,3,21MAB206T / NMA,Dr.M.Ilamathi
CS & GT,II Year,CS C,NEW ADMIN 205,NEW ADMIN 205,THU,4,21MAB206T / NMA,Dr.M.Ilamathi
CS & GT,II Year,CS C,NEW ADMIN 205,NEW ADMIN 205,THU,5,21CSC203P / APP,Dr.M.Ilamathi
CS & GT,II Year,CS C,NEW ADMIN 205,NEW ADMIN 205,THU,7,21CSS201T / COA,Dr.M.Ilamathi
CS & GT,II Year,CS C,NEW ADMIN 205,NEW ADMIN 205,THU,8,21CSC203P / APP,Dr.M.Ilamathi
CS & GT,II Year,CS C,NEW ADMIN 205,NEW ADMIN 205,FRI,1,21MAB206T / NMA,Dr.M.Ilamathi
CS & GT,II Year,CS C,NEW ADMIN 205,NEW ADMIN 205,FRI,2,21CSS201T / COA,Dr.M.Ilamathi
CS & GT,II Year,CS C,NEW ADMIN 205,NEW ADMIN 205,FRI,3,21CSC202J / OS,Dr.M.Ilamathi
CS & GT,II Year,CS C,NEW ADMIN 205,NEW ADMIN 205,FRI,4,21CSC201J / DSA,Dr.M.Ilamathi
CS & GT,II Year,CS C,NEW ADMIN 205,NEW ADMIN 205,FRI,5,21LEM201T / PE,Dr.M.Ilamathi
CS & GT,II Year,CS D,NEW ADMIN 205/BMS904,NEW ADMIN 205/BMS904,MON,1,21CSC201J / DSA,Dr.Paramesh
CS & GT,II Year,CS D,NEW ADMIN 205/BMS904,NEW ADMIN 205/BMS904,MON,2,21CSS201T / COA,Dr.Paramesh
CS & GT,II Year,CS D,NEW ADMIN 205/BMS904,NEW ADMIN 205/BMS904,MON,3,21CSC202J / OS,Dr.Paramesh
CS & GT,II Year,CS D,NEW ADMIN 205/BMS904,NEW ADMIN 205/BMS904,MON,4,21MAB206T / NMA,Dr.Paramesh
CS & GT,II Year,CS D,NEW ADMIN 205/BMS904,NEW ADMIN 205/BMS904,TUE,1,21CSC202J / OS,Dr.Paramesh
CS & GT,II Year,CS D,NEW ADMIN 205/BMS904,NEW ADMIN 205/BMS904,TUE,2,21CSS201T / COA,Dr.Paramesh
CS & GT,II Year,CS D,NEW ADMIN 205/BMS904,NEW ADMIN 205/BMS904,TUE,3,21CSC203P / APP,Dr.Paramesh
CS & GT,II Year,CS D,NEW ADMIN 205/BMS904,NEW ADMIN 205/BMS904,TUE,5,21MAB206T / NMA,Dr.Paramesh
CS & GT,II Year,CS D,NEW ADMIN 205/BMS904,NEW ADMIN 205/BMS904,TUE,6,21MAB206T / NMA,Dr.Paramesh
CS & GT,II Year,CS D,NEW ADMIN 205/BMS904,NEW ADMIN 205/BMS904,TUE,7,21CSC201J / DSA,Dr.Paramesh
CS & GT,II Year,CS D,NEW ADMIN 205/BMS904,NEW ADMIN 205/BMS904,TUE,8,21LEM201T / PE,Dr.Paramesh
CS & GT,II Year,CS D,NEW ADMIN 205/BMS904,NEW ADMIN 205/BMS904,WED,1,21CSS201T / COA,Dr.Paramesh
CS & GT,II Year,CS D,NEW ADMIN 205/BMS904,NEW ADMIN 205/BMS904,WED,2,21DCS201P/ DTM,Dr.Paramesh
CS & GT,II Year,CS D,NEW ADMIN 205/BMS904,NEW ADMIN 205/BMS904,WED,3,21DCS201P/ DTM,Dr.Paramesh
CS & GT,II Year,CS D,NEW ADMIN 205/BMS904,NEW ADMIN 205/BMS904,WED,7,21CSC202J / OS,Dr.Paramesh
CS & GT,II Year,CS D,NEW ADMIN 205/BMS904,NEW ADMIN 205/BMS904,THU,1,21CSC203P / APP,Dr.Paramesh
CS & GT,II Year,CS D,NEW ADMIN 205/BMS904,NEW ADMIN 205/BMS904,THU,2,21CSC203P / APP,Dr.Paramesh
CS & GT,II Year,CS D,NEW ADMIN 205/BMS904,NEW ADMIN 205/BMS904,THU,4,21CSC201J / DSA,Dr.Paramesh
CS & GT,II Year,CS D,NEW ADMIN 205/BMS904,NEW ADMIN 205/BMS904,THU,5,21CSS201T / COA,Dr.Paramesh
CS & GT,II Year,CS D,NEW ADMIN 205/BMS904,NEW ADMIN 205/BMS904,THU,6,21CSC202J / OS,Dr.Paramesh
CS & GT,II Year,CS D,NEW ADMIN 205/BMS904,NEW ADMIN 205/BMS904,THU,7,21CSC201J / DSA,Dr.Paramesh
CS & GT,II Year,CS D,NEW ADMIN 205/BMS904,NEW ADMIN 205/BMS904,FRI,5,21PDM201L / VR,Dr.Paramesh
CS & GT,II Year,CS D,NEW ADMIN 205/BMS904,NEW ADMIN 205/BMS904,FRI,7,21MAB206T / NMA,Dr.Paramesh
CS & GT,II Year,GT A,ADMIN 608,ADMIN 608/BMS 402,MON,1,21MAB201T / TBVP (ADMIN 608),Dr.S.Suganya
CS & GT,II Year,GT A,ADMIN 608,ADMIN 608/BMS 402,MON,2,21CSC202J / OS (ADMIN 608),Dr.S.Suganya
CS & GT,II Year,GT A,ADMIN 608/BMS 402,ADMIN 608/BMS 402,MON,3,21CSC201J / DSA,Dr.S.Suganya
CS & GT,II Year,GT A,ADMIN 608/BMS 402,ADMIN 608/BMS 402,MON,7,21LEM201T / PE,Dr.S.Suganya
CS & GT,II Year,GT A,BMS 402,ADMIN 608/BMS 402,TUE,1,21CSC202J / OS (BMS 402),Dr.S.Suganya
CS & GT,II Year,GT A,BMS 402,ADMIN 608/BMS 402,TUE,2,21CSC201J / DSA (BMS 402),Dr.S.Suganya
CS & GT,II Year,GT A,BMS 402,ADMIN 608/BMS 402,TUE,3,21CSS201T / COA (BMS 402),Dr.S.Suganya
CS & GT,II Year,GT A,BMS 402,ADMIN 608/BMS 402,TUE,4,21CSS201T / COA (BMS 402),Dr.S.Suganya
CS & GT,II Year,GT A,ADMIN 608,ADMIN 608/BMS 402,TUE,5,21CSC203P / APP (ADMIN 608),Dr.S.Suganya
CS & GT,II Year,GT A,ADMIN 608/BMS 402,ADMIN 608/BMS 402,WED,1,21CSC202J / OS,Dr.S.Suganya
CS & GT,II Year,GT A,ADMIN 608/BMS 402,ADMIN 608/BMS 402,WED,3,21CSC203P / APP,Dr.S.Suganya
CS & GT,II Year,GT A,ADMIN 608,ADMIN 608/BMS 402,WED,6,21MAB201T / TBVP (ADMIN 608),Dr.S.Suganya
CS & GT,II Year,GT A,ADMIN 608,ADMIN 608/BMS 402,WED,7,21CSS201T / COA (ADMIN 608),Dr.S.Suganya
CS & GT,II Year,GT A,BMS 402,ADMIN 608/BMS 402,THU,3,21CSC203P / APP (BMS 402),Dr.S.Suganya
CS & GT,II Year,GT A,BMS 402,ADMIN 608/BMS 402,THU,4,21CSC201J / DSA (BMS 402),Dr.S.Suganya
CS & GT,II Year,GT A,ADMIN 608,ADMIN 608/BMS 402,THU,5,21CSC202J / OS (ADMIN 608),Dr.S.Suganya
CS & GT,II Year,GT A,ADMIN 608,ADMIN 608/BMS 402,THU,6,21DCS201P/ DTM (ADMIN 608),Dr.S.Suganya
CS & GT,II Year,GT A,ADMIN 608,ADMIN 608/BMS 402,FRI,1,21MAB201T / TBVP (ADMIN 608),Dr.S.Suganya
CS & GT,II Year,GT A,ADMIN 608,ADMIN 608/BMS 402,FRI,2,21MAB201T / TBVP (ADMIN 608),Dr.S.Suganya
CS & GT,II Year,GT A,ADMIN 608,ADMIN 608/BMS 402,FRI,3,21PDM201L / VR (ADMIN 608),Dr.S.Suganya
CS & GT,II Year,GT A,ADMIN 608,ADMIN 608/BMS 402,FRI,6,21CSC201J / DSA (ADMIN 608),Dr.S.Suganya
CS & GT,II Year,GT A,ADMIN 608,ADMIN 608/BMS 402,FRI,7,21CSS201T / COA (ADMIN 608),Dr.S.Suganya
CS & GT,III Year,CS A,BMS 401,BMS 401,MON,5,21MAB302T/ DM,Mrs.J.Juslin Jega
CS & GT,III Year,CS A,BMS 401,BMS 401,MON,6,21CSC301T/ FLA,Mrs.J.Juslin Jega
CS & GT,III Year,CS A,BMS 401,BMS 401,TUE,1,21PDM301L / ALTS,Mrs.J.Juslin Jega
CS & GT,III Year,CS A,BMS 401,BMS 401,TUE,3,21MAB302T/ DM,Mrs.J.Juslin Jega
CS & GT,III Year,CS A,BMS 401,BMS 401,TUE,5,21CSC308T/SRMP,Mrs.J.Juslin Jega
CS & GT,III Year,CS A,BMS 401,BMS 401,TUE,6,21ECO101T / SRWC,Mrs.J.Juslin Jega
CS & GT,III Year,CS A,BMS 401,BMS 401,WED,1,21MAB302T/ DM,Mrs.J.Juslin Jega
CS & GT,III Year,CS A,BMS 401,BMS 401,WED,2,21CSC301T/ FLA,Mrs.J.Juslin Jega
CS & GT,III Year,CS A,BMS 401,BMS 401,WED,3,21CSE382T/ SM,Mrs.J.Juslin Jega
CS & GT,III Year,CS A,BMS 401,BMS 401,WED,4,21ECO101T / SRWC,Mrs.J.Juslin Jega
CS & GT,III Year,CS A,BMS 401,BMS 401,WED,6,21CSC308T/SRMP,Mrs.J.Juslin Jega
CS & GT,III Year,CS A,BMS 401,BMS 401,WED,7,21CSC302J / CN,Mrs.J.Juslin Jega
CS & GT,III Year,CS A,BMS 401,BMS 401,THU,1,21ECO101T / SRWC,Mrs.J.Juslin Jega
CS & GT,III Year,CS A,BMS 401,BMS 401,THU,3,21CSC301T/ FLA,Mrs.J.Juslin Jega
CS & GT,III Year,CS A,BMS 401,BMS 401,THU,4,21CSC302J / CN,Mrs.J.Juslin Jega
CS & GT,III Year,CS A,BMS 401,BMS 401,THU,5,21LEM301T / IAF,Mrs.J.Juslin Jega
CS & GT,III Year,CS A,BMS 401,BMS 401,THU,6,21MAB302T/ DM,Mrs.J.Juslin Jega
CS & GT,III Year,CS A,BMS 401,BMS 401,THU,7,21CSE382T/ SM,Mrs.J.Juslin Jega
CS & GT,III Year,CS A,BMS 401,BMS 401,FRI,1,21CSE382T/ SM,Mrs.J.Juslin Jega
CS & GT,III Year,CS A,BMS 401,BMS 401,FRI,2,21CSC302J / CN,Mrs.J.Juslin Jega
CS & GT,III Year,CS A,BMS 401,BMS 401,FRI,3,21CSC302J / CN,Mrs.J.Juslin Jega
CS & GT,III Year,CS A,BMS 401,BMS 401,FRI,4,21CSC308T/SRMP,Mrs.J.Juslin Jega
CS & GT,III Year,CS B,BMS 402,BMS 402,MON,1,21MAB302T/ DM,Mrs.M.Chitra
CS & GT,III Year,CS B,BMS 402,BMS 402,MON,2,21LEM301T / IAF,Mrs.M.Chitra
CS & GT,III Year,CS B,BMS 402,BMS 402,MON,3,21PDM301L / ALTS,Mrs.M.Chitra
CS & GT,III Year,CS B,BMS 402,BMS 402,MON,5,21CSE382T/ SM,Mrs.M.Chitra
CS & GT,III Year,CS B,BMS 402,BMS 402,MON,6,21CSC302J / CN,Mrs.M.Chitra
CS & GT,III Year,CS B,BMS 402,BMS 402,MON,7,21ECO101T / SRWC,Mrs.M.Chitra
CS & GT,III Year,CS B,BMS 402,BMS 402,MON,8,21CSC308T/SRMP,Mrs.M.Chitra
CS & GT,III Year,CS B,BMS 402,BMS 402,TUE,5,21MAB302T/ DM,Mrs.M.Chitra
CS & GT,III Year,CS B,BMS 402,BMS 402,TUE,6,21MAB302T/ DM,Mrs.M.Chitra
CS & GT,III Year,CS B,BMS 402,BMS 402,TUE,7,21CSC308T/SRMP,Mrs.M.Chitra
CS & GT,III Year,CS B,BMS 402,BMS 402,WED,1,21CSE382T/ SM,Mrs.M.Chitra
CS & GT,III Year,CS B,BMS 402,BMS 402,WED,2,21ECO101T / SRWC,Mrs.M.Chitra
CS & GT,III Year,CS B,BMS 402,BMS 402,WED,3,21CSC301T/ FLA,Mrs.M.Chitra
CS & GT,III Year,CS B,BMS 402,BMS 402,WED,4,21MAB302T/ DM,Mrs.M.Chitra
CS & GT,III Year,CS B,BMS 402,BMS 402,THU,1,21CSC302J / CN,Mrs.M.Chitra
CS & GT,III Year,CS B,BMS 402,BMS 402,THU,3,21CSC302J / CN,Mrs.M.Chitra
CS & GT,III Year,CS B,BMS 402,BMS 402,THU,5,21CSE382T/ SM,Mrs.M.Chitra
CS & GT,III Year,CS B,BMS 402,BMS 402,THU,6,21CSC301T/ FLA,Mrs.M.Chitra
CS & GT,III Year,CS B,BMS 402,BMS 402,FRI,1,21CSC301T/ FLA,Mrs.M.Chitra
CS & GT,III Year,CS B,BMS 402,BMS 402,FRI,2,21CSC308T/SRMP,Mrs.M.Chitra
CS & GT,III Year,CS B,BMS 402,BMS 402,FRI,3,21CSC302J / CN,Mrs.M.Chitra
CS & GT,III Year,CS B,BMS 402,BMS 402,FRI,4,21ECO101T / SRWC,Mrs.M.Chitra
CS & GT,III Year,CS C,BMS 403,BMS 403,MON,1,21CSC301T/ FLA,Mrs.M.Sneha Priya
CS & GT,III Year,CS C,BMS 403,BMS 403,MON,2,21CSC308T/SRMP,Mrs.M.Sneha Priya
CS & GT,III Year,CS C,BMS 403,BMS 403,MON,3,21MAB302T/ DM,Mrs.M.Sneha Priya
CS & GT,III Year,CS C,BMS 403,BMS 403,MON,4,21CSC302J / CN,Mrs.M.Sneha Priya
CS & GT,III Year,CS C,BMS 403,BMS 403,MON,5,21ECO101T / SRWC,Mrs.M.Sneha Priya
CS & GT,III Year,CS C,BMS 403,BMS 403,TUE,1,21CSC308T/SRMP,Mrs.M.Sneha Priya
CS & GT,III Year,CS C,BMS 403,BMS 403,TUE,2,21ECO101T / SRWC,Mrs.M.Sneha Priya
CS & GT,III Year,CS C,BMS 403,BMS 403,TUE,3,21CSC301T/ FLA,Mrs.M.Sneha Priya
CS & GT,III Year,CS C,BMS 403,BMS 403,TUE,4,21CSE382T/ SM,Mrs.M.Sneha Priya
CS & GT,III Year,CS C,BMS 403,BMS 403,TUE,5,21MAB302T/ DM,Mrs.M.Sneha Priya
CS & GT,III Year,CS C,BMS 403,BMS 403,TUE,6,21MAB302T/ DM,Mrs.M.Sneha Priya
CS & GT,III Year,CS C,BMS 403,BMS 403,TUE,7,21CSC302J / CN,Mrs.M.Sneha Priya
CS & GT,III Year,CS C,BMS 403,BMS 403,WED,6,21CSC301T/ FLA,Mrs.M.Sneha Priya
CS & GT,III Year,CS C,BMS 403,BMS 403,WED,7,21PDM301L / ALTS,Mrs.M.Sneha Priya
CS & GT,III Year,CS C,BMS 403,BMS 403,THU,1,21MAB302T/ DM,Mrs.M.Sneha Priya
CS & GT,III Year,CS C,BMS 403,BMS 403,THU,2,21CSC308T/SRMP,Mrs.M.Sneha Priya
CS & GT,III Year,CS C,BMS 403,BMS 403,THU,3,21CSE382T/ SM,Mrs.M.Sneha Priya
CS & GT,III Year,CS C,BMS 403,BMS 403,THU,4,21CSC302J / CN,Mrs.M.Sneha Priya
CS & GT,III Year,CS C,BMS 403,BMS 403,FRI,5,21CSC302J / CN,Mrs.M.Sneha Priya
CS & GT,III Year,CS C,BMS 403,BMS 403,FRI,6,21LEM301T / IAF,Mrs.M.Sneha Priya
CS & GT,III Year,CS C,BMS 403,BMS 403,FRI,7,21ECO101T / SRWC,Mrs.M.Sneha Priya
CS & GT,III Year,CS C,BMS 403,BMS 403,FRI,8,21CSE382T/ SM,Mrs.M.Sneha Priya
CS & GT,III Year,CS D,BMS 903,BMS 903,MON,1,21CSC308T/SRMP,Ms.C.Sowmiya Sree
CS & GT,III Year,CS D,BMS 903,BMS 903,MON,2,21MAB302T/ DM,Ms.C.Sowmiya Sree
CS & GT,III Year,CS D,BMS 903,BMS 903,MON,3,21ECO101T / SRWC,Ms.C.Sowmiya Sree
CS & GT,III Year,CS D,BMS 903,BMS 903,MON,4,21CSC302J / CN,Ms.C.Sowmiya Sree
CS & GT,III Year,CS D,BMS 903,BMS 903,TUE,1,21CSC301T/ FLA,Ms.C.Sowmiya Sree
CS & GT,III Year,CS D,BMS 903,BMS 903,TUE,2,21CSE382T/ SM,Ms.C.Sowmiya Sree
CS & GT,III Year,CS D,BMS 903,BMS 903,TUE,3,21ECO101T / SRWC,Ms.C.Sowmiya Sree
CS & GT,III Year,CS D,BMS 903,BMS 903,TUE,4,21MAB302T/ DM,Ms.C.Sowmiya Sree
CS & GT,III Year,CS D,BMS 903,BMS 903,WED,1,21CSE382T/ SM,Ms.C.Sowmiya Sree
CS & GT,III Year,CS D,BMS 903,BMS 903,WED,2,21LEM301T / IAF,Ms.C.Sowmiya Sree
CS & GT,III Year,CS D,BMS 903,BMS 903,WED,3,21CSC302J / CN,Ms.C.Sowmiya Sree
CS & GT,III Year,CS D,BMS 903,BMS 903,WED,4,21CSC301T/ FLA,Ms.C.Sowmiya Sree
CS & GT,III Year,CS D,BMS 903,BMS 903,THU,5,21MAB302T/ DM,Ms.C.Sowmiya Sree
CS & GT,III Year,CS D,BMS 903,BMS 903,THU,6,21MAB302T/ DM,Ms.C.Sowmiya Sree
CS & GT,III Year,CS D,BMS 903,BMS 903,THU,7,21CSE382T/ SM,Ms.C.Sowmiya Sree
CS & GT,III Year,CS D,BMS 903,BMS 903,THU,8,21CSC308T/SRMP,Ms.C.Sowmiya Sree
CS & GT,III Year,CS D,BMS 903,BMS 903,FRI,1,21PDM301L / ALTS,Ms.C.Sowmiya Sree
CS & GT,III Year,CS D,BMS 903,BMS 903,FRI,3,21CSC308T/SRMP,Ms.C.Sowmiya Sree
CS & GT,III Year,CS D,BMS 903,BMS 903,FRI,4,21CSC302J / CN,Ms.C.Sowmiya Sree
CS & GT,III Year,CS D,BMS 903,BMS 903,FRI,5,21CSC301T/ FLA,Ms.C.Sowmiya Sree
CS & GT,III Year,CS D,BMS 903,BMS 903,FRI,6,21ECO101T / SRWC,Ms.C.Sowmiya Sree
CS & GT,III Year,CS D,BMS 903,BMS 903,FRI,7,21CSC302J / CN,Ms.C.Sowmiya Sree
CS & GT,III Year,CS E,BMS 904,BMS 904,MON,1,21MAB302T/ DM,Mrs.S.Lakshmi
CS & GT,III Year,CS E,BMS 904,BMS 904,MON,2,21MAB302T/ DM,Mrs.S.Lakshmi
CS & GT,III Year,CS E,BMS 904,BMS 904,MON,3,21CSC302J / CN,Mrs.S.Lakshmi
CS & GT,III Year,CS E,BMS 904,BMS 904,MON,4,21CSE382T/ SM,Mrs.S.Lakshmi
CS & GT,III Year,CS E,BMS 904,BMS 904,TUE,2,21MAB302T/ DM,Mrs.S.Lakshmi
CS & GT,III Year,CS E,BMS 904,BMS 904,TUE,3,21PDM30,Mrs.S.Lakshmi
CS & GT,III Year,CS E,BMS 904,BMS 904,TUE,4,1L / ALTS,Mrs.S.Lakshmi
CS & GT,III Year,CS E,BMS 904,BMS 904,TUE,5,21CSC301T/ FLA,Mrs.S.Lakshmi
CS & GT,III Year,CS E,BMS 904,BMS 904,TUE,6,21CSC308T/SRMP,Mrs.S.Lakshmi
CS & GT,III Year,CS E,BMS 904,BMS 904,TUE,7,21CSE382T/ SM,Mrs.S.Lakshmi
CS & GT,III Year,CS E,BMS 904,BMS 904,WED,1,21ECO101T / SRWC,Mrs.S.Lakshmi
CS & GT,III Year,CS E,BMS 904,BMS 904,WED,2,21CSC302J / CN,Mrs.S.Lakshmi
CS & GT,III Year,CS E,BMS 904,BMS 904,WED,3,21CSC301T/ FLA,Mrs.S.Lakshmi
CS & GT,III Year,CS E,BMS 904,BMS 904,WED,4,21CSE382T/ SM,Mrs.S.Lakshmi
CS & GT,III Year,CS E,BMS 904,BMS 904,THU,1,21CSC308T/SRMP,Mrs.S.Lakshmi
CS & GT,III Year,CS E,BMS 904,BMS 904,THU,2,21CSC301T/ FLA,Mrs.S.Lakshmi
CS & GT,III Year,CS E,BMS 904,BMS 904,THU,3,21LEM301T / IAF,Mrs.S.Lakshmi
CS & GT,III Year,CS E,BMS 904,BMS 904,THU,4,21MAB302T/ DM,Mrs.S.Lakshmi
CS & GT,III Year,CS E,BMS 904,BMS 904,THU,6,21ECO101T / SRWC,Mrs.S.Lakshmi
CS & GT,III Year,CS E,BMS 904,BMS 904,THU,7,21CSC302J / CN,Mrs.S.Lakshmi
CS & GT,III Year,CS E,BMS 904,BMS 904,FRI,5,21CSC302J / CN,Mrs.S.Lakshmi
CS & GT,III Year,CS E,BMS 904,BMS 904,FRI,7,21CSC308T/SRMP,Mrs.S.Lakshmi
CS & GT,III Year,CS E,BMS 904,BMS 904,FRI,8,21ECO101T / SRWC,Mrs.S.Lakshmi
CS & GT,III Year,GT A,ADMIN 608/BMS 402,ADMIN 608/BMS 402,MON,1,21CSC302J / CN,Dr.N.Magesh Kumar
CS & GT,III Year,GT A,ADMIN 608,ADMIN 608/BMS 402,MON,4,21CSC302J / CN (ADMIN 608),Dr.N.Magesh Kumar
CS & GT,III Year,GT A,ADMIN 608,ADMIN 608/BMS 402,MON,5,21MAB302T/ DM (ADMIN 608),Dr.N.Magesh Kumar
CS & GT,III Year,GT A,ADMIN 608,ADMIN 608/BMS 402,MON,6,21LEM301T / IAF (ADMIN 608),Dr.N.Magesh Kumar
CS & GT,III Year,GT A,ADMIN 608,ADMIN 608/BMS 402,MON,7,21PDM301L / ALTS (ADMIN 608),Dr.N.Magesh Kumar
CS & GT,III Year,GT A,ADMIN 608,ADMIN 608/BMS 402,TUE,1,21MAB302T/ DM (ADMIN 608),Dr.N.Magesh Kumar
CS & GT,III Year,GT A,ADMIN 608,ADMIN 608/BMS 402,TUE,2,21CSC301T/ FLA (ADMIN 608),Dr.N.Magesh Kumar
CS & GT,III Year,GT A,ADMIN 608,ADMIN 608/BMS 402,TUE,3,21CSC302J / CN (ADMIN 608),Dr.N.Magesh Kumar
CS & GT,III Year,GT A,ADMIN 608,ADMIN 608/BMS 402,TUE,4,21CSE341T/ CG (ADMIN 608),Dr.N.Magesh Kumar
CS & GT,III Year,GT A,ADMIN 608,ADMIN 608/BMS 402,WED,1,21ECO101T / SRWC (ADMIN 608),Dr.N.Magesh Kumar
CS & GT,III Year,GT A,ADMIN 608,ADMIN 608/BMS 402,WED,2,21CSE341T/ CG (ADMIN 608),Dr.N.Magesh Kumar
CS & GT,III Year,GT A,ADMIN 608,ADMIN 608/BMS 402,WED,3,21MAB302T/ DM (ADMIN 608),Dr.N.Magesh Kumar
CS & GT,III Year,GT A,ADMIN 608,ADMIN 608/BMS 402,WED,4,21CSC301T/ FLA (ADMIN 608),Dr.N.Magesh Kumar
CS & GT,III Year,GT A,ADMIN 608,ADMIN 608/BMS 402,THU,2,21MAB302T/ DM (ADMIN 608),Dr.N.Magesh Kumar
CS & GT,III Year,GT A,ADMIN 608,ADMIN 608/BMS 402,THU,3,21CSC302J / CN (ADMIN 608),Dr.N.Magesh Kumar
CS & GT,III Year,GT A,ADMIN 608,ADMIN 608/BMS 402,THU,4,21ECO101T / SRWC (ADMIN 608),Dr.N.Magesh Kumar
CS & GT,III Year,GT A,ADMIN 608/BMS 402,ADMIN 608/BMS 402,FRI,1,21CSC307T/DLGA,Dr.N.Magesh Kumar
CS & GT,III Year,GT A,ADMIN 608/BMS 402,ADMIN 608/BMS 402,FRI,2,21CSC307T/DLGA,Dr.N.Magesh Kumar
CS & GT,III Year,GT A,ADMIN 608/BMS 402,ADMIN 608/BMS 402,FRI,3,21CSC307T/DLGA,Dr.N.Magesh Kumar
CS & GT,III Year,GT A,BMS 402,ADMIN 608/BMS 402,FRI,5,21CSC301T/ FLA (BMS 402),Dr.N.Magesh Kumar
CS & GT,III Year,GT A,BMS 402,ADMIN 608/BMS 402,FRI,7,21CSE341T/ CG (BMS 402),Dr.N.Magesh Kumar
CS & GT,III Year,GT A,BMS 402,ADMIN 608/BMS 402,FRI,8,21ECO101T / SRWC (BMS 402),Dr.N.Magesh Kumar
BIOTECH,III Year,III/VI/A,BLOCK III 401,"Rotation: BLOCK III 401, BLOCK III 403, BLOCK III 504",MON,1,21BTC304T       (BLOCK III 401),FACULTY OF ENGINEERING AND TECHNOLOGY
BIOTECH,III Year,III/VI/A,BLOCK III 401,"Rotation: BLOCK III 401, BLOCK III 403, BLOCK III 504",MON,2,21BTC306T                                                              (BLOCK III 401),FACULTY OF ENGINEERING AND TECHNOLOGY
BIOTECH,III Year,III/VI/A,Batch A,"Rotation: BLOCK III 401, BLOCK III 403, BLOCK III 504",MON,3,21BTC305L (Batch A),FACULTY OF ENGINEERING AND TECHNOLOGY
BIOTECH,III Year,III/VI/A,Batch A,"Rotation: BLOCK III 401, BLOCK III 403, BLOCK III 504",MON,4,21BTC305L (Batch A),FACULTY OF ENGINEERING AND TECHNOLOGY
BIOTECH,III Year,III/VI/A,"Rotation: BLOCK III 401, BLOCK III 403, BLOCK III 504","Rotation: BLOCK III 401, BLOCK III 403, BLOCK III 504",MON,5,21BTP302L,FACULTY OF ENGINEERING AND TECHNOLOGY
BIOTECH,III Year,III/VI/A,"Rotation: BLOCK III 401, BLOCK III 403, BLOCK III 504","Rotation: BLOCK III 401, BLOCK III 403, BLOCK III 504",MON,6,21BTP302L,FACULTY OF ENGINEERING AND TECHNOLOGY
BIOTECH,III Year,III/VI/A,BLOCK III 401,"Rotation: BLOCK III 401, BLOCK III 403, BLOCK III 504",TUE,1,21BTC306T         (BLOCK III 401),FACULTY OF ENGINEERING AND TECHNOLOGY
BIOTECH,III Year,III/VI/A,BLOCK III 401,"Rotation: BLOCK III 401, BLOCK III 403, BLOCK III 504",TUE,2,21LEM302T                                   (BLOCK III 401),FACULTY OF ENGINEERING AND TECHNOLOGY
BIOTECH,III Year,III/VI/A,BLOCK III 401,"Rotation: BLOCK III 401, BLOCK III 403, BLOCK III 504",TUE,3,21EIO132T                        (BLOCK III 401),FACULTY OF ENGINEERING AND TECHNOLOGY
BIOTECH,III Year,III/VI/A,BLOCK III 401,"Rotation: BLOCK III 401, BLOCK III 403, BLOCK III 504",TUE,4,21BTE202T / 21BTE409T             (BLOCK III 401),FACULTY OF ENGINEERING AND TECHNOLOGY
BIOTECH,III Year,III/VI/A,BLOCK III 401,"Rotation: BLOCK III 401, BLOCK III 403, BLOCK III 504",TUE,5,21PDM302L       (BLOCK III 401),FACULTY OF ENGINEERING AND TECHNOLOGY
BIOTECH,III Year,III/VI/A,BLOCK III 403,"Rotation: BLOCK III 401, BLOCK III 403, BLOCK III 504",WED,1,21EIO132T          (BLOCK III 403),FACULTY OF ENGINEERING AND TECHNOLOGY
BIOTECH,III Year,III/VI/A,BLOCK III 403,"Rotation: BLOCK III 401, BLOCK III 403, BLOCK III 504",WED,2,21BTC306T                                 (BLOCK III 403),FACULTY OF ENGINEERING AND TECHNOLOGY
BIOTECH,III Year,III/VI/A,BLOCK III 403,"Rotation: BLOCK III 401, BLOCK III 403, BLOCK III 504",WED,3,21BTE202T / 21BTE409T        (BLOCK III 403),FACULTY OF ENGINEERING AND TECHNOLOGY
BIOTECH,III Year,III/VI/A,BLOCK III 403,"Rotation: BLOCK III 401, BLOCK III 403, BLOCK III 504",WED,4,21BTC304T               (BLOCK III 403),FACULTY OF ENGINEERING AND TECHNOLOGY
BIOTECH,III Year,III/VI/A,"Rotation: BLOCK III 401, BLOCK III 403, BLOCK III 504","Rotation: BLOCK III 401, BLOCK III 403, BLOCK III 504",WED,5,CLUB ACTIVITY,FACULTY OF ENGINEERING AND TECHNOLOGY
BIOTECH,III Year,III/VI/A,"Rotation: BLOCK III 401, BLOCK III 403, BLOCK III 504","Rotation: BLOCK III 401, BLOCK III 403, BLOCK III 504",WED,6,21BTP302L,FACULTY OF ENGINEERING AND TECHNOLOGY
BIOTECH,III Year,III/VI/A,"Rotation: BLOCK III 401, BLOCK III 403, BLOCK III 504","Rotation: BLOCK III 401, BLOCK III 403, BLOCK III 504",WED,7,21BTP302L,FACULTY OF ENGINEERING AND TECHNOLOGY
BIOTECH,III Year,III/VI/A,BLOCK III 403,"Rotation: BLOCK III 401, BLOCK III 403, BLOCK III 504",THU,1,21CSS303T             (BLOCK III 403),FACULTY OF ENGINEERING AND TECHNOLOGY
BIOTECH,III Year,III/VI/A,BLOCK III 403,"Rotation: BLOCK III 401, BLOCK III 403, BLOCK III 504",THU,2,21BTE202T / 21BTE409T           (BLOCK III 403),FACULTY OF ENGINEERING AND TECHNOLOGY
BIOTECH,III Year,III/VI/A,Batch B,"Rotation: BLOCK III 401, BLOCK III 403, BLOCK III 504",THU,3,21BTC305L (Batch B),FACULTY OF ENGINEERING AND TECHNOLOGY
BIOTECH,III Year,III/VI/A,Batch B,"Rotation: BLOCK III 401, BLOCK III 403, BLOCK III 504",THU,4,21BTC305L (Batch B),FACULTY OF ENGINEERING AND TECHNOLOGY
BIOTECH,III Year,III/VI/A,"Rotation: BLOCK III 401, BLOCK III 403, BLOCK III 504","Rotation: BLOCK III 401, BLOCK III 403, BLOCK III 504",FRI,1,LIBRARY,FACULTY OF ENGINEERING AND TECHNOLOGY
BIOTECH,III Year,III/VI/A,"Rotation: BLOCK III 401, BLOCK III 403, BLOCK III 504","Rotation: BLOCK III 401, BLOCK III 403, BLOCK III 504",FRI,2,LIBRARY,FACULTY OF ENGINEERING AND TECHNOLOGY
BIOTECH,III Year,III/VI/A,BLOCK III 504,"Rotation: BLOCK III 401, BLOCK III 403, BLOCK III 504",FRI,3,21CSS303T              (BLOCK III 504),FACULTY OF ENGINEERING AND TECHNOLOGY
BIOTECH,III Year,III/VI/A,BLOCK III 504,"Rotation: BLOCK III 401, BLOCK III 403, BLOCK III 504",FRI,4,21BTC304T               (BLOCK III 504),FACULTY OF ENGINEERING AND TECHNOLOGY
BIOTECH,III Year,III/VI/A,BLOCK III 504,"Rotation: BLOCK III 401, BLOCK III 403, BLOCK III 504",FRI,5,21EIO132T          (BLOCK III 504),FACULTY OF ENGINEERING AND TECHNOLOGY
BIOTECH,III Year,III/VI/A,"Rotation: BLOCK III 401, BLOCK III 403, BLOCK III 504","Rotation: BLOCK III 401, BLOCK III 403, BLOCK III 504",FRI,6,21BTP302L,FACULTY OF ENGINEERING AND TECHNOLOGY
BIOTECH,III Year,III/VI/A,"Rotation: BLOCK III 401, BLOCK III 403, BLOCK III 504","Rotation: BLOCK III 401, BLOCK III 403, BLOCK III 504",FRI,7,21BTP302L,FACULTY OF ENGINEERING AND TECHNOLOGY
BIOTECH,III Year,III/VI/B,BLOCK III 504,"Rotation: BLOCK III 402, BLOCK III 504",MON,1,21PDM302L (BLOCK III 504),FACULTY OF ENGINEERING AND TECHNOLOGY
BIOTECH,III Year,III/VI/B,BLOCK III 504,"Rotation: BLOCK III 402, BLOCK III 504",MON,2,21EIO132T                 (BLOCK III 504),FACULTY OF ENGINEERING AND TECHNOLOGY
BIOTECH,III Year,III/VI/B,BLOCK III 504,"Rotation: BLOCK III 402, BLOCK III 504",MON,3,21BTC306T                (BLOCK III 504),FACULTY OF ENGINEERING AND TECHNOLOGY
BIOTECH,III Year,III/VI/B,"Rotation: BLOCK III 402, BLOCK III 504","Rotation: BLOCK III 402, BLOCK III 504",MON,4,21BTP302L,FACULTY OF ENGINEERING AND TECHNOLOGY
BIOTECH,III Year,III/VI/B,"Rotation: BLOCK III 402, BLOCK III 504","Rotation: BLOCK III 402, BLOCK III 504",MON,5,21BTP302L,FACULTY OF ENGINEERING AND TECHNOLOGY
BIOTECH,III Year,III/VI/B,"Rotation: BLOCK III 402, BLOCK III 504","Rotation: BLOCK III 402, BLOCK III 504",TUE,1,LIBRARY,FACULTY OF ENGINEERING AND TECHNOLOGY
BIOTECH,III Year,III/VI/B,"Rotation: BLOCK III 402, BLOCK III 504","Rotation: BLOCK III 402, BLOCK III 504",TUE,2,LIBRARY,FACULTY OF ENGINEERING AND TECHNOLOGY
BIOTECH,III Year,III/VI/B,BLOCK III 402,"Rotation: BLOCK III 402, BLOCK III 504",TUE,3,21LEM302T (BLOCK III 402),FACULTY OF ENGINEERING AND TECHNOLOGY
BIOTECH,III Year,III/VI/B,BLOCK III 402,"Rotation: BLOCK III 402, BLOCK III 504",TUE,4,21BTE202T / 21BTE409T   (BLOCK III 402),FACULTY OF ENGINEERING AND TECHNOLOGY
BIOTECH,III Year,III/VI/B,BLOCK III 402,"Rotation: BLOCK III 402, BLOCK III 504",TUE,5,21BTC304T (BLOCK III 402),FACULTY OF ENGINEERING AND TECHNOLOGY
BIOTECH,III Year,III/VI/B,BLOCK III 402,"Rotation: BLOCK III 402, BLOCK III 504",TUE,6,21CSS303T            (BLOCK III 402),FACULTY OF ENGINEERING AND TECHNOLOGY
BIOTECH,III Year,III/VI/B,BLOCK III 402,"Rotation: BLOCK III 402, BLOCK III 504",TUE,7,21BTC306T            (BLOCK III 402),FACULTY OF ENGINEERING AND TECHNOLOGY
BIOTECH,III Year,III/VI/B,"Rotation: BLOCK III 402, BLOCK III 504","Rotation: BLOCK III 402, BLOCK III 504",TUE,8,21BTP302L,FACULTY OF ENGINEERING AND TECHNOLOGY
BIOTECH,III Year,III/VI/B,"Rotation: BLOCK III 402, BLOCK III 504","Rotation: BLOCK III 402, BLOCK III 504",WED,1,LIBRARY,FACULTY OF ENGINEERING AND TECHNOLOGY
BIOTECH,III Year,III/VI/B,"Rotation: BLOCK III 402, BLOCK III 504","Rotation: BLOCK III 402, BLOCK III 504",WED,2,LIBRARY,FACULTY OF ENGINEERING AND TECHNOLOGY
BIOTECH,III Year,III/VI/B,BLOCK III 504,"Rotation: BLOCK III 402, BLOCK III 504",WED,3,21BTE202T / 21BTE409T       (BLOCK III 504),FACULTY OF ENGINEERING AND TECHNOLOGY
BIOTECH,III Year,III/VI/B,BLOCK III 504,"Rotation: BLOCK III 402, BLOCK III 504",WED,4,21BTC306T                (BLOCK III 504),FACULTY OF ENGINEERING AND TECHNOLOGY
BIOTECH,III Year,III/VI/B,"Rotation: BLOCK III 402, BLOCK III 504","Rotation: BLOCK III 402, BLOCK III 504",WED,5,CLUB ACTIVITY,FACULTY OF ENGINEERING AND TECHNOLOGY
BIOTECH,III Year,III/VI/B,BLOCK III 504,"Rotation: BLOCK III 402, BLOCK III 504",WED,6,21BTC304T (BLOCK III 504),FACULTY OF ENGINEERING AND TECHNOLOGY
BIOTECH,III Year,III/VI/B,BLOCK III 504,"Rotation: BLOCK III 402, BLOCK III 504",WED,7,21CSS303T            (BLOCK III 504),FACULTY OF ENGINEERING AND TECHNOLOGY
BIOTECH,III Year,III/VI/B,"Rotation: BLOCK III 402, BLOCK III 504","Rotation: BLOCK III 402, BLOCK III 504",WED,8,21BTP302L,FACULTY OF ENGINEERING AND TECHNOLOGY
BIOTECH,III Year,III/VI/B,BLOCK III 402,"Rotation: BLOCK III 402, BLOCK III 504",THU,1,21EIO132T          (BLOCK III 402),FACULTY OF ENGINEERING AND TECHNOLOGY
BIOTECH,III Year,III/VI/B,BLOCK III 402,"Rotation: BLOCK III 402, BLOCK III 504",THU,2,21BTE202T / 21BTE409T          (BLOCK III 402),FACULTY OF ENGINEERING AND TECHNOLOGY
BIOTECH,III Year,III/VI/B,Batch A,"Rotation: BLOCK III 402, BLOCK III 504",THU,3,21BTC305L (Batch A),FACULTY OF ENGINEERING AND TECHNOLOGY
BIOTECH,III Year,III/VI/B,Batch A,"Rotation: BLOCK III 402, BLOCK III 504",THU,4,21BTC305L (Batch A),FACULTY OF ENGINEERING AND TECHNOLOGY
BIOTECH,III Year,III/VI/B,"Rotation: BLOCK III 402, BLOCK III 504","Rotation: BLOCK III 402, BLOCK III 504",THU,5,21BTP302L,FACULTY OF ENGINEERING AND TECHNOLOGY
BIOTECH,III Year,III/VI/B,BLOCK III 402,"Rotation: BLOCK III 402, BLOCK III 504",FRI,1,21BTC304T             (BLOCK III 402),FACULTY OF ENGINEERING AND TECHNOLOGY
BIOTECH,III Year,III/VI/B,BLOCK III 402,"Rotation: BLOCK III 402, BLOCK III 504",FRI,2,21EIO132T         (BLOCK III 402),FACULTY OF ENGINEERING AND TECHNOLOGY
BIOTECH,III Year,III/VI/B,Batch B,"Rotation: BLOCK III 402, BLOCK III 504",FRI,3,21BTC305L (Batch B),FACULTY OF ENGINEERING AND TECHNOLOGY
BIOTECH,III Year,III/VI/B,Batch B,"Rotation: BLOCK III 402, BLOCK III 504",FRI,4,21BTC305L (Batch B),FACULTY OF ENGINEERING AND TECHNOLOGY
BIOTECH,III Year,III/VI/B,"Rotation: BLOCK III 402, BLOCK III 504","Rotation: BLOCK III 402, BLOCK III 504",FRI,5,21BTP302L,FACULTY OF ENGINEERING AND TECHNOLOGY
BIOTECH,II Year,II/IV/A,BATCH A,"Rotation: BLOCK III 401, BLOCK III 402, BLOCK III 403",MON,2,21BTC208L (BATCH A) / 21BTC210L (BATCH B),FACULTY OF ENGINEERING AND TECHNOLOGY
BIOTECH,II Year,II/IV/A,BLOCK III 504,"Rotation: BLOCK III 401, BLOCK III 402, BLOCK III 403",MON,3,21CSC206T            (BLOCK III 504),FACULTY OF ENGINEERING AND TECHNOLOGY
BIOTECH,II Year,II/IV/A,BATCH A,"Rotation: BLOCK III 401, BLOCK III 402, BLOCK III 403",MON,4,21CHS252J (BATCH A),FACULTY OF ENGINEERING AND TECHNOLOGY
BIOTECH,II Year,II/IV/A,BATCH B,"Rotation: BLOCK III 401, BLOCK III 402, BLOCK III 403",TUE,2,21BTC208L (BATCH B) / 21BTC210L (BATCH A),FACULTY OF ENGINEERING AND TECHNOLOGY
BIOTECH,II Year,II/IV/A,BLOCK III 402,"Rotation: BLOCK III 401, BLOCK III 402, BLOCK III 403",TUE,3,21BTE204T (BLOCK III 402),FACULTY OF ENGINEERING AND TECHNOLOGY
BIOTECH,II Year,II/IV/A,BLOCK III 402,"Rotation: BLOCK III 401, BLOCK III 402, BLOCK III 403",TUE,4,21LEM202T            (BLOCK III 402),FACULTY OF ENGINEERING AND TECHNOLOGY
BIOTECH,II Year,II/IV/A,BLOCK III 401,"Rotation: BLOCK III 401, BLOCK III 402, BLOCK III 403",WED,1,21BTC207T                    (BLOCK III 401),FACULTY OF ENGINEERING AND TECHNOLOGY
BIOTECH,II Year,II/IV/A,BLOCK III 401,"Rotation: BLOCK III 401, BLOCK III 402, BLOCK III 403",WED,2,21PDM202L (BLOCK III 401),FACULTY OF ENGINEERING AND TECHNOLOGY
BIOTECH,II Year,II/IV/A,"Rotation: BLOCK III 401, BLOCK III 402, BLOCK III 403","Rotation: BLOCK III 401, BLOCK III 402, BLOCK III 403",WED,3,CLUB ACTIVITY,FACULTY OF ENGINEERING AND TECHNOLOGY
BIOTECH,II Year,II/IV/A,BLOCK III 401,"Rotation: BLOCK III 401, BLOCK III 402, BLOCK III 403",THU,1,21BTC207T                 (BLOCK III 401),FACULTY OF ENGINEERING AND TECHNOLOGY
BIOTECH,II Year,II/IV/A,BLOCK III 401,"Rotation: BLOCK III 401, BLOCK III 402, BLOCK III 403",THU,2,21CHS252J                 (BLOCK III 401),FACULTY OF ENGINEERING AND TECHNOLOGY
BIOTECH,II Year,II/IV/A,BLOCK III 401,"Rotation: BLOCK III 401, BLOCK III 402, BLOCK III 403",THU,3,21PDH209T (BLOCK III 401),FACULTY OF ENGINEERING AND TECHNOLOGY
BIOTECH,II Year,II/IV/A,BATCH B,"Rotation: BLOCK III 401, BLOCK III 402, BLOCK III 403",THU,4,21CHS252J (BATCH B),FACULTY OF ENGINEERING AND TECHNOLOGY
BIOTECH,II Year,II/IV/A,BLOCK III 403,"Rotation: BLOCK III 401, BLOCK III 402, BLOCK III 403",FRI,1,21CSC206T                 (BLOCK III 403),FACULTY OF ENGINEERING AND TECHNOLOGY
BIOTECH,II Year,II/IV/A,BLOCK III 403,"Rotation: BLOCK III 401, BLOCK III 402, BLOCK III 403",FRI,2,21CHS252J                 (BLOCK III 403),FACULTY OF ENGINEERING AND TECHNOLOGY
BIOTECH,II Year,II/IV/A,BLOCK III 403,"Rotation: BLOCK III 401, BLOCK III 402, BLOCK III 403",FRI,3,21BTC209T                 (BLOCK III 403),FACULTY OF ENGINEERING AND TECHNOLOGY
BIOTECH,II Year,II/IV/B,BLOCK III 403,"Rotation: BLOCK III 401, BLOCK III 403, BLOCK III 504",MON,1,21BTE204T                  (BLOCK III 403),FACULTY OF ENGINEERING AND TECHNOLOGY
BIOTECH,II Year,II/IV/B,BLOCK III 403,"Rotation: BLOCK III 401, BLOCK III 403, BLOCK III 504",MON,2,21BTC207T                  (BLOCK III 403),FACULTY OF ENGINEERING AND TECHNOLOGY
BIOTECH,II Year,II/IV/B,BLOCK III 403,"Rotation: BLOCK III 401, BLOCK III 403, BLOCK III 504",MON,3,21CHS252J                  (BLOCK III 403),FACULTY OF ENGINEERING AND TECHNOLOGY
BIOTECH,II Year,II/IV/B,"Rotation: BLOCK III 401, BLOCK III 403, BLOCK III 504","Rotation: BLOCK III 401, BLOCK III 403, BLOCK III 504",MON,4,LIBRARY,FACULTY OF ENGINEERING AND TECHNOLOGY
BIOTECH,II Year,II/IV/B,BLOCK III 403,"Rotation: BLOCK III 401, BLOCK III 403, BLOCK III 504",TUE,1,21BTE204T               (BLOCK III 403),FACULTY OF ENGINEERING AND TECHNOLOGY
BIOTECH,II Year,II/IV/B,BLOCK III 403,"Rotation: BLOCK III 401, BLOCK III 403, BLOCK III 504",TUE,2,21CSC206T                   (BLOCK III 403),FACULTY OF ENGINEERING AND TECHNOLOGY
BIOTECH,II Year,II/IV/B,BLOCK III 403,"Rotation: BLOCK III 401, BLOCK III 403, BLOCK III 504",TUE,3,21CHS252J  (BLOCK III 403),FACULTY OF ENGINEERING AND TECHNOLOGY
BIOTECH,II Year,II/IV/B,BLOCK III 403,"Rotation: BLOCK III 401, BLOCK III 403, BLOCK III 504",TUE,4,21BTC207T  (BLOCK III 403),FACULTY OF ENGINEERING AND TECHNOLOGY
BIOTECH,II Year,II/IV/B,BATCH A,"Rotation: BLOCK III 401, BLOCK III 403, BLOCK III 504",TUE,5,21BTC208L (BATCH A) / 21BTC210L (BATCH B),FACULTY OF ENGINEERING AND TECHNOLOGY
BIOTECH,II Year,II/IV/B,BLOCK III 504,"Rotation: BLOCK III 401, BLOCK III 403, BLOCK III 504",WED,1,21BTC207T          (BLOCK III 504),FACULTY OF ENGINEERING AND TECHNOLOGY
BIOTECH,II Year,II/IV/B,BLOCK III 504,"Rotation: BLOCK III 401, BLOCK III 403, BLOCK III 504",WED,2,21BTC209T         (BLOCK III 504),FACULTY OF ENGINEERING AND TECHNOLOGY
BIOTECH,II Year,II/IV/B,BATCH B,"Rotation: BLOCK III 401, BLOCK III 403, BLOCK III 504",WED,3,21BTC208L (BATCH B) / 21BTC210L (BATCH A),FACULTY OF ENGINEERING AND TECHNOLOGY
BIOTECH,II Year,II/IV/B,"Rotation: BLOCK III 401, BLOCK III 403, BLOCK III 504","Rotation: BLOCK III 401, BLOCK III 403, BLOCK III 504",WED,4,CLUB ACTIVITY,FACULTY OF ENGINEERING AND TECHNOLOGY
BIOTECH,II Year,II/IV/B,BATCH B,"Rotation: BLOCK III 401, BLOCK III 403, BLOCK III 504",WED,5,21BTC208L (BATCH B) / 21BTC210L (BATCH A),FACULTY OF ENGINEERING AND TECHNOLOGY
BIOTECH,II Year,II/IV/B,"Rotation: BLOCK III 401, BLOCK III 403, BLOCK III 504","Rotation: BLOCK III 401, BLOCK III 403, BLOCK III 504",WED,6,21LEM202T,FACULTY OF ENGINEERING AND TECHNOLOGY
BIOTECH,II Year,II/IV/B,BLOCK III 504,"Rotation: BLOCK III 401, BLOCK III 403, BLOCK III 504",THU,1,21CSC206T  (BLOCK III 504),FACULTY OF ENGINEERING AND TECHNOLOGY
BIOTECH,II Year,II/IV/B,BLOCK III 504,"Rotation: BLOCK III 401, BLOCK III 403, BLOCK III 504",THU,2,21BTC209T            (BLOCK III 504),FACULTY OF ENGINEERING AND TECHNOLOGY
BIOTECH,II Year,II/IV/B,BLOCK III 504,"Rotation: BLOCK III 401, BLOCK III 403, BLOCK III 504",THU,3,21PDH209T (BLOCK III 504),FACULTY OF ENGINEERING AND TECHNOLOGY
BIOTECH,II Year,II/IV/B,BATCH A,"Rotation: BLOCK III 401, BLOCK III 403, BLOCK III 504",THU,4,21CHS252J (BATCH A),FACULTY OF ENGINEERING AND TECHNOLOGY
BIOTECH,II Year,II/IV/B,"Rotation: BLOCK III 401, BLOCK III 403, BLOCK III 504","Rotation: BLOCK III 401, BLOCK III 403, BLOCK III 504",THU,5,21LEM202T,FACULTY OF ENGINEERING AND TECHNOLOGY
BIOTECH,II Year,II/IV/B,"Rotation: BLOCK III 401, BLOCK III 403, BLOCK III 504","Rotation: BLOCK III 401, BLOCK III 403, BLOCK III 504",THU,6,21LEM202T,FACULTY OF ENGINEERING AND TECHNOLOGY
BIOTECH,II Year,II/IV/B,BLOCK III 401,"Rotation: BLOCK III 401, BLOCK III 403, BLOCK III 504",FRI,1,21CSC206T           (BLOCK III 401),FACULTY OF ENGINEERING AND TECHNOLOGY
BIOTECH,II Year,II/IV/B,BLOCK III 401,"Rotation: BLOCK III 401, BLOCK III 403, BLOCK III 504",FRI,2,21BTE204T         (BLOCK III 401),FACULTY OF ENGINEERING AND TECHNOLOGY
BIOTECH,II Year,II/IV/B,BLOCK III 401,"Rotation: BLOCK III 401, BLOCK III 403, BLOCK III 504",FRI,3,21BTC209T            (BLOCK III 401),FACULTY OF ENGINEERING AND TECHNOLOGY
BIOTECH,II Year,II/IV/B,BLOCK III 401,"Rotation: BLOCK III 401, BLOCK III 403, BLOCK III 504",FRI,4,21CHS252J           (BLOCK III 401),FACULTY OF ENGINEERING AND TECHNOLOGY
BIOTECH,II Year,II/IV/B,BLOCK III 401,"Rotation: BLOCK III 401, BLOCK III 403, BLOCK III 504",FRI,5,21PDM202L (BLOCK III 401),FACULTY OF ENGINEERING AND TECHNOLOGY
BIOTECH,II Year,II/IV/B,BATCH B,"Rotation: BLOCK III 401, BLOCK III 403, BLOCK III 504",FRI,6,21CHS252J (BATCH B),FACULTY OF ENGINEERING AND TECHNOLOGY
BIOTECH,I Year,I/II/A,ADMIN 704,ADMIN 704,MON,2,21MES102L,FACULTY OF ENGINEERING AND TECHNOLOGY
BIOTECH,I Year,I/II/A,ADMIN 704,ADMIN 704,MON,3,21CYB101J (LAB),FACULTY OF ENGINEERING AND TECHNOLOGY
BIOTECH,I Year,I/II/A,ADMIN 704,ADMIN 704,MON,4,21CYM101T,FACULTY OF ENGINEERING AND TECHNOLOGY
BIOTECH,I Year,I/II/A,ADMIN 704,ADMIN 704,TUE,2,21MAB102T,FACULTY OF ENGINEERING AND TECHNOLOGY
BIOTECH,I Year,I/II/A,ADMIN 704,ADMIN 704,TUE,3,21BTC101T,FACULTY OF ENGINEERING AND TECHNOLOGY
BIOTECH,I Year,I/II/A,BMS LAB 7,ADMIN 704,TUE,4,21CSS101J (BMS LAB 7),FACULTY OF ENGINEERING AND TECHNOLOGY
BIOTECH,I Year,I/II/A,ADMIN 704,ADMIN 704,WED,1,21MAB102T,FACULTY OF ENGINEERING AND TECHNOLOGY
BIOTECH,I Year,I/II/A,ADMIN 704,ADMIN 704,WED,2,TUTORIAL,FACULTY OF ENGINEERING AND TECHNOLOGY
BIOTECH,I Year,I/II/A,ADMIN 704,ADMIN 704,WED,3,CLUB ACTIVITY,FACULTY OF ENGINEERING AND TECHNOLOGY
BIOTECH,I Year,I/II/A,ADMIN 704,ADMIN 704,WED,4,21CSS101J,FACULTY OF ENGINEERING AND TECHNOLOGY
BIOTECH,I Year,I/II/A,ADMIN 704,ADMIN 704,THU,1,21BTB105T,FACULTY OF ENGINEERING AND TECHNOLOGY
BIOTECH,I Year,I/II/A,ADMIN 704,ADMIN 704,THU,2,21MAB102T,FACULTY OF ENGINEERING AND TECHNOLOGY
BIOTECH,I Year,I/II/A,ADMIN 704,ADMIN 704,THU,3,LIBRARY,FACULTY OF ENGINEERING AND TECHNOLOGY
BIOTECH,I Year,I/II/A,ADMIN 704,ADMIN 704,FRI,1,21MAB102T,FACULTY OF ENGINEERING AND TECHNOLOGY
BIOTECH,I Year,I/II/A,ADMIN 704,ADMIN 704,FRI,2,21CSS101J,FACULTY OF ENGINEERING AND TECHNOLOGY
BIOTECH,I Year,I/II/A,ADMIN 704,ADMIN 704,FRI,3,21CYB101J,FACULTY OF ENGINEERING AND TECHNOLOGY
BIOTECH,I Year,I/II/A,ADMIN 704,ADMIN 704,FRI,4,TUTORIAL,FACULTY OF ENGINEERING AND TECHNOLOGY
BIOTECH,I Year,I/II/B,ADMIN 801,ADMIN 801,MON,1,21BTC101T,FACULTY OF ENGINEERING AND TECHNOLOGY
BIOTECH,I Year,I/II/B,ADMIN 801,ADMIN 801,MON,2,21MAB102T,FACULTY OF ENGINEERING AND TECHNOLOGY
BIOTECH,I Year,I/II/B,ADMIN 801,ADMIN 801,MON,3,21CSS101J,FACULTY OF ENGINEERING AND TECHNOLOGY
BIOTECH,I Year,I/II/B,BMS LAB 7,ADMIN 801,MON,4,21CSS101J (BMS LAB 7),FACULTY OF ENGINEERING AND TECHNOLOGY
BIOTECH,I Year,I/II/B,ADMIN 801,ADMIN 801,TUE,1,21LEH101T,FACULTY OF ENGINEERING AND TECHNOLOGY
BIOTECH,I Year,I/II/B,ADMIN 801,ADMIN 801,TUE,2,21BTC101T,FACULTY OF ENGINEERING AND TECHNOLOGY
BIOTECH,I Year,I/II/B,ADMIN 801,ADMIN 801,TUE,3,21CYB101J (LAB),FACULTY OF ENGINEERING AND TECHNOLOGY
BIOTECH,I Year,I/II/B,ADMIN 801,ADMIN 801,TUE,4,21CYM101T,FACULTY OF ENGINEERING AND TECHNOLOGY
BIOTECH,I Year,I/II/B,ADMIN 801,ADMIN 801,WED,1,21BTC101T,FACULTY OF ENGINEERING AND TECHNOLOGY
BIOTECH,I Year,I/II/B,ADMIN 801,ADMIN 801,WED,2,21PDM102L,FACULTY OF ENGINEERING AND TECHNOLOGY
BIOTECH,I Year,I/II/B,ADMIN 801,ADMIN 801,WED,3,CLUB ACITVITY,FACULTY OF ENGINEERING AND TECHNOLOGY
BIOTECH,I Year,I/II/B,ADMIN 801,ADMIN 801,THU,1,21CSS101J,FACULTY OF ENGINEERING AND TECHNOLOGY
BIOTECH,I Year,I/II/B,ADMIN 801,ADMIN 801,THU,2,21MAB102T,FACULTY OF ENGINEERING AND TECHNOLOGY
BIOTECH,I Year,I/II/B,ADMIN 801,ADMIN 801,THU,3,21BTB105T,FACULTY OF ENGINEERING AND TECHNOLOGY
BIOTECH,I Year,I/II/B,ADMIN 801,ADMIN 801,THU,4,LIBRARY,FACULTY OF ENGINEERING AND TECHNOLOGY
BIOTECH,I Year,I/II/B,ADMIN 801,ADMIN 801,FRI,1,21CYB101J,FACULTY OF ENGINEERING AND TECHNOLOGY
BIOTECH,I Year,I/II/B,ADMIN 801,ADMIN 801,FRI,2,21BTB105T,FACULTY OF ENGINEERING AND TECHNOLOGY
BIOTECH,I Year,I/II/B,ADMIN 801,ADMIN 801,FRI,3,21MAB102T,FACULTY OF ENGINEERING AND TECHNOLOGY
Bio-Med,I Year,I/II/A,AD 702,AD 702,MON,1,21MAB102T,FACULTY OF ENGINEERING AND TECHNOLOGY
Bio-Med,I Year,I/II/A,AD 702,AD 702,MON,2,21CYB101J,FACULTY OF ENGINEERING AND TECHNOLOGY
Bio-Med,I Year,I/II/A,AD 702,AD 702,MON,3,21LEM101T,FACULTY OF ENGINEERING AND TECHNOLOGY
Bio-Med,I Year,I/II/A,AD 702,AD 702,MON,4,COUNSELLING,FACULTY OF ENGINEERING AND TECHNOLOGY
Bio-Med,I Year,I/II/A,AD 702,AD 702,TUE,2,21MES101L,FACULTY OF ENGINEERING AND TECHNOLOGY
Bio-Med,I Year,I/II/A,AD 702,AD 702,TUE,3,21CSS101J,FACULTY OF ENGINEERING AND TECHNOLOGY
Bio-Med,I Year,I/II/A,AD 702,AD 702,TUE,4,21CYM101T,FACULTY OF ENGINEERING AND TECHNOLOGY
Bio-Med,I Year,I/II/A,AD 702,AD 702,WED,2,21CYB101J,FACULTY OF ENGINEERING AND TECHNOLOGY
Bio-Med,I Year,I/II/A,AD 702,AD 702,THU,1,21LEH101T,FACULTY OF ENGINEERING AND TECHNOLOGY
Bio-Med,I Year,I/II/A,AD 702,AD 702,THU,2,21MAB102T,FACULTY OF ENGINEERING AND TECHNOLOGY
Bio-Med,I Year,I/II/A,AD 702,AD 702,THU,3,21CYB101J,FACULTY OF ENGINEERING AND TECHNOLOGY
Bio-Med,I Year,I/II/A,AD 702,AD 702,THU,4,21CSS101J,FACULTY OF ENGINEERING AND TECHNOLOGY
Bio-Med,I Year,I/II/A,AD 702,AD 702,FRI,1,21MAB102T,FACULTY OF ENGINEERING AND TECHNOLOGY
Bio-Med,I Year,I/II/A,AD 702,AD 702,FRI,2,21CYB101J,FACULTY OF ENGINEERING AND TECHNOLOGY
Bio-Med,I Year,I/II/A,AD 702,AD 702,FRI,3,21MAB102T,FACULTY OF ENGINEERING AND TECHNOLOGY
Bio-Med,I Year,I/II/A,AD 701,AD 701,MON,1,21MAB102T,FACULTY OF ENGINEERING AND TECHNOLOGY
Bio-Med,I Year,I/II/A,AD 701,AD 701,MON,2,21CYB101J,FACULTY OF ENGINEERING AND TECHNOLOGY
Bio-Med,I Year,I/II/A,AD 701,AD 701,MON,3,21CSS101J,FACULTY OF ENGINEERING AND TECHNOLOGY
Bio-Med,I Year,I/II/A,AD 701,AD 701,TUE,1,21BTB104T,FACULTY OF ENGINEERING AND TECHNOLOGY
Bio-Med,I Year,I/II/A,AD 701,AD 701,TUE,2,21MAB102T,FACULTY OF ENGINEERING AND TECHNOLOGY
Bio-Med,I Year,I/II/A,AD 701,AD 701,TUE,3,SEMINAR,FACULTY OF ENGINEERING AND TECHNOLOGY
Bio-Med,I Year,I/II/A,AD 701,AD 701,TUE,4,LIBRARY,FACULTY OF ENGINEERING AND TECHNOLOGY
Bio-Med,I Year,I/II/A,AD 701,AD 701,WED,2,21LEH101T,FACULTY OF ENGINEERING AND TECHNOLOGY
Bio-Med,I Year,I/II/A,AD 701,AD 701,WED,4,21CYM101T,FACULTY OF ENGINEERING AND TECHNOLOGY
Bio-Med,I Year,I/II/A,AD 701,AD 701,THU,1,21MAB102T,FACULTY OF ENGINEERING AND TECHNOLOGY
Bio-Med,I Year,I/II/A,AD 701,AD 701,THU,2,21CSS101J LAB,FACULTY OF ENGINEERING AND TECHNOLOGY
Bio-Med,I Year,I/II/A,AD 701,AD 701,THU,3,21LEH101T,FACULTY OF ENGINEERING AND TECHNOLOGY
Bio-Med,I Year,I/II/A,AD 701,AD 701,FRI,1,21CYB101J,FACULTY OF ENGINEERING AND TECHNOLOGY
Bio-Med,I Year,I/II/A,AD 701,AD 701,FRI,2,21PDM102L,FACULTY OF ENGINEERING AND TECHNOLOGY
Bio-Med,I Year,I/II/A,AD 701,AD 701,FRI,3,21BTB104T,FACULTY OF ENGINEERING AND TECHNOLOGY
Bio-Med,I Year,I/II/A,AD 701,AD 701,FRI,4,DEPARTMENT ACTIVITY,FACULTY OF ENGINEERING AND TECHNOLOGY
Bio-Med,II Year,II/III/A,"Rotation: LH 401, LH 402, LH 403","Rotation: LH 401, LH 402, LH 403",MON,1,21BMC205J/21BMC207J,FACULTY OF ENGINEERING AND TECHNOLOGY
Bio-Med,II Year,II/III/A,"Rotation: LH 401, LH 402, LH 403","Rotation: LH 401, LH 402, LH 403",MON,2,21LEM202T           LH 401,FACULTY OF ENGINEERING AND TECHNOLOGY
Bio-Med,II Year,II/III/A,"Rotation: LH 401, LH 402, LH 403","Rotation: LH 401, LH 402, LH 403",MON,3,21BMC206J                   LH 401,FACULTY OF ENGINEERING AND TECHNOLOGY
Bio-Med,II Year,II/III/A,"Rotation: LH 401, LH 402, LH 403","Rotation: LH 401, LH 402, LH 403",MON,4,21MAB202T      LH 401,FACULTY OF ENGINEERING AND TECHNOLOGY
Bio-Med,II Year,II/III/A,"Rotation: LH 401, LH 402, LH 403","Rotation: LH 401, LH 402, LH 403",MON,5,21BME264T       LH 401,FACULTY OF ENGINEERING AND TECHNOLOGY
Bio-Med,II Year,II/III/A,"Rotation: LH 401, LH 402, LH 403","Rotation: LH 401, LH 402, LH 403",MON,6,21CSE206T          LH 401,FACULTY OF ENGINEERING AND TECHNOLOGY
Bio-Med,II Year,II/III/A,"Rotation: LH 401, LH 402, LH 403","Rotation: LH 401, LH 402, LH 403",TUE,1,21LEM202T                  LH 402,FACULTY OF ENGINEERING AND TECHNOLOGY
Bio-Med,II Year,II/III/A,"Rotation: LH 401, LH 402, LH 403","Rotation: LH 401, LH 402, LH 403",TUE,2,21BMC207J                    LH 402,FACULTY OF ENGINEERING AND TECHNOLOGY
Bio-Med,II Year,II/III/A,"Rotation: LH 401, LH 402, LH 403","Rotation: LH 401, LH 402, LH 403",TUE,3,21BMC207J/21BMC206J,FACULTY OF ENGINEERING AND TECHNOLOGY
Bio-Med,II Year,II/III/A,"Rotation: LH 401, LH 402, LH 403","Rotation: LH 401, LH 402, LH 403",TUE,4,21PDM202L                       LH 403,FACULTY OF ENGINEERING AND TECHNOLOGY
Bio-Med,II Year,II/III/A,"Rotation: LH 401, LH 402, LH 403","Rotation: LH 401, LH 402, LH 403",TUE,5,21MAB202T      LH 403,FACULTY OF ENGINEERING AND TECHNOLOGY
Bio-Med,II Year,II/III/A,"Rotation: LH 401, LH 402, LH 403","Rotation: LH 401, LH 402, LH 403",TUE,6,21CSE206T    LH 403,FACULTY OF ENGINEERING AND TECHNOLOGY
Bio-Med,II Year,II/III/A,"Rotation: LH 401, LH 402, LH 403","Rotation: LH 401, LH 402, LH 403",WED,1,21MAB202T                 LH 402,FACULTY OF ENGINEERING AND TECHNOLOGY
Bio-Med,II Year,II/III/A,"Rotation: LH 401, LH 402, LH 403","Rotation: LH 401, LH 402, LH 403",WED,2,21CSE206T                             LH 402,FACULTY OF ENGINEERING AND TECHNOLOGY
Bio-Med,II Year,II/III/A,"Rotation: LH 401, LH 402, LH 403","Rotation: LH 401, LH 402, LH 403",WED,3,21BME264T         LH 402,FACULTY OF ENGINEERING AND TECHNOLOGY
Bio-Med,II Year,II/III/A,"Rotation: LH 401, LH 402, LH 403","Rotation: LH 401, LH 402, LH 403",WED,4,21LEM202T           LH 402,FACULTY OF ENGINEERING AND TECHNOLOGY
Bio-Med,II Year,II/III/A,"Rotation: LH 401, LH 402, LH 403","Rotation: LH 401, LH 402, LH 403",WED,5,21BMC205J LH 402,FACULTY OF ENGINEERING AND TECHNOLOGY
Bio-Med,II Year,II/III/A,"Rotation: LH 401, LH 402, LH 403","Rotation: LH 401, LH 402, LH 403",WED,6,21BMC206J   LH 402,FACULTY OF ENGINEERING AND TECHNOLOGY
Bio-Med,II Year,II/III/A,"Rotation: LH 401, LH 402, LH 403","Rotation: LH 401, LH 402, LH 403",WED,7,21BMC205J LH 402,FACULTY OF ENGINEERING AND TECHNOLOGY
Bio-Med,II Year,II/III/A,"Rotation: LH 401, LH 402, LH 403","Rotation: LH 401, LH 402, LH 403",THU,1,SEMINAR,FACULTY OF ENGINEERING AND TECHNOLOGY
Bio-Med,II Year,II/III/A,"Rotation: LH 401, LH 402, LH 403","Rotation: LH 401, LH 402, LH 403",THU,2,SEMINAR,FACULTY OF ENGINEERING AND TECHNOLOGY
Bio-Med,II Year,II/III/A,"Rotation: LH 401, LH 402, LH 403","Rotation: LH 401, LH 402, LH 403",THU,3,21BMC205J           LH 402,FACULTY OF ENGINEERING AND TECHNOLOGY
Bio-Med,II Year,II/III/A,"Rotation: LH 401, LH 402, LH 403","Rotation: LH 401, LH 402, LH 403",THU,4,21MAB202T        LH 402,FACULTY OF ENGINEERING AND TECHNOLOGY
Bio-Med,II Year,II/III/A,"Rotation: LH 401, LH 402, LH 403","Rotation: LH 401, LH 402, LH 403",THU,5,21BMC206J       LH 402,FACULTY OF ENGINEERING AND TECHNOLOGY
Bio-Med,II Year,II/III/A,"Rotation: LH 401, LH 402, LH 403","Rotation: LH 401, LH 402, LH 403",THU,6,21BME264T       LH 402,FACULTY OF ENGINEERING AND TECHNOLOGY
Bio-Med,II Year,II/III/A,"Rotation: LH 401, LH 402, LH 403","Rotation: LH 401, LH 402, LH 403",THU,7,21BMC207J LH 402,FACULTY OF ENGINEERING AND TECHNOLOGY
Bio-Med,II Year,II/III/A,"Rotation: LH 401, LH 402, LH 403","Rotation: LH 401, LH 402, LH 403",FRI,1,21PDH201T                                                        LH 504,FACULTY OF ENGINEERING AND TECHNOLOGY
Bio-Med,II Year,II/III/A,"Rotation: LH 401, LH 402, LH 403","Rotation: LH 401, LH 402, LH 403",FRI,2,21BMC205J/21BMC206J,FACULTY OF ENGINEERING AND TECHNOLOGY
Bio-Med,II Year,II/III/A,"Rotation: LH 401, LH 402, LH 403","Rotation: LH 401, LH 402, LH 403",FRI,3,DEPARTMENT ACTIVITY,FACULTY OF ENGINEERING AND TECHNOLOGY
Bio-Med,III Year,III/V/A,"Rotation: LH 402, LH 403, LH 504","Rotation: LH 402, LH 403, LH 504",MON,1,21BMC305T               LH 402,FACULTY OF ENGINEERING AND TECHNOLOGY
Bio-Med,III Year,III/V/A,"Rotation: LH 402, LH 403, LH 504","Rotation: LH 402, LH 403, LH 504",MON,2,21BME361T                      LH 402,FACULTY OF ENGINEERING AND TECHNOLOGY
Bio-Med,III Year,III/V/A,"Rotation: LH 402, LH 403, LH 504","Rotation: LH 402, LH 403, LH 504",MON,3,21EE0302T            LH 402,FACULTY OF ENGINEERING AND TECHNOLOGY
Bio-Med,III Year,III/V/A,"Rotation: LH 402, LH 403, LH 504","Rotation: LH 402, LH 403, LH 504",TUE,1,21BMC305T                 LH 504,FACULTY OF ENGINEERING AND TECHNOLOGY
Bio-Med,III Year,III/V/A,"Rotation: LH 402, LH 403, LH 504","Rotation: LH 402, LH 403, LH 504",TUE,2,21BMC305T                 LH 504,FACULTY OF ENGINEERING AND TECHNOLOGY
Bio-Med,III Year,III/V/A,"Rotation: LH 402, LH 403, LH 504","Rotation: LH 402, LH 403, LH 504",TUE,3,21BMP302L                LH 504,FACULTY OF ENGINEERING AND TECHNOLOGY
Bio-Med,III Year,III/V/A,"Rotation: LH 402, LH 403, LH 504","Rotation: LH 402, LH 403, LH 504",TUE,4,21BMP302L    LH 504,FACULTY OF ENGINEERING AND TECHNOLOGY
Bio-Med,III Year,III/V/A,"Rotation: LH 402, LH 403, LH 504","Rotation: LH 402, LH 403, LH 504",WED,1,SEMINAR,FACULTY OF ENGINEERING AND TECHNOLOGY
Bio-Med,III Year,III/V/A,"Rotation: LH 402, LH 403, LH 504","Rotation: LH 402, LH 403, LH 504",WED,2,21BMP302L,FACULTY OF ENGINEERING AND TECHNOLOGY
Bio-Med,III Year,III/V/A,"Rotation: LH 402, LH 403, LH 504","Rotation: LH 402, LH 403, LH 504",WED,4,21PDM302L                                       LH 403,FACULTY OF ENGINEERING AND TECHNOLOGY
Bio-Med,III Year,III/V/A,"Rotation: LH 402, LH 403, LH 504","Rotation: LH 402, LH 403, LH 504",THU,2,21BME361T                      LH 403,FACULTY OF ENGINEERING AND TECHNOLOGY
Bio-Med,III Year,III/V/A,"Rotation: LH 402, LH 403, LH 504","Rotation: LH 402, LH 403, LH 504",THU,3,21BMC304J                LH 403,FACULTY OF ENGINEERING AND TECHNOLOGY
Bio-Med,III Year,III/V/A,"Rotation: LH 402, LH 403, LH 504","Rotation: LH 402, LH 403, LH 504",THU,4,21BMP302L    LH 403,FACULTY OF ENGINEERING AND TECHNOLOGY
Bio-Med,III Year,III/V/A,"Rotation: LH 402, LH 403, LH 504","Rotation: LH 402, LH 403, LH 504",FRI,1,SEMINAR,FACULTY OF ENGINEERING AND TECHNOLOGY
Bio-Med,III Year,III/V/A,"Rotation: LH 402, LH 403, LH 504","Rotation: LH 402, LH 403, LH 504",FRI,2,21BMC305T                 LH 402,FACULTY OF ENGINEERING AND TECHNOLOGY
Bio-Med,III Year,III/V/A,"Rotation: LH 402, LH 403, LH 504","Rotation: LH 402, LH 403, LH 504",FRI,3,21BMC304J                LH 402,FACULTY OF ENGINEERING AND TECHNOLOGY
Bio-Med,III Year,III/V/A,"Rotation: LH 402, LH 403, LH 504","Rotation: LH 402, LH 403, LH 504",FRI,4,DEPARTMENT ACTIVITY,FACULTY OF ENGINEERING AND TECHNOLOGY
Bio-Med,IV Year,IV/VIII/A,(Not specified),(Not specified),MON,1,21BMP401L,FACULTY OF ENGINEERING AND TECHNOLOGY
Bio-Med,IV Year,IV/VIII/A,(Not specified),(Not specified),MON,2,21BMP401L,FACULTY OF ENGINEERING AND TECHNOLOGY
Bio-Med,IV Year,IV/VIII/A,(Not specified),(Not specified),MON,3,21BMP401L,FACULTY OF ENGINEERING AND TECHNOLOGY
Bio-Med,IV Year,IV/VIII/A,(Not specified),(Not specified),TUE,1,21BMP401L,FACULTY OF ENGINEERING AND TECHNOLOGY
Bio-Med,IV Year,IV/VIII/A,(Not specified),(Not specified),TUE,2,21BMP401L,FACULTY OF ENGINEERING AND TECHNOLOGY
Bio-Med,IV Year,IV/VIII/A,(Not specified),(Not specified),TUE,3,21BMP401L,FACULTY OF ENGINEERING AND TECHNOLOGY
Bio-Med,IV Year,IV/VIII/A,(Not specified),(Not specified),WED,1,21BMP401L,FACULTY OF ENGINEERING AND TECHNOLOGY
Bio-Med,IV Year,IV/VIII/A,(Not specified),(Not specified),WED,2,21BMP401L,FACULTY OF ENGINEERING AND TECHNOLOGY
Bio-Med,IV Year,IV/VIII/A,(Not specified),(Not specified),WED,3,21BMP401L,FACULTY OF ENGINEERING AND TECHNOLOGY
Bio-Med,IV Year,IV/VIII/A,(Not specified),(Not specified),THU,1,21BMP401L,FACULTY OF ENGINEERING AND TECHNOLOGY
Bio-Med,IV Year,IV/VIII/A,(Not specified),(Not specified),THU,2,21BMP401L,FACULTY OF ENGINEERING AND TECHNOLOGY
Bio-Med,IV Year,IV/VIII/A,(Not specified),(Not specified),THU,3,21BMP401L,FACULTY OF ENGINEERING AND TECHNOLOGY
Bio-Med,IV Year,IV/VIII/A,(Not specified),(Not specified),FRI,1,21BMP401L,FACULTY OF ENGINEERING AND TECHNOLOGY
Bio-Med,IV Year,IV/VIII/A,(Not specified),(Not specified),FRI,2,21BMP401L,FACULTY OF ENGINEERING AND TECHNOLOGY
Bio-Med,IV Year,IV/VIII/A,(Not specified),(Not specified),FRI,3,21BMP401L,FACULTY OF ENGINEERING AND TECHNOLOGY
MECH,I Year,MECH A,ADMIN 307,"ADMIN - 7th Floor - CAD LAB, ADMIN 307, B-V - Chemistry Lab",MON,1,"21MES101T
(ADMIN 307)",
MECH,I Year,MECH A,ADMIN 307,"ADMIN - 7th Floor - CAD LAB, ADMIN 307, B-V - Chemistry Lab",MON,3,"21CYB101J
(ADMIN 307)",
MECH,I Year,MECH A,ADMIN 307,"ADMIN - 7th Floor - CAD LAB, ADMIN 307, B-V - Chemistry Lab",MON,4,"21CSS101J
(ADMIN 307)",
MECH,I Year,MECH A,ADMIN 307,"ADMIN - 7th Floor - CAD LAB, ADMIN 307, B-V - Chemistry Lab",MON,5,"21LEH101T
(ADMIN 307)",
MECH,I Year,MECH A,ADMIN - 7th Floor - CAD LAB,"ADMIN - 7th Floor - CAD LAB, ADMIN 307, B-V - Chemistry Lab",MON,6,"<--------------------21MES102L------------------>
(ADMIN - 7th Floor - CAD LAB)",
MECH,I Year,MECH A,ADMIN 307,"ADMIN - 7th Floor - CAD LAB, ADMIN 307, B-V - Chemistry Lab",TUE,1,"21CSS101J
(ADMIN 307)",
MECH,I Year,MECH A,ADMIN 307,"ADMIN - 7th Floor - CAD LAB, ADMIN 307, B-V - Chemistry Lab",TUE,2,"21BTB103T
(ADMIN 307)",
MECH,I Year,MECH A,ADMIN 307,"ADMIN - 7th Floor - CAD LAB, ADMIN 307, B-V - Chemistry Lab",TUE,3,"21LEH101T
(ADMIN 307)",
MECH,I Year,MECH A,ADMIN 307,"ADMIN - 7th Floor - CAD LAB, ADMIN 307, B-V - Chemistry Lab",TUE,4,"21MES101T
(ADMIN 307)",
MECH,I Year,MECH A,ADMIN 307,"ADMIN - 7th Floor - CAD LAB, ADMIN 307, B-V - Chemistry Lab",TUE,5,"21MAB102T 
(ADMIN 307)",
MECH,I Year,MECH A,ADMIN 307,"ADMIN - 7th Floor - CAD LAB, ADMIN 307, B-V - Chemistry Lab",TUE,6,"21CYB101J
(ADMIN 307)",
MECH,I Year,MECH A,ADMIN 307,"ADMIN - 7th Floor - CAD LAB, ADMIN 307, B-V - Chemistry Lab",WED,1,"21BTB103T
(ADMIN 307)",
MECH,I Year,MECH A,ADMIN 307,"ADMIN - 7th Floor - CAD LAB, ADMIN 307, B-V - Chemistry Lab",WED,2,"21MES101T
(ADMIN 307)",
MECH,I Year,MECH A,ADMIN 307,"ADMIN - 7th Floor - CAD LAB, ADMIN 307, B-V - Chemistry Lab",WED,3,"21CYB101J
(ADMIN 307)",
MECH,I Year,MECH A,ADMIN 307,"ADMIN - 7th Floor - CAD LAB, ADMIN 307, B-V - Chemistry Lab",WED,4,"21MAB102T 
(ADMIN 307)",
MECH,I Year,MECH A,"ADMIN - 7th Floor - CAD LAB, ADMIN 307, B-V - Chemistry Lab","ADMIN - 7th Floor - CAD LAB, ADMIN 307, B-V - Chemistry Lab",WED,5,Club Activities,
MECH,I Year,MECH A,ADMIN 307,"ADMIN - 7th Floor - CAD LAB, ADMIN 307, B-V - Chemistry Lab",WED,6,"21LEM101T  
(ADMIN 307)",
MECH,I Year,MECH A,B-V - Chemistry Lab,"ADMIN - 7th Floor - CAD LAB, ADMIN 307, B-V - Chemistry Lab",WED,7,"<--------21CYB101J (LAB)-------->
(B-V - Chemistry Lab)",
MECH,I Year,MECH A,ADMIN 307,"ADMIN - 7th Floor - CAD LAB, ADMIN 307, B-V - Chemistry Lab",THU,1,"21MAB102T 
(ADMIN 307)",
MECH,I Year,MECH A,ADMIN 307,"ADMIN - 7th Floor - CAD LAB, ADMIN 307, B-V - Chemistry Lab",THU,2,"21LEH101T
(ADMIN 307)",
MECH,I Year,MECH A,ADMIN 307,"ADMIN - 7th Floor - CAD LAB, ADMIN 307, B-V - Chemistry Lab",THU,3,"21PDM102L
(ADMIN 307)",
MECH,I Year,MECH A,ADMIN 307,"ADMIN - 7th Floor - CAD LAB, ADMIN 307, B-V - Chemistry Lab",THU,5,"21MAB102T (Tutorial)
(ADMIN 307)",
MECH,I Year,MECH A,"BMS 7th Floor, Programming LAB","ADMIN - 7th Floor - CAD LAB, ADMIN 307, B-V - Chemistry Lab",THU,7,"<-------21CSS101J (LAB)-------->
(BMS 7th Floor, Programming LAB)",
MECH,I Year,MECH A,ADMIN 307,"ADMIN - 7th Floor - CAD LAB, ADMIN 307, B-V - Chemistry Lab",FRI,1,"21CYB101J
(ADMIN 307)",
MECH,I Year,MECH A,ADMIN 307,"ADMIN - 7th Floor - CAD LAB, ADMIN 307, B-V - Chemistry Lab",FRI,2,"21CSS101J
(ADMIN 307)",
MECH,I Year,MECH A,ADMIN 307,"ADMIN - 7th Floor - CAD LAB, ADMIN 307, B-V - Chemistry Lab",FRI,3,"21MAB102T 
(ADMIN 307)",
MECH,I Year,MECH A,ADMIN 307,"ADMIN - 7th Floor - CAD LAB, ADMIN 307, B-V - Chemistry Lab",FRI,4,"21CYM101T
(ADMIN 307)",
MECH,II Year,MECH A,EB-HMT LAB,"ADMIN - 7th Floor - CAD LAB, EB - Dynamics Lab / EB-FM Lab, EB-HMT LAB",MON,1,"21LEM202T
(EB-HMT LAB)",
MECH,II Year,MECH A,EB-HMT LAB,"ADMIN - 7th Floor - CAD LAB, EB - Dynamics Lab / EB-FM Lab, EB-HMT LAB",MON,2,"21MEC205T 
(EB-HMT LAB)",
MECH,II Year,MECH A,EB-HMT LAB,"ADMIN - 7th Floor - CAD LAB, EB - Dynamics Lab / EB-FM Lab, EB-HMT LAB",MON,3,"21MEC206T
(EB-HMT LAB)",
MECH,II Year,MECH A,EB-HMT LAB / B-V - MP LAB,"ADMIN - 7th Floor - CAD LAB, EB - Dynamics Lab / EB-FM Lab, EB-HMT LAB",MON,4,"21MEE306T / 
21MEE209T
(EB-HMT LAB / 
B-V - MP LAB)",
MECH,II Year,MECH A,EB-HMT LAB,"ADMIN - 7th Floor - CAD LAB, EB - Dynamics Lab / EB-FM Lab, EB-HMT LAB",MON,5,"21MAB202T
(EB-HMT LAB)",
MECH,II Year,MECH A,EB-HMT LAB,"ADMIN - 7th Floor - CAD LAB, EB - Dynamics Lab / EB-FM Lab, EB-HMT LAB",MON,6,"21CSC206T
(EB-HMT LAB)",
MECH,II Year,MECH A,EB-HMT LAB,"ADMIN - 7th Floor - CAD LAB, EB - Dynamics Lab / EB-FM Lab, EB-HMT LAB",TUE,1,"21PDH209T
(EB-HMT LAB)",
MECH,II Year,MECH A,EB-HMT LAB,"ADMIN - 7th Floor - CAD LAB, EB - Dynamics Lab / EB-FM Lab, EB-HMT LAB",TUE,3,"21MEC205T 
(EB-HMT LAB)",
MECH,II Year,MECH A,EB-HMT LAB,"ADMIN - 7th Floor - CAD LAB, EB - Dynamics Lab / EB-FM Lab, EB-HMT LAB",TUE,4,"21MAB202T
(EB-HMT LAB)",
MECH,II Year,MECH A,EB-HMT LAB,"ADMIN - 7th Floor - CAD LAB, EB - Dynamics Lab / EB-FM Lab, EB-HMT LAB",TUE,5,"21PHM202L
(EB-HMT LAB)",
MECH,II Year,MECH A,EB - Dynamics Lab / EB-FM Lab,"ADMIN - 7th Floor - CAD LAB, EB - Dynamics Lab / EB-FM Lab, EB-HMT LAB",TUE,7,"21MEC203L /     21MEC204L
(EB - Dynamics Lab / EB-FM Lab)",
MECH,II Year,MECH A,ADMIN - 7th Floor - CAD LAB,"ADMIN - 7th Floor - CAD LAB, EB - Dynamics Lab / EB-FM Lab, EB-HMT LAB",WED,1,"<--------21MEC205LL------>
(ADMIN - 7th Floor - CAD LAB)",
MECH,II Year,MECH A,ADMIN - 7th Floor - CAD LAB,"ADMIN - 7th Floor - CAD LAB, EB - Dynamics Lab / EB-FM Lab, EB-HMT LAB",WED,3,"<-------21MEC205LL-------->
(ADMIN - 7th Floor - CAD LAB)",
MECH,II Year,MECH A,"ADMIN - 7th Floor - CAD LAB, EB - Dynamics Lab / EB-FM Lab, EB-HMT LAB","ADMIN - 7th Floor - CAD LAB, EB - Dynamics Lab / EB-FM Lab, EB-HMT LAB",WED,5,Club Activities,
MECH,II Year,MECH A,EB-HMT LAB,"ADMIN - 7th Floor - CAD LAB, EB - Dynamics Lab / EB-FM Lab, EB-HMT LAB",WED,6,"21LEM202T
(EB-HMT LAB)",
MECH,II Year,MECH A,EB - Dynamics Lab / EB-FM Lab,"ADMIN - 7th Floor - CAD LAB, EB - Dynamics Lab / EB-FM Lab, EB-HMT LAB",WED,7,"21MEC203L  /     21MEC204L
(EB - Dynamics Lab / EB-FM Lab)",
MECH,II Year,MECH A,EB-HMT LAB,"ADMIN - 7th Floor - CAD LAB, EB - Dynamics Lab / EB-FM Lab, EB-HMT LAB",THU,1,"21MEC205T 
(EB-HMT LAB)",
MECH,II Year,MECH A,EB-HMT LAB,"ADMIN - 7th Floor - CAD LAB, EB - Dynamics Lab / EB-FM Lab, EB-HMT LAB",THU,2,"21CSC206T
(EB-HMT LAB)",
MECH,II Year,MECH A,EB-HMT LAB,"ADMIN - 7th Floor - CAD LAB, EB - Dynamics Lab / EB-FM Lab, EB-HMT LAB",THU,3,"21MAB202T
(EB-HMT LAB)",
MECH,II Year,MECH A,EB-HMT LAB / B-V - MP LAB,"ADMIN - 7th Floor - CAD LAB, EB - Dynamics Lab / EB-FM Lab, EB-HMT LAB",THU,4,"21MEE306T / 
21MEE209T
(EB-HMT LAB / 
B-V - MP LAB)",
MECH,II Year,MECH A,EB-HMT LAB,"ADMIN - 7th Floor - CAD LAB, EB - Dynamics Lab / EB-FM Lab, EB-HMT LAB",FRI,1,"21MAB202T
(EB-HMT LAB)",
MECH,II Year,MECH A,EB-HMT LAB,"ADMIN - 7th Floor - CAD LAB, EB - Dynamics Lab / EB-FM Lab, EB-HMT LAB",FRI,2,"21LEM202T
(EB-HMT LAB)",
MECH,II Year,MECH A,EB-HMT LAB,"ADMIN - 7th Floor - CAD LAB, EB - Dynamics Lab / EB-FM Lab, EB-HMT LAB",FRI,3,"21CSC206T
(EB-HMT LAB)",
MECH,II Year,MECH A,EB-HMT LAB / B-V - MP LAB,"ADMIN - 7th Floor - CAD LAB, EB - Dynamics Lab / EB-FM Lab, EB-HMT LAB",FRI,4,"21MEE306T / 
21MEE209T
(EB-HMT LAB / 
B-V - MP LAB)",
MECH,II Year,MECH A,EB-HMT LAB,"ADMIN - 7th Floor - CAD LAB, EB - Dynamics Lab / EB-FM Lab, EB-HMT LAB",FRI,5,"21MEC206T
(EB-HMT LAB)",
MECH,III Year,MECH A,EB-HP LAB,"EB - HP LAB / B-V-MP LAB, EB-HMT LAB, EB-HMT LAB / ADMIN - CAD LAB",MON,1,"21LEM302T
(EB-HP LAB)",
MECH,III Year,MECH A,EB - HP LAB / B-V-MP LAB,"EB - HP LAB / B-V-MP LAB, EB-HMT LAB, EB-HMT LAB / ADMIN - CAD LAB",MON,2,"21AUO102T / 
21CEO306T
(EB - HP LAB / 
B-V-MP LAB)",
MECH,III Year,MECH A,EB-HP LAB,"EB - HP LAB / B-V-MP LAB, EB-HMT LAB, EB-HMT LAB / ADMIN - CAD LAB",MON,3,"<--------21MEC303T-------->
(EB-HP LAB)",
MECH,III Year,MECH A,EB-HP LAB,"EB - HP LAB / B-V-MP LAB, EB-HMT LAB, EB-HMT LAB / ADMIN - CAD LAB",MON,5,"21MEC303T
(EB-HP LAB)",
MECH,III Year,MECH A,EB-HP LAB,"EB - HP LAB / B-V-MP LAB, EB-HMT LAB, EB-HMT LAB / ADMIN - CAD LAB",MON,7,"<-----------21PDM302L---------->
(EB-HP LAB)",
MECH,III Year,MECH A,EB-HP LAB,"EB - HP LAB / B-V-MP LAB, EB-HMT LAB, EB-HMT LAB / ADMIN - CAD LAB",TUE,1,"21MEC302J
(EB-HP LAB)",
MECH,III Year,MECH A,EB-HP LAB,"EB - HP LAB / B-V-MP LAB, EB-HMT LAB, EB-HMT LAB / ADMIN - CAD LAB",TUE,2,"Placement Mentoring
(EB-HP LAB)",
MECH,III Year,MECH A,EB-HP LAB,"EB - HP LAB / B-V-MP LAB, EB-HMT LAB, EB-HMT LAB / ADMIN - CAD LAB",TUE,3,"21CSS303T
(EB-HP LAB)",
MECH,III Year,MECH A,EB - HP LAB / B-V-MP LAB,"EB - HP LAB / B-V-MP LAB, EB-HMT LAB, EB-HMT LAB / ADMIN - CAD LAB",TUE,4,"21AUO102T / 
21CEO306T
(EB - HP LAB / 
B-V-MP LAB)",
MECH,III Year,MECH A,EB-HP LAB,"EB - HP LAB / B-V-MP LAB, EB-HMT LAB, EB-HMT LAB / ADMIN - CAD LAB",TUE,5,"<--------21MEP302L-------->
(EB-HP LAB)",
MECH,III Year,MECH A,EB-HMT LAB / ADMIN - CAD LAB,"EB - HP LAB / B-V-MP LAB, EB-HMT LAB, EB-HMT LAB / ADMIN - CAD LAB",TUE,7,"21MEC301J / 21MEC302J (LAB)
(EB-HMT LAB / ADMIN - CAD LAB)",
MECH,III Year,MECH A,EB-HP LAB,"EB - HP LAB / B-V-MP LAB, EB-HMT LAB, EB-HMT LAB / ADMIN - CAD LAB",WED,1,"21CSS303T
(EB-HP LAB)",
MECH,III Year,MECH A,EB-HP LAB,"EB - HP LAB / B-V-MP LAB, EB-HMT LAB, EB-HMT LAB / ADMIN - CAD LAB",WED,2,"21MEC302J
(EB-HP LAB)",
MECH,III Year,MECH A,EB - HP LAB / B-V-MP LAB,"EB - HP LAB / B-V-MP LAB, EB-HMT LAB, EB-HMT LAB / ADMIN - CAD LAB",WED,3,"21MEE103T /
21MEE213T
(EB - HP LAB / 
B-V-MP LAB)",
MECH,III Year,MECH A,EB-HP LAB,"EB - HP LAB / B-V-MP LAB, EB-HMT LAB, EB-HMT LAB / ADMIN - CAD LAB",WED,4,"21MEC301J
(EB-HP LAB)",
MECH,III Year,MECH A,"EB - HP LAB / B-V-MP LAB, EB-HMT LAB, EB-HMT LAB / ADMIN - CAD LAB","EB - HP LAB / B-V-MP LAB, EB-HMT LAB, EB-HMT LAB / ADMIN - CAD LAB",WED,5,Club Activities,
MECH,III Year,MECH A,EB-HMT LAB,"EB - HP LAB / B-V-MP LAB, EB-HMT LAB, EB-HMT LAB / ADMIN - CAD LAB",WED,6,"Placement Mentoring
(EB-HMT LAB)",
MECH,III Year,MECH A,EB-HMT LAB / ADMIN - CAD LAB,"EB - HP LAB / B-V-MP LAB, EB-HMT LAB, EB-HMT LAB / ADMIN - CAD LAB",WED,7,"21MEC301J / 21MEC302J (LAB)
(EB-HMT LAB / ADMIN - CAD LAB)",
MECH,III Year,MECH A,EB-HP LAB,"EB - HP LAB / B-V-MP LAB, EB-HMT LAB, EB-HMT LAB / ADMIN - CAD LAB",THU,1,"21MEC302J
(EB-HP LAB)",
MECH,III Year,MECH A,EB-HP LAB,"EB - HP LAB / B-V-MP LAB, EB-HMT LAB, EB-HMT LAB / ADMIN - CAD LAB",THU,2,"21MEC301J
(EB-HP LAB)",
MECH,III Year,MECH A,EB - HP LAB / B-V-MP LAB,"EB - HP LAB / B-V-MP LAB, EB-HMT LAB, EB-HMT LAB / ADMIN - CAD LAB",THU,3,"21MEE103T /
21MEE213T
(EB - HP LAB / 
B-V-MP LAB)",
MECH,III Year,MECH A,EB-HP LAB,"EB - HP LAB / B-V-MP LAB, EB-HMT LAB, EB-HMT LAB / ADMIN - CAD LAB",THU,5,"<---------------------------21MEP302L-------------------------->
(EB-HP LAB)",
MECH,III Year,MECH A,EB-HP LAB,"EB - HP LAB / B-V-MP LAB, EB-HMT LAB, EB-HMT LAB / ADMIN - CAD LAB",FRI,1,"21MEC301J
(EB-HP LAB)",
MECH,III Year,MECH A,EB - HP LAB / B-V-MP LAB,"EB - HP LAB / B-V-MP LAB, EB-HMT LAB, EB-HMT LAB / ADMIN - CAD LAB",FRI,2,"21AUO102T / 
21CEO306T
(EB - HP LAB / 
B-V-MP LAB)",
MECH,III Year,MECH A,EB - HP LAB / B-V-MP LAB,"EB - HP LAB / B-V-MP LAB, EB-HMT LAB, EB-HMT LAB / ADMIN - CAD LAB",FRI,3,"21MEE103T /
21MEE213T
(EB - HP LAB / 
B-V-MP LAB)",
MECH,IV Year,MECH A,B-V - MP LAB,B-V - MP LAB,MON,1,"21MEP401L
(B-V - MP LAB)",
MECH,IV Year,MECH A,B-V - MP LAB,B-V - MP LAB,MON,3,"21MEP401L
(B-V - MP LAB)",
MECH,IV Year,MECH A,B-V - MP LAB,B-V - MP LAB,MON,5,"<-------------------------21MEP401L----------------------->
(B-V - MP LAB)",
MECH,IV Year,MECH A,B-V - MP LAB,B-V - MP LAB,TUE,1,"21MEP401L
(B-V - MP LAB)",
MECH,IV Year,MECH A,B-V - MP LAB,B-V - MP LAB,TUE,3,"21MEP401L
(B-V - MP LAB)",
MECH,IV Year,MECH A,B-V - MP LAB,B-V - MP LAB,TUE,5,"21MEP401L
(B-V - MP LAB)",
MECH,IV Year,MECH A,B-V - MP LAB,B-V - MP LAB,WED,1,"21MEP401L
(B-V - MP LAB)",
MECH,IV Year,MECH A,B-V - MP LAB,B-V - MP LAB,WED,3,"21MEP401L
(B-V - MP LAB)",
MECH,IV Year,MECH A,B-V - MP LAB,B-V - MP LAB,WED,5,Club Activities,
MECH,IV Year,MECH A,B-V - MP LAB,B-V - MP LAB,THU,1,"21MEP401L
(B-V - MP LAB)",
MECH,IV Year,MECH A,B-V - MP LAB,B-V - MP LAB,THU,3,"21MEP401L
(B-V - MP LAB)",
MECH,IV Year,MECH A,B-V - MP LAB,B-V - MP LAB,THU,5,"<--------------------------21MEP401L------------------------>
(B-V - MP LAB)",
MECH,IV Year,MECH A,B-V - MP LAB,B-V - MP LAB,FRI,1,"21MEP401L
(B-V - MP LAB)",
MECH,IV Year,MECH A,B-V - MP LAB,B-V - MP LAB,FRI,3,"21MEP401L
(B-V - MP LAB)",
CIVIL,I Year,CIVIL A,"807, 8th Floor, ADMIN Block","807, 8th Floor, ADMIN Block",MON,1,21CYB101J,"Dr. R. Kesavamoorthi, A.P/Civil"
CIVIL,I Year,CIVIL A,"807, 8th Floor, ADMIN Block","807, 8th Floor, ADMIN Block",MON,2,21BTB103T,"Dr. R. Kesavamoorthi, A.P/Civil"
CIVIL,I Year,CIVIL A,"807, 8th Floor, ADMIN Block","807, 8th Floor, ADMIN Block",MON,3,21MAB102T,"Dr. R. Kesavamoorthi, A.P/Civil"
CIVIL,I Year,CIVIL A,"807, 8th Floor, ADMIN Block","807, 8th Floor, ADMIN Block",MON,4,21LEH101T,"Dr. R. Kesavamoorthi, A.P/Civil"
CIVIL,I Year,CIVIL A,L,"807, 8th Floor, ADMIN Block",MON,5,21CYB101J (L),"Dr. R. Kesavamoorthi, A.P/Civil"
CIVIL,I Year,CIVIL A,L,"807, 8th Floor, ADMIN Block",MON,6,21CYB101J (L),"Dr. R. Kesavamoorthi, A.P/Civil"
CIVIL,I Year,CIVIL A,"807, 8th Floor, ADMIN Block","807, 8th Floor, ADMIN Block",TUE,1,21MAB102T,"Dr. R. Kesavamoorthi, A.P/Civil"
CIVIL,I Year,CIVIL A,"807, 8th Floor, ADMIN Block","807, 8th Floor, ADMIN Block",TUE,2,21LEH101T,"Dr. R. Kesavamoorthi, A.P/Civil"
CIVIL,I Year,CIVIL A,"807, 8th Floor, ADMIN Block","807, 8th Floor, ADMIN Block",TUE,3,Library,"Dr. R. Kesavamoorthi, A.P/Civil"
CIVIL,I Year,CIVIL A,"807, 8th Floor, ADMIN Block","807, 8th Floor, ADMIN Block",TUE,4,21CYB101J,"Dr. R. Kesavamoorthi, A.P/Civil"
CIVIL,I Year,CIVIL A,"807, 8th Floor, ADMIN Block","807, 8th Floor, ADMIN Block",TUE,5,21LEM101T,"Dr. R. Kesavamoorthi, A.P/Civil"
CIVIL,I Year,CIVIL A,"807, 8th Floor, ADMIN Block","807, 8th Floor, ADMIN Block",TUE,6,21CSS101J,"Dr. R. Kesavamoorthi, A.P/Civil"
CIVIL,I Year,CIVIL A,"807, 8th Floor, ADMIN Block","807, 8th Floor, ADMIN Block",TUE,7,21CSS101J,"Dr. R. Kesavamoorthi, A.P/Civil"
CIVIL,I Year,CIVIL A,"807, 8th Floor, ADMIN Block","807, 8th Floor, ADMIN Block",TUE,8,21CSS101J,"Dr. R. Kesavamoorthi, A.P/Civil"
CIVIL,I Year,CIVIL A,"807, 8th Floor, ADMIN Block","807, 8th Floor, ADMIN Block",WED,1,21BTB103T,"Dr. R. Kesavamoorthi, A.P/Civil"
CIVIL,I Year,CIVIL A,"807, 8th Floor, ADMIN Block","807, 8th Floor, ADMIN Block",WED,2,21CYB101J,"Dr. R. Kesavamoorthi, A.P/Civil"
CIVIL,I Year,CIVIL A,"807, 8th Floor, ADMIN Block","807, 8th Floor, ADMIN Block",WED,3,21MAB102T,"Dr. R. Kesavamoorthi, A.P/Civil"
CIVIL,I Year,CIVIL A,"807, 8th Floor, ADMIN Block","807, 8th Floor, ADMIN Block",WED,4,21CYM101T,"Dr. R. Kesavamoorthi, A.P/Civil"
CIVIL,I Year,CIVIL A,"807, 8th Floor, ADMIN Block","807, 8th Floor, ADMIN Block",WED,5,21CEC101T,"Dr. R. Kesavamoorthi, A.P/Civil"
CIVIL,I Year,CIVIL A,L,"807, 8th Floor, ADMIN Block",WED,6,21CSS101J(L),"Dr. R. Kesavamoorthi, A.P/Civil"
CIVIL,I Year,CIVIL A,L,"807, 8th Floor, ADMIN Block",WED,7,21CSS101J(L),"Dr. R. Kesavamoorthi, A.P/Civil"
CIVIL,I Year,CIVIL A,"807, 8th Floor, ADMIN Block","807, 8th Floor, ADMIN Block",THU,1,21PDM102L,"Dr. R. Kesavamoorthi, A.P/Civil"
CIVIL,I Year,CIVIL A,"807, 8th Floor, ADMIN Block","807, 8th Floor, ADMIN Block",THU,2,21PDM102L,"Dr. R. Kesavamoorthi, A.P/Civil"
CIVIL,I Year,CIVIL A,"807, 8th Floor, ADMIN Block","807, 8th Floor, ADMIN Block",THU,3,21LEH101T,"Dr. R. Kesavamoorthi, A.P/Civil"
CIVIL,I Year,CIVIL A,"807, 8th Floor, ADMIN Block","807, 8th Floor, ADMIN Block",THU,4,21MAB102T,"Dr. R. Kesavamoorthi, A.P/Civil"
CIVIL,I Year,CIVIL A,"807, 8th Floor, ADMIN Block","807, 8th Floor, ADMIN Block",THU,5,21MAB102T,"Dr. R. Kesavamoorthi, A.P/Civil"
CIVIL,I Year,CIVIL A,"807, 8th Floor, ADMIN Block","807, 8th Floor, ADMIN Block",THU,6,21MES102L,"Dr. R. Kesavamoorthi, A.P/Civil"
CIVIL,I Year,CIVIL A,"807, 8th Floor, ADMIN Block","807, 8th Floor, ADMIN Block",THU,7,21MES102L,"Dr. R. Kesavamoorthi, A.P/Civil"
CIVIL,I Year,CIVIL A,"807, 8th Floor, ADMIN Block","807, 8th Floor, ADMIN Block",THU,8,21MES102L,"Dr. R. Kesavamoorthi, A.P/Civil"
CIVIL,I Year,CIVIL A,"807, 8th Floor, ADMIN Block","807, 8th Floor, ADMIN Block",THU,9,21MES102L,"Dr. R. Kesavamoorthi, A.P/Civil"
CIVIL,I Year,CIVIL A,"807, 8th Floor, ADMIN Block","807, 8th Floor, ADMIN Block",FRI,1,21CEC101T,"Dr. R. Kesavamoorthi, A.P/Civil"
CIVIL,I Year,CIVIL A,"807, 8th Floor, ADMIN Block","807, 8th Floor, ADMIN Block",FRI,2,21CEC101T,"Dr. R. Kesavamoorthi, A.P/Civil"
CIVIL,I Year,CIVIL A,"807, 8th Floor, ADMIN Block","807, 8th Floor, ADMIN Block",FRI,3,21CYB101J,"Dr. R. Kesavamoorthi, A.P/Civil"
CIVIL,I Year,CIVIL A,"807, 8th Floor, ADMIN Block","807, 8th Floor, ADMIN Block",FRI,4,21MAB102T,"Dr. R. Kesavamoorthi, A.P/Civil"
CIVIL,I Year,CIVIL A,"807, 8th Floor, ADMIN Block","807, 8th Floor, ADMIN Block",FRI,5,MENTORING,"Dr. R. Kesavamoorthi, A.P/Civil"
CIVIL,I Year,CIVIL A,"807, 8th Floor, ADMIN Block","807, 8th Floor, ADMIN Block",FRI,6,MENTORING,"Dr. R. Kesavamoorthi, A.P/Civil"
CIVIL,I Year,CIVIL A,"807, 8th Floor, ADMIN Block","807, 8th Floor, ADMIN Block",FRI,7,MENTORING,"Dr. R. Kesavamoorthi, A.P/Civil"
CIVIL,I Year,CIVIL A,"807, 8th Floor, ADMIN Block","807, 8th Floor, ADMIN Block",FRI,8,MENTORING,"Dr. R. Kesavamoorthi, A.P/Civil"
CIVIL,I Year,CIVIL A,"807, 8th Floor, ADMIN Block","807, 8th Floor, ADMIN Block",FRI,9,MENTORING,"Dr. R. Kesavamoorthi, A.P/Civil"
CIVIL,II Year,CIVIL A,808,808,MON,1,21CSC206T,"Dr. R.V.K. Vigneshwar, A.P/Civil"
CIVIL,II Year,CIVIL A,808,808,MON,2,21CEC204T,"Dr. R.V.K. Vigneshwar, A.P/Civil"
CIVIL,II Year,CIVIL A,808,808,MON,3,21PDM202L,"Dr. R.V.K. Vigneshwar, A.P/Civil"
CIVIL,II Year,CIVIL A,808,808,MON,4,21PDM202L,"Dr. R.V.K. Vigneshwar, A.P/Civil"
CIVIL,II Year,CIVIL A,808,808,MON,5,21LEM202T,"Dr. R.V.K. Vigneshwar, A.P/Civil"
CIVIL,II Year,CIVIL A,808,808,MON,6,21LEM202T,"Dr. R.V.K. Vigneshwar, A.P/Civil"
CIVIL,II Year,CIVIL A,808,808,MON,7,21CEC205L,"Dr. R.V.K. Vigneshwar, A.P/Civil"
CIVIL,II Year,CIVIL A,808,808,MON,8,21CEC205L,"Dr. R.V.K. Vigneshwar, A.P/Civil"
CIVIL,II Year,CIVIL A,808,808,TUE,1,21CEC204T,"Dr. R.V.K. Vigneshwar, A.P/Civil"
CIVIL,II Year,CIVIL A,808,808,TUE,2,21CEC204T,"Dr. R.V.K. Vigneshwar, A.P/Civil"
CIVIL,II Year,CIVIL A,808,808,TUE,3,21CEC207T,"Dr. R.V.K. Vigneshwar, A.P/Civil"
CIVIL,II Year,CIVIL A,808,808,TUE,4,21CEC205T,"Dr. R.V.K. Vigneshwar, A.P/Civil"
CIVIL,II Year,CIVIL A,808,808,TUE,5,21CEC204L,"Dr. R.V.K. Vigneshwar, A.P/Civil"
CIVIL,II Year,CIVIL A,808,808,TUE,6,21CEC204L,"Dr. R.V.K. Vigneshwar, A.P/Civil"
CIVIL,II Year,CIVIL A,P,808,TUE,7,21CEB201J(P),"Dr. R.V.K. Vigneshwar, A.P/Civil"
CIVIL,II Year,CIVIL A,P,808,TUE,8,21CEB201J(P),"Dr. R.V.K. Vigneshwar, A.P/Civil"
CIVIL,II Year,CIVIL A,808,808,WED,1,21CEB201J,"Dr. R.V.K. Vigneshwar, A.P/Civil"
CIVIL,II Year,CIVIL A,808,808,WED,2,21CEB201J,"Dr. R.V.K. Vigneshwar, A.P/Civil"
CIVIL,II Year,CIVIL A,808,808,WED,3,21CEC207T,"Dr. R.V.K. Vigneshwar, A.P/Civil"
CIVIL,II Year,CIVIL A,808,808,WED,4,21CEC207T,"Dr. R.V.K. Vigneshwar, A.P/Civil"
CIVIL,II Year,CIVIL A,808,808,WED,5,21LEM202T,"Dr. R.V.K. Vigneshwar, A.P/Civil"
CIVIL,II Year,CIVIL A,808,808,WED,6,CLUB ACTIVITY,"Dr. R.V.K. Vigneshwar, A.P/Civil"
CIVIL,II Year,CIVIL A,808,808,WED,7,CLUB ACTIVITY,"Dr. R.V.K. Vigneshwar, A.P/Civil"
CIVIL,II Year,CIVIL A,808,808,THU,1,21CEC205T,"Dr. R.V.K. Vigneshwar, A.P/Civil"
CIVIL,II Year,CIVIL A,808,808,THU,2,21CEC205T,"Dr. R.V.K. Vigneshwar, A.P/Civil"
CIVIL,II Year,CIVIL A,808,808,THU,3,21CSC206T,"Dr. R.V.K. Vigneshwar, A.P/Civil"
CIVIL,II Year,CIVIL A,808,808,THU,4,21CEC206T,"Dr. R.V.K. Vigneshwar, A.P/Civil"
CIVIL,II Year,CIVIL A,808,808,THU,5,LIBRARY,"Dr. R.V.K. Vigneshwar, A.P/Civil"
CIVIL,II Year,CIVIL A,808,808,THU,6,LIBRARY,"Dr. R.V.K. Vigneshwar, A.P/Civil"
CIVIL,II Year,CIVIL A,808,808,THU,7,MENTORING,"Dr. R.V.K. Vigneshwar, A.P/Civil"
CIVIL,II Year,CIVIL A,808,808,THU,8,MENTORING,"Dr. R.V.K. Vigneshwar, A.P/Civil"
CIVIL,II Year,CIVIL A,808,808,FRI,1,21PDH201T,"Dr. R.V.K. Vigneshwar, A.P/Civil"
CIVIL,II Year,CIVIL A,808,808,FRI,2,21PDH201T,"Dr. R.V.K. Vigneshwar, A.P/Civil"
CIVIL,II Year,CIVIL A,808,808,FRI,3,21CSC206T,"Dr. R.V.K. Vigneshwar, A.P/Civil"
CIVIL,II Year,CIVIL A,808,808,FRI,4,21CEC206T,"Dr. R.V.K. Vigneshwar, A.P/Civil"
CIVIL,II Year,CIVIL A,808,808,FRI,5,21CEB201J,"Dr. R.V.K. Vigneshwar, A.P/Civil"
CIVIL,II Year,CIVIL A,808,808,FRI,6,21CEC206T,"Dr. R.V.K. Vigneshwar, A.P/Civil"
CIVIL,III Year,CIVIL A,FM Lab,FM Lab,MON,1,21CSS303T,"Mr. S.Vijayan, A.P/Civil"
CIVIL,III Year,CIVIL A,FM Lab,FM Lab,MON,2,21CEE305T,"Mr. S.Vijayan, A.P/Civil"
CIVIL,III Year,CIVIL A,FM Lab,FM Lab,MON,3,21CEC304T,"Mr. S.Vijayan, A.P/Civil"
CIVIL,III Year,CIVIL A,FM Lab,FM Lab,MON,4,21CEC304T,"Mr. S.Vijayan, A.P/Civil"
CIVIL,III Year,CIVIL A,FM Lab,FM Lab,MON,5,21CEP302L,"Mr. S.Vijayan, A.P/Civil"
CIVIL,III Year,CIVIL A,FM Lab,FM Lab,MON,6,21CEP302L,"Mr. S.Vijayan, A.P/Civil"
CIVIL,III Year,CIVIL A,FM Lab,FM Lab,MON,7,21LDM302T,"Mr. S.Vijayan, A.P/Civil"
CIVIL,III Year,CIVIL A,FM Lab,FM Lab,TUE,1,21MEO112T,"Mr. S.Vijayan, A.P/Civil"
CIVIL,III Year,CIVIL A,FM Lab,FM Lab,TUE,2,21CEE305T,"Mr. S.Vijayan, A.P/Civil"
CIVIL,III Year,CIVIL A,FM Lab,FM Lab,TUE,3,21CEE309T,"Mr. S.Vijayan, A.P/Civil"
CIVIL,III Year,CIVIL A,FM Lab,FM Lab,TUE,4,21CEE309T,"Mr. S.Vijayan, A.P/Civil"
CIVIL,III Year,CIVIL A,FM Lab,FM Lab,TUE,5,LIBRARY,"Mr. S.Vijayan, A.P/Civil"
CIVIL,III Year,CIVIL A,FM Lab,FM Lab,TUE,6,LIBRARY,"Mr. S.Vijayan, A.P/Civil"
CIVIL,III Year,CIVIL A,FM Lab,FM Lab,TUE,7,LIBRARY,"Mr. S.Vijayan, A.P/Civil"
CIVIL,III Year,CIVIL A,FM Lab,FM Lab,TUE,8,LIBRARY,"Mr. S.Vijayan, A.P/Civil"
CIVIL,III Year,CIVIL A,FM Lab,FM Lab,WED,1,21PDM302L,"Mr. S.Vijayan, A.P/Civil"
CIVIL,III Year,CIVIL A,FM Lab,FM Lab,WED,2,21PDM302L,"Mr. S.Vijayan, A.P/Civil"
CIVIL,III Year,CIVIL A,FM Lab,FM Lab,WED,3,21CSS303T,"Mr. S.Vijayan, A.P/Civil"
CIVIL,III Year,CIVIL A,FM Lab,FM Lab,WED,4,21CEE305T,"Mr. S.Vijayan, A.P/Civil"
CIVIL,III Year,CIVIL A,FM Lab,FM Lab,WED,5,CLUB ACTIVITY,"Mr. S.Vijayan, A.P/Civil"
CIVIL,III Year,CIVIL A,FM Lab,FM Lab,WED,6,CLUB ACTIVITY,"Mr. S.Vijayan, A.P/Civil"
CIVIL,III Year,CIVIL A,FM Lab,FM Lab,WED,7,CLUB ACTIVITY,"Mr. S.Vijayan, A.P/Civil"
CIVIL,III Year,CIVIL A,FM Lab,FM Lab,WED,8,CLUB ACTIVITY,"Mr. S.Vijayan, A.P/Civil"
CIVIL,III Year,CIVIL A,FM Lab,FM Lab,THU,1,21CEC304T,"Mr. S.Vijayan, A.P/Civil"
CIVIL,III Year,CIVIL A,FM Lab,FM Lab,THU,2,21MEO112T,"Mr. S.Vijayan, A.P/Civil"
CIVIL,III Year,CIVIL A,FM Lab,FM Lab,THU,3,21CEP302L,"Mr. S.Vijayan, A.P/Civil"
CIVIL,III Year,CIVIL A,FM Lab,FM Lab,THU,4,21CEP302L,"Mr. S.Vijayan, A.P/Civil"
CIVIL,III Year,CIVIL A,FM Lab,FM Lab,THU,5,MENTORING,"Mr. S.Vijayan, A.P/Civil"
CIVIL,III Year,CIVIL A,FM Lab,FM Lab,THU,6,MENTORING,"Mr. S.Vijayan, A.P/Civil"
CIVIL,III Year,CIVIL A,FM Lab,FM Lab,THU,7,MENTORING,"Mr. S.Vijayan, A.P/Civil"
CIVIL,III Year,CIVIL A,FM Lab,FM Lab,THU,8,MENTORING,"Mr. S.Vijayan, A.P/Civil"
CIVIL,III Year,CIVIL A,FM Lab,FM Lab,FRI,1,21CEE309T,"Mr. S.Vijayan, A.P/Civil"
CIVIL,III Year,CIVIL A,FM Lab,FM Lab,FRI,2,21MEO112T,"Mr. S.Vijayan, A.P/Civil"
CIVIL,III Year,CIVIL A,FM Lab,FM Lab,FRI,3,21CEP302L,"Mr. S.Vijayan, A.P/Civil"
CIVIL,III Year,CIVIL A,FM Lab,FM Lab,FRI,4,21CEP302L,"Mr. S.Vijayan, A.P/Civil"
CIVIL,IV Year,CIVIL A,"RESEARCH LAB, EAST","RESEARCH LAB, EAST",MON,1,21CEP401L,"Dr.Abinaya, A.P/Civil"
CIVIL,IV Year,CIVIL A,"RESEARCH LAB, EAST","RESEARCH LAB, EAST",MON,2,21CEP401L,"Dr.Abinaya, A.P/Civil"
CIVIL,IV Year,CIVIL A,"RESEARCH LAB, EAST","RESEARCH LAB, EAST",MON,3,21CEP401L,"Dr.Abinaya, A.P/Civil"
CIVIL,IV Year,CIVIL A,"RESEARCH LAB, EAST","RESEARCH LAB, EAST",MON,4,21CEP401L,"Dr.Abinaya, A.P/Civil"
CIVIL,IV Year,CIVIL A,"RESEARCH LAB, EAST","RESEARCH LAB, EAST",MON,5,21CEP401L,"Dr.Abinaya, A.P/Civil"
CIVIL,IV Year,CIVIL A,"RESEARCH LAB, EAST","RESEARCH LAB, EAST",MON,6,21CEP401L,"Dr.Abinaya, A.P/Civil"
CIVIL,IV Year,CIVIL A,"RESEARCH LAB, EAST","RESEARCH LAB, EAST",MON,7,21CEP401L,"Dr.Abinaya, A.P/Civil"
CIVIL,IV Year,CIVIL A,"RESEARCH LAB, EAST","RESEARCH LAB, EAST",MON,8,21CEP401L,"Dr.Abinaya, A.P/Civil"
CIVIL,IV Year,CIVIL A,"RESEARCH LAB, EAST","RESEARCH LAB, EAST",TUE,1,21CEP401L,"Dr.Abinaya, A.P/Civil"
CIVIL,IV Year,CIVIL A,"RESEARCH LAB, EAST","RESEARCH LAB, EAST",TUE,2,21CEP401L,"Dr.Abinaya, A.P/Civil"
CIVIL,IV Year,CIVIL A,"RESEARCH LAB, EAST","RESEARCH LAB, EAST",TUE,3,21CEP401L,"Dr.Abinaya, A.P/Civil"
CIVIL,IV Year,CIVIL A,"RESEARCH LAB, EAST","RESEARCH LAB, EAST",TUE,4,21CEP401L,"Dr.Abinaya, A.P/Civil"
CIVIL,IV Year,CIVIL A,"RESEARCH LAB, EAST","RESEARCH LAB, EAST",TUE,5,21CEP401L,"Dr.Abinaya, A.P/Civil"
CIVIL,IV Year,CIVIL A,"RESEARCH LAB, EAST","RESEARCH LAB, EAST",TUE,6,21CEP401L,"Dr.Abinaya, A.P/Civil"
CIVIL,IV Year,CIVIL A,"RESEARCH LAB, EAST","RESEARCH LAB, EAST",TUE,7,21CEP401L,"Dr.Abinaya, A.P/Civil"
CIVIL,IV Year,CIVIL A,"RESEARCH LAB, EAST","RESEARCH LAB, EAST",TUE,8,21CEP401L,"Dr.Abinaya, A.P/Civil"
CIVIL,IV Year,CIVIL A,"RESEARCH LAB, EAST","RESEARCH LAB, EAST",WED,1,21CEP401L,"Dr.Abinaya, A.P/Civil"
CIVIL,IV Year,CIVIL A,"RESEARCH LAB, EAST","RESEARCH LAB, EAST",WED,2,21CEP401L,"Dr.Abinaya, A.P/Civil"
CIVIL,IV Year,CIVIL A,"RESEARCH LAB, EAST","RESEARCH LAB, EAST",WED,3,21CEP401L,"Dr.Abinaya, A.P/Civil"
CIVIL,IV Year,CIVIL A,"RESEARCH LAB, EAST","RESEARCH LAB, EAST",WED,4,21CEP401L,"Dr.Abinaya, A.P/Civil"
CIVIL,IV Year,CIVIL A,"RESEARCH LAB, EAST","RESEARCH LAB, EAST",WED,5,21CEP401L,"Dr.Abinaya, A.P/Civil"
CIVIL,IV Year,CIVIL A,"RESEARCH LAB, EAST","RESEARCH LAB, EAST",WED,6,21CEP401L,"Dr.Abinaya, A.P/Civil"
CIVIL,IV Year,CIVIL A,"RESEARCH LAB, EAST","RESEARCH LAB, EAST",THU,1,21CEP401L,"Dr.Abinaya, A.P/Civil"
CIVIL,IV Year,CIVIL A,"RESEARCH LAB, EAST","RESEARCH LAB, EAST",THU,2,21CEP401L,"Dr.Abinaya, A.P/Civil"
CIVIL,IV Year,CIVIL A,"RESEARCH LAB, EAST","RESEARCH LAB, EAST",THU,3,21CEP401L,"Dr.Abinaya, A.P/Civil"
CIVIL,IV Year,CIVIL A,"RESEARCH LAB, EAST","RESEARCH LAB, EAST",THU,4,21CEP401L,"Dr.Abinaya, A.P/Civil"
CIVIL,IV Year,CIVIL A,"RESEARCH LAB, EAST","RESEARCH LAB, EAST",FRI,1,21CEP401L,"Dr.Abinaya, A.P/Civil"
CIVIL,IV Year,CIVIL A,"RESEARCH LAB, EAST","RESEARCH LAB, EAST",FRI,2,21CEP401L,"Dr.Abinaya, A.P/Civil"
CIVIL,IV Year,CIVIL A,"RESEARCH LAB, EAST","RESEARCH LAB, EAST",FRI,3,21CEP401L,"Dr.Abinaya, A.P/Civil"
CIVIL,IV Year,CIVIL A,"RESEARCH LAB, EAST","RESEARCH LAB, EAST",FRI,4,21CEP401L,"Dr.Abinaya, A.P/Civil"
EEE,I Year,I EEE A,AD 609,Room 609,MON,1,"21CSS101J
(AD 609)",Mr.K.ARULVENDHAN
EEE,I Year,I EEE A,AD 609,Room 609,MON,2,"21MAB102T
(AD 609)",Mr.K.ARULVENDHAN
EEE,I Year,I EEE A,AD 609,Room 609,MON,3,"21CYB101J
(AD 609)",Mr.K.ARULVENDHAN
EEE,I Year,I EEE A,Room 609,Room 609,MON,4,21MES102L,Mr.K.ARULVENDHAN
EEE,I Year,I EEE A,Room 609,Room 609,MON,6,21MES102L,Mr.K.ARULVENDHAN
EEE,I Year,I EEE A,AD 505,Room 609,MON,8,"21LEH101T
(AD 505)",Mr.K.ARULVENDHAN
EEE,I Year,I EEE A,AD 505,Room 609,MON,9,"21MAB102T
(AD 505)",Mr.K.ARULVENDHAN
EEE,I Year,I EEE A,AD 203,Room 609,TUE,1,"21MAB102T
(AD 203)",Mr.K.ARULVENDHAN
EEE,I Year,I EEE A,AD 203,Room 609,TUE,2,"21EEC101J
(AD 203)",Mr.K.ARULVENDHAN
EEE,I Year,I EEE A,Room 609,Room 609,TUE,3,<---21CYB101J(LAB)----->,Mr.K.ARULVENDHAN
EEE,I Year,I EEE A,AD 609,Room 609,TUE,6,"21CYB101J
(AD 609)",Mr.K.ARULVENDHAN
EEE,I Year,I EEE A,AD 609,Room 609,WED,1,"21CSS101J
(AD 609)",Mr.K.ARULVENDHAN
EEE,I Year,I EEE A,AD 609,Room 609,WED,2,"21MAB102T
(AD 609)",Mr.K.ARULVENDHAN
EEE,I Year,I EEE A,AD 609,Room 609,WED,3,"<--------21PDM102L--------->
(AD 609)",Mr.K.ARULVENDHAN
EEE,I Year,I EEE A,Room 609,Room 609,WED,7,<------------21CSS101J/21EEC101J------------>,Mr.K.ARULVENDHAN
EEE,I Year,I EEE A,AD 607,Room 609,THU,1,"21EEC101J
(AD 607)",Mr.K.ARULVENDHAN
EEE,I Year,I EEE A,AD 609,Room 609,THU,2,"21CYB101J
(AD 609)",Mr.K.ARULVENDHAN
EEE,I Year,I EEE A,AD 609,Room 609,THU,3,"21LEH101T
(AD 609)",Mr.K.ARULVENDHAN
EEE,I Year,I EEE A,AD 609,Room 609,THU,4,"21BTB103T
(AD 609)",Mr.K.ARULVENDHAN
EEE,I Year,I EEE A,AD 201,Room 609,THU,6,"21CYM101T
(AD 201)",Mr.K.ARULVENDHAN
EEE,I Year,I EEE A,Room 609,Room 609,THU,7,<------------21EEC101J/21CSS101J----------->,Mr.K.ARULVENDHAN
EEE,I Year,I EEE A,AD 103,Room 609,FRI,1,"21BTB103T
(AD 103)",Mr.K.ARULVENDHAN
EEE,I Year,I EEE A,AD 103,Room 609,FRI,2,"21CSS101J
(AD 103)",Mr.K.ARULVENDHAN
EEE,I Year,I EEE A,AD 505,Room 609,FRI,3,"21CYB101J
(AD 505)",Mr.K.ARULVENDHAN
EEE,I Year,I EEE A,AD 505,Room 609,FRI,4,"21LEH101T
(AD 505)",Mr.K.ARULVENDHAN
EEE,I Year,I EEE A,AD 609,Room 609,FRI,6,"21MAB102T
(AD 609)",Mr.K.ARULVENDHAN
EEE,I Year,I EEE A,AD 607,Room 609,FRI,7,"21EEC101J
(AD 607)",Mr.K.ARULVENDHAN
EEE,I Year,I EEE A,AD 607,Room 609,FRI,8,"21LEM101T
(AD 607)",Mr.K.ARULVENDHAN
EEE,I Year,I EEE A,AD 607,Room 609,FRI,9,"21MAB102T
(AD 607)",Mr.K.ARULVENDHAN
EEE,II Year,II EEE A,Room 507,Room 507,MON,1,21EEC207J,Dr.R.SUBBULAKSHMY
EEE,II Year,II EEE A,Room 507,Room 507,MON,2,21LEM202T,Dr.R.SUBBULAKSHMY
EEE,II Year,II EEE A,Room 507,Room 507,MON,3,21CSC206T,Dr.R.SUBBULAKSHMY
EEE,II Year,II EEE A,Room 507,Room 507,MON,4,21MAB301T,Dr.R.SUBBULAKSHMY
EEE,II Year,II EEE A,Room 507,Room 507,MON,6,21EEC205J,Dr.R.SUBBULAKSHMY
EEE,II Year,II EEE A,Room 507,Room 507,MON,7,<-------------- 21EEC204J (LAB) --------------->,Dr.R.SUBBULAKSHMY
EEE,II Year,II EEE A,Room 507,Room 507,TUE,1,21MAB301T,Dr.R.SUBBULAKSHMY
EEE,II Year,II EEE A,Room 507,Room 507,TUE,2,21EEC207J,Dr.R.SUBBULAKSHMY
EEE,II Year,II EEE A,Room 507,Room 507,TUE,3,21EEC206J,Dr.R.SUBBULAKSHMY
EEE,II Year,II EEE A,Room 507,Room 507,TUE,4,21EEC204J,Dr.R.SUBBULAKSHMY
EEE,II Year,II EEE A,Room 507,Room 507,TUE,6,LIBRARY,Dr.R.SUBBULAKSHMY
EEE,II Year,II EEE A,Room 507,Room 507,TUE,7,<--------------- 21EEC205J (LAB) -------------->,Dr.R.SUBBULAKSHMY
EEE,II Year,II EEE A,Room 507,Room 507,WED,1,21EEC206J,Dr.R.SUBBULAKSHMY
EEE,II Year,II EEE A,Room 507,Room 507,WED,2,21CSC206T,Dr.R.SUBBULAKSHMY
EEE,II Year,II EEE A,Room 507,Room 507,WED,3,21MAB301T,Dr.R.SUBBULAKSHMY
EEE,II Year,II EEE A,Room 507,Room 507,WED,4,21EEC205J,Dr.R.SUBBULAKSHMY
EEE,II Year,II EEE A,Room 507,Room 507,WED,7,<--------------- 21EEC206J (LAB) -------------->,Dr.R.SUBBULAKSHMY
EEE,II Year,II EEE A,Room 507,Room 507,THU,1,21EEC204J,Dr.R.SUBBULAKSHMY
EEE,II Year,II EEE A,Room 507,Room 507,THU,2,21EEC206J,Dr.R.SUBBULAKSHMY
EEE,II Year,II EEE A,Room 507,Room 507,THU,3,21CSC206T,Dr.R.SUBBULAKSHMY
EEE,II Year,II EEE A,Room 507,Room 507,THU,4,21LEM202T,Dr.R.SUBBULAKSHMY
EEE,II Year,II EEE A,Room 507,Room 507,THU,6,<-------21PDM202L-------->,Dr.R.SUBBULAKSHMY
EEE,II Year,II EEE A,Room 507,Room 507,THU,8,<----------21PDH201H---------->,Dr.R.SUBBULAKSHMY
EEE,II Year,II EEE A,Room 507,Room 507,FRI,1,21LEM202T,Dr.R.SUBBULAKSHMY
EEE,II Year,II EEE A,Room 507,Room 507,FRI,2,21EEC204J,Dr.R.SUBBULAKSHMY
EEE,II Year,II EEE A,Room 507,Room 507,FRI,3,21EEC207J,Dr.R.SUBBULAKSHMY
EEE,II Year,II EEE A,Room 507,Room 507,FRI,4,21EEC205J,Dr.R.SUBBULAKSHMY
EEE,II Year,II EEE A,Room 507,Room 507,FRI,6,21MAB301T,Dr.R.SUBBULAKSHMY
EEE,II Year,II EEE A,Room 507,Room 507,FRI,7,<---------------21EEC207J (LAB)--------------->,Dr.R.SUBBULAKSHMY
EEE,III Year,III EEE A,Room 504,Room 504,MON,1,21CSS303T,Dr.M.KARTHIKEYAN
EEE,III Year,III EEE A,Room 504,Room 504,MON,2,LIBRARY,Dr.M.KARTHIKEYAN
EEE,III Year,III EEE A,Room 504,Room 504,MON,3,21EEC304J,Dr.M.KARTHIKEYAN
EEE,III Year,III EEE A,609/504,Room 504,MON,4,"21EEE302T/
21EEE304T
(609/504)",Dr.M.KARTHIKEYAN
EEE,III Year,III EEE A,609/504,Room 504,MON,6,"21EEE408T/21EEE429T
(609/504)",Dr.M.KARTHIKEYAN
EEE,III Year,III EEE A,Room 504,Room 504,TUE,1,21CSS303T,Dr.M.KARTHIKEYAN
EEE,III Year,III EEE A,Room 504,Room 504,TUE,2,COUNCELLING,Dr.M.KARTHIKEYAN
EEE,III Year,III EEE A,609/504,Room 504,TUE,3,"21EEE302T/21EEE304T
(609/504)",Dr.M.KARTHIKEYAN
EEE,III Year,III EEE A,609/504,Room 504,TUE,7,"21AUO101T/
21CSO354T
(609/504)",Dr.M.KARTHIKEYAN
EEE,III Year,III EEE A,Room 504,Room 504,TUE,8,<-----21EEC305P (LAB) ----->,Dr.M.KARTHIKEYAN
EEE,III Year,III EEE A,Room 504,Room 504,WED,1,21EEC304J,Dr.M.KARTHIKEYAN
EEE,III Year,III EEE A,Room 504,Room 504,WED,2,COUNCELLING,Dr.M.KARTHIKEYAN
EEE,III Year,III EEE A,Room 504,Room 504,WED,3,<---------21PDM302L---------->,Dr.M.KARTHIKEYAN
EEE,III Year,III EEE A,Room 504,Room 504,WED,7,<----------------21EEC304J (LAB) -------------->,Dr.M.KARTHIKEYAN
EEE,III Year,III EEE A,Room 504,Room 504,THU,1,21EEC304J,Dr.M.KARTHIKEYAN
EEE,III Year,III EEE A,Room 504,Room 504,THU,2,21LEM302T,Dr.M.KARTHIKEYAN
EEE,III Year,III EEE A,Room 504,Room 504,THU,3,COUNCELLING,Dr.M.KARTHIKEYAN
EEE,III Year,III EEE A,505/504,Room 504,THU,4,"21EEE408T/
21EEE429T
(505/504)",Dr.M.KARTHIKEYAN
EEE,III Year,III EEE A,609/504,Room 504,THU,6,"21AUO101T/
21CSO354T
(609/504)",Dr.M.KARTHIKEYAN
EEE,III Year,III EEE A,Room 504,Room 504,THU,7,<----------------21EEC305P (LAB) -------------->,Dr.M.KARTHIKEYAN
EEE,III Year,III EEE A,505/504,Room 504,FRI,1,"21AUO101T/
21CSO354T
(505/504)",Dr.M.KARTHIKEYAN
EEE,III Year,III EEE A,Room 504,Room 504,FRI,2,21EEC304J,Dr.M.KARTHIKEYAN
EEE,III Year,III EEE A,Room 504,Room 504,FRI,3,<--------21EEP302L-------->,Dr.M.KARTHIKEYAN
EEE,III Year,III EEE A,Room 504,Room 504,FRI,6,<------------------21EEP302L-PROJECT----------------------->,Dr.M.KARTHIKEYAN
CSBS,I Year,CSBS - I/II/CSBS -A,ADMIN -607,ADMIN -607,MON,1,21MAB301T / POS,Mr.S.Perumal / A.P / Maths
CSBS,I Year,CSBS - I/II/CSBS -A,ADMIN -607,ADMIN -607,MON,2,21PYB102J / Semi. Phy.,Mr.S.Perumal / A.P / Maths
CSBS,I Year,CSBS - I/II/CSBS -A,ADMIN -607,ADMIN -607,TUE,1,21MGH103T/BAC,Mr.S.Perumal / A.P / Maths
CSBS,I Year,CSBS - I/II/CSBS -A,ADMIN -607,ADMIN -607,WED,1,21PYB102J / Semi. Phy.,Mr.S.Perumal / A.P / Maths
CSBS,I Year,CSBS - I/II/CSBS -A,ADMIN -607,ADMIN -607,WED,2,21MAB301T / POS,Mr.S.Perumal / A.P / Maths
CSBS,I Year,CSBS - I/II/CSBS -A,ADMIN -607,ADMIN -607,THU,2,21MGH103T/ BAC,Mr.S.Perumal / A.P / Maths
CSBS,I Year,CSBS - I/II/CSBS -A,ADMIN -607,ADMIN -607,FRI,1,21CSC101T / OODP,Mr.S.Perumal / A.P / Maths
CSBS,I Year,CSBS - I/II/CSBS -A,ADMIN -607,ADMIN -607,FRI,2,21CYM101T / EvS,Mr.S.Perumal / A.P / Maths
CSBS,II Year,CSBS - II / IV / CSBS-A,BMS 906,BMS 906,MON,1,21CSC205P / DBMS,Dr.L.Madhuridevi / A.P / CSE -IoT & CSBS
CSBS,II Year,CSBS - II / IV / CSBS-A,BMS 906,BMS 906,MON,2,21MAB302T / DM,Dr.L.Madhuridevi / A.P / CSE -IoT & CSBS
CSBS,II Year,CSBS - II / IV / CSBS-A,BMS 906,BMS 906,TUE,1,<-----21CSC204J / DAA Lab ----->,Dr.L.Madhuridevi / A.P / CSE -IoT & CSBS
CSBS,II Year,CSBS - II / IV / CSBS-A,BMS 906,BMS 906,WED,1,21MAB302T / DM,Dr.L.Madhuridevi / A.P / CSE -IoT & CSBS
CSBS,II Year,CSBS - II / IV / CSBS-A,BMS 906,BMS 906,WED,2,21CSC204J / DAA,Dr.L.Madhuridevi / A.P / CSE -IoT & CSBS
CSBS,II Year,CSBS - II / IV / CSBS-A,BMS 906,BMS 906,THU,1,<-----21PDH201T / SE ----->,Dr.L.Madhuridevi / A.P / CSE -IoT & CSBS
CSBS,III Year,CSBS - III / VI / CSBS-A,B-III / 503,B-III / 503,MON,1,21CSC304J / CD,Dr.R.Arunkumar/ A.P / CSE -IoT & CSBS
CSBS,III Year,CSBS - III / VI / CSBS-A,B-III / 503,B-III / 503,MON,2,21CSC303J / SEPM,Dr.R.Arunkumar/ A.P / CSE -IoT & CSBS
CSBS,III Year,CSBS - III / VI / CSBS-A,B-III / 503,B-III / 503,TUE,1,21MGH303P / IT PM,Dr.R.Arunkumar/ A.P / CSE -IoT & CSBS
CSBS,III Year,CSBS - III / VI / CSBS-A,B-III / 503,B-III / 503,TUE,2,21CSE355T / DMA,Dr.R.Arunkumar/ A.P / CSE -IoT & CSBS
CSBS,III Year,CSBS - III / VI / CSBS-A,B-III / 503,B-III / 503,WED,1,<------- 21CSC303J / SEPM Lab ------>,Dr.R.Arunkumar/ A.P / CSE -IoT & CSBS
CSBS,III Year,CSBS - III / VI / CSBS-A,B-III / 503,B-III / 503,THU,1,21CSE355T / DMA,Dr.R.Arunkumar/ A.P / CSE -IoT & CSBS
CSBS,III Year,CSBS - III / VI / CSBS-A,B-III / 503,B-III / 503,THU,2,21MGH303P / IT PM,Dr.R.Arunkumar/ A.P / CSE -IoT & CSBS
CSBS,III Year,CSBS - III / VI / CSBS-A,B-III / 503,B-III / 503,FRI,1,<------- 21CSC304J / CD Lab ------>,Dr.R.Arunkumar/ A.P / CSE -IoT & CSBS
CSBS,IV Year,CSBS - IV / VIII / CSBS- A,MLCP-IoT Lab,MLCP-IoT Lab,MON,1,<---21CSP401L /  Major Project Lab--->,"Dr.TKS Rathish babu, Asst. Professor / IoT & CSBS"
CSBS,IV Year,CSBS - IV / VIII / CSBS- A,MLCP-IoT Lab,MLCP-IoT Lab,TUE,1,<---21CSP401L /  Major Project Lab--->,"Dr.TKS Rathish babu, Asst. Professor / IoT & CSBS"
CSBS,IV Year,CSBS - IV / VIII / CSBS- A,MLCP-IoT Lab,MLCP-IoT Lab,WED,1,<---21CSP401L /  Major Project Lab--->,"Dr.TKS Rathish babu, Asst. Professor / IoT & CSBS"
CSBS,IV Year,CSBS - IV / VIII / CSBS- A,MLCP-IoT Lab,MLCP-IoT Lab,THU,1,<---21CSP401L /  Major Project Lab--->,"Dr.TKS Rathish babu, Asst. Professor / IoT & CSBS"
CSBS,IV Year,CSBS - IV / VIII / CSBS- A,MLCP-IoT Lab,MLCP-IoT Lab,FRI,1,<---21CSP401L /  Major Project Lab--->,"Dr.TKS Rathish babu, Asst. Professor / IoT & CSBS"
IoT,I Year,IoT - I / II /  IoT - A,ADMIN - AD 505,ADMIN - AD 505,MON,1,21EES101T / EEE,Dr.G.Kaladevi /A.P / Chemistry
IoT,I Year,IoT - I / II /  IoT - A,ADMIN - AD 505,ADMIN - AD 505,MON,2,21MAB102T /ACCA,Dr.G.Kaladevi /A.P / Chemistry
IoT,I Year,IoT - I / II /  IoT - A,ADMIN - AD 505,ADMIN - AD 505,TUE,1,21MAB102T /ACCA,Dr.G.Kaladevi /A.P / Chemistry
IoT,I Year,IoT - I / II /  IoT - A,ADMIN - AD 505,ADMIN - AD 505,TUE,2,21CYB101J-Chem,Dr.G.Kaladevi /A.P / Chemistry
IoT,I Year,IoT - I / II /  IoT - A,ADMIN - AD 505,ADMIN - AD 505,WED,1,21CSC101T / OODP,Dr.G.Kaladevi /A.P / Chemistry
IoT,I Year,IoT - I / II /  IoT - A,ADMIN - AD 505,ADMIN - AD 505,THU,1,21CYB101J-Chem,Dr.G.Kaladevi /A.P / Chemistry
IoT,I Year,IoT - I / II /  IoT - A,ADMIN - AD 505,ADMIN - AD 505,THU,2,21CSC101T / OODP,Dr.G.Kaladevi /A.P / Chemistry
IoT,I Year,IoT - I / II /  IoT - A,ADMIN - AD 505,ADMIN - AD 505,FRI,2,21EES101T / EEE,Dr.G.Kaladevi /A.P / Chemistry
IoT,II Year,IoT - II / IV / IoT - A,BMS - 906 / NA-208,BMS - 906 / NA-208,MON,1,<-----21CSC204J / DAA Lab ----->,Dr.T.V.GEETHA / A.P / CSE -IoT & CSBS
IoT,II Year,IoT - II / IV / IoT - A,BMS - 906 / NA-208,BMS - 906 / NA-208,TUE,1,21CSC205P / DBMS,Dr.T.V.GEETHA / A.P / CSE -IoT & CSBS
IoT,II Year,IoT - II / IV / IoT - A,BMS - 906 / NA-208,BMS - 906 / NA-208,TUE,2,21MAB204T / PQT,Dr.T.V.GEETHA / A.P / CSE -IoT & CSBS
IoT,II Year,IoT - II / IV / IoT - A,BMS - 906 / NA-208,BMS - 906 / NA-208,WED,1,21CSC206T / AI,Dr.T.V.GEETHA / A.P / CSE -IoT & CSBS
IoT,II Year,IoT - II / IV / IoT - A,BMS - 906 / NA-208,BMS - 906 / NA-208,THU,1,21MAB204T / PQT,Dr.T.V.GEETHA / A.P / CSE -IoT & CSBS
IoT,II Year,IoT - II / IV / IoT - A,BMS - 906 / NA-208,BMS - 906 / NA-208,THU,2,21CSC204J / DAA,Dr.T.V.GEETHA / A.P / CSE -IoT & CSBS
IoT,II Year,IoT - II / IV / IoT - A,BMS - 906 / NA-208,BMS - 906 / NA-208,FRI,1,21CSC204J / DAA,Dr.T.V.GEETHA / A.P / CSE -IoT & CSBS
IoT,II Year,IoT - II / IV / IoT - A,BMS - 906 / NA-208,BMS - 906 / NA-208,FRI,2,21CSE292P / AIoT,Dr.T.V.GEETHA / A.P / CSE -IoT & CSBS
IoT,III Year,IoT - III / VI / IoT - A,NA - 208 / B-III - 503,NA - 208 / B-III - 503,MON,1,21ECO105T / FOOE,Dr.U.Surendar / A.P / CSE -IoT & CSBS
IoT,III Year,IoT - III / VI / IoT - A,NA - 208 / B-III - 503,NA - 208 / B-III - 503,MON,2,21CSC315J / FC,Dr.U.Surendar / A.P / CSE -IoT & CSBS
IoT,III Year,IoT - III / VI / IoT - A,NA - 208 / B-III - 503,NA - 208 / B-III - 503,TUE,1,21CSC303J / SEPM,Dr.U.Surendar / A.P / CSE -IoT & CSBS
IoT,III Year,IoT - III / VI / IoT - A,NA - 208 / B-III - 503,NA - 208 / B-III - 503,TUE,2,21LEM302T / ITK,Dr.U.Surendar / A.P / CSE -IoT & CSBS
IoT,III Year,IoT - III / VI / IoT - A,NA - 208 / B-III - 503,NA - 208 / B-III - 503,WED,1,<-------  21PDM302L / ESP ------>,Dr.U.Surendar / A.P / CSE -IoT & CSBS
IoT,III Year,IoT - III / VI / IoT - A,NA - 208 / B-III - 503,NA - 208 / B-III - 503,THU,1,<------- 21CSC303J / SEPM Lab ------>,Dr.U.Surendar / A.P / CSE -IoT & CSBS
IoT,III Year,IoT - III / VI / IoT - A,NA - 208 / B-III - 503,NA - 208 / B-III - 503,FRI,1,21CSE369J / Intro.SIoT,Dr.U.Surendar / A.P / CSE -IoT & CSBS
IoT,IV Year,IoT - IV / VIII / IoT - A,MLCP-IoT Lab,MLCP-IoT Lab,MON,1,<---21CSP401L /  Major Project Lab--->,Dr.S.Manohar / ASP / CSE -IoT & CSBS
IoT,IV Year,IoT - IV / VIII / IoT - A,MLCP-IoT Lab,MLCP-IoT Lab,TUE,1,<---21CSP401L /  Major Project Lab--->,Dr.S.Manohar / ASP / CSE -IoT & CSBS
IoT,IV Year,IoT - IV / VIII / IoT - A,MLCP-IoT Lab,MLCP-IoT Lab,WED,1,<---21CSP401L /  Major Project Lab--->,Dr.S.Manohar / ASP / CSE -IoT & CSBS
IoT,IV Year,IoT - IV / VIII / IoT - A,MLCP-IoT Lab,MLCP-IoT Lab,THU,1,<---21CSP401L /  Major Project Lab--->,Dr.S.Manohar / ASP / CSE -IoT & CSBS
IoT,IV Year,IoT - IV / VIII / IoT - A,MLCP-IoT Lab,MLCP-IoT Lab,FRI,1,<---21CSP401L /  Major Project Lab--->,Dr.S.Manohar / ASP / CSE -IoT & CSBS
ECE,I Year,ECE 1A,803,803,MON,1,21CYB101J,Dr.Reshma P Vengaloor
ECE,I Year,ECE 1A,803,803,MON,3,21CYB101J,Dr.Reshma P Vengaloor
ECE,I Year,ECE 1A,803,803,MON,4,21MES102L,Dr.Reshma P Vengaloor
ECE,I Year,ECE 1A,803,803,MON,5,21MES102L,Dr.Reshma P Vengaloor
ECE,I Year,ECE 1A,803,803,MON,7,21LEH101T,Dr.Reshma P Vengaloor
ECE,I Year,ECE 1A,803,803,TUE,1,21CYB101J,Dr.Reshma P Vengaloor
ECE,I Year,ECE 1A,803,803,TUE,2,21BTB103T,Dr.Reshma P Vengaloor
ECE,I Year,ECE 1A,803,803,TUE,3,LIB,Dr.Reshma P Vengaloor
ECE,I Year,ECE 1A,803,803,TUE,4,21MAB102T,Dr.Reshma P Vengaloor
ECE,I Year,ECE 1A,803,803,TUE,5,21ECC101J,Dr.Reshma P Vengaloor
ECE,I Year,ECE 1A,803,803,TUE,6,21LEH101T,Dr.Reshma P Vengaloor
ECE,I Year,ECE 1A,803,803,TUE,7,21CSS101J,Dr.Reshma P Vengaloor
ECE,I Year,ECE 1A,803,803,WED,1,21BTB103T,Dr.Reshma P Vengaloor
ECE,I Year,ECE 1A,803,803,WED,2,21CYB101J,Dr.Reshma P Vengaloor
ECE,I Year,ECE 1A,803,803,WED,3,21ECC101J,Dr.Reshma P Vengaloor
ECE,I Year,ECE 1A,803,803,WED,6,21MAB102T,Dr.Reshma P Vengaloor
ECE,I Year,ECE 1A,803,803,WED,7,21LEH101T,Dr.Reshma P Vengaloor
ECE,I Year,ECE 1A,803,803,THU,1,21CSS101J,Dr.Reshma P Vengaloor
ECE,I Year,ECE 1A,803,803,THU,3,21LEM101T,Dr.Reshma P Vengaloor
ECE,I Year,ECE 1A,803,803,THU,4,21MAB102T,Dr.Reshma P Vengaloor
ECE,I Year,ECE 1A,803,803,THU,5,21CSS101J,Dr.Reshma P Vengaloor
ECE,I Year,ECE 1A,803,803,THU,7,21ECC101J,Dr.Reshma P Vengaloor
ECE,I Year,ECE 1A,803,803,THU,8,21CYB101J,Dr.Reshma P Vengaloor
ECE,I Year,ECE 1A,803,803,FRI,1,21MAB102T,Dr.Reshma P Vengaloor
ECE,I Year,ECE 1A,803,803,FRI,2,21CSS101J,Dr.Reshma P Vengaloor
ECE,I Year,ECE 1A,803,803,FRI,3,21PDM102L,Dr.Reshma P Vengaloor
ECE,I Year,ECE 1A,803,803,FRI,5,21CYM101T,Dr.Reshma P Vengaloor
ECE,II Year,ECE 2A,Block III - 201,Block III - 201,MON,1,21ECC222L,Dr Lalitha K
ECE,II Year,ECE 2A,Block III - 201,Block III - 201,MON,3,21PDH209T,Dr Lalitha K
ECE,II Year,ECE 2A,Block III - 201,Block III - 201,MON,5,21MAB203T,Dr Lalitha K
ECE,II Year,ECE 2A,Block III - 201,Block III - 201,MON,6,21LEM202T,Dr Lalitha K
ECE,II Year,ECE 2A,Block III - 201,Block III - 201,MON,7,21ECE212T,Dr Lalitha K
ECE,II Year,ECE 2A,Block III - 201,Block III - 201,TUE,1,21MAB203T,Dr Lalitha K
ECE,II Year,ECE 2A,Block III - 201,Block III - 201,TUE,2,LIB,Dr Lalitha K
ECE,II Year,ECE 2A,Block III - 201,Block III - 201,TUE,3,21ECC202T,Dr Lalitha K
ECE,II Year,ECE 2A,Block III - 201,Block III - 201,TUE,4,21ECE212T,Dr Lalitha K
ECE,II Year,ECE 2A,Block III - 201,Block III - 201,TUE,7,21CSC206T,Dr Lalitha K
ECE,II Year,ECE 2A,Block III - 201,Block III - 201,WED,1,21ECC204T,Dr Lalitha K
ECE,II Year,ECE 2A,Block III - 201,Block III - 201,WED,2,Counselling,Dr Lalitha K
ECE,II Year,ECE 2A,Block III - 201,Block III - 201,WED,3,21ECC202T,Dr Lalitha K
ECE,II Year,ECE 2A,Block III - 201,Block III - 201,WED,4,21MAB203T,Dr Lalitha K
ECE,II Year,ECE 2A,Block III - 201,Block III - 201,WED,6,21ECC222L,Dr Lalitha K
ECE,II Year,ECE 2A,Block III - 201,Block III - 201,THU,1,21CSC206T,Dr Lalitha K
ECE,II Year,ECE 2A,Block III - 201,Block III - 201,THU,2,21ECC204T,Dr Lalitha K
ECE,II Year,ECE 2A,Block III - 201,Block III - 201,THU,3,Counselling,Dr Lalitha K
ECE,II Year,ECE 2A,Block III - 201,Block III - 201,THU,4,21MAB203T,Dr Lalitha K
ECE,II Year,ECE 2A,Block III - 201,Block III - 201,THU,7,21LEM202T,Dr Lalitha K
ECE,II Year,ECE 2A,Block III - 201,Block III - 201,FRI,1,21ECE212T,Dr Lalitha K
ECE,II Year,ECE 2A,Block III - 201,Block III - 201,FRI,2,LIB,Dr Lalitha K
ECE,II Year,ECE 2A,Block III - 201,Block III - 201,FRI,3,21PDM202,Dr Lalitha K
ECE,II Year,ECE 2A,Block III - 201,Block III - 201,FRI,5,21ECC202T,Dr Lalitha K
ECE,II Year,ECE 2A,Block III - 201,Block III - 201,FRI,6,21LEM202T,Dr Lalitha K
ECE,II Year,ECE 2A,Block III - 201,Block III - 201,FRI,7,21CSC206T,Dr Lalitha K
ECE,II Year,ECE 2A,Block III - 201,Block III - 201,FRI,8,21ECC204T,Dr Lalitha K
ECE,III Year,ECE 3A,Block III - 301,Block III - 301,MON,1,21ECC322L,Mrs.M.Aarthi Elaveini
ECE,III Year,ECE 3A,Block III - 301,Block III - 301,MON,3,21ECC302T,Mrs.M.Aarthi Elaveini
ECE,III Year,ECE 3A,Block III - 301,Block III - 301,MON,4,21ECE401T,Mrs.M.Aarthi Elaveini
ECE,III Year,ECE 3A,Block III - 301,Block III - 301,TUE,1,21PDM302L,Mrs.M.Aarthi Elaveini
ECE,III Year,ECE 3A,Block III - 301,Block III - 301,TUE,3,21ECE340J,Mrs.M.Aarthi Elaveini
ECE,III Year,ECE 3A,Block III - 301,Block III - 301,TUE,5,21ECE340J,Mrs.M.Aarthi Elaveini
ECE,III Year,ECE 3A,Block III - 301,Block III - 301,TUE,6,21ECP302L,Mrs.M.Aarthi Elaveini
ECE,III Year,ECE 3A,Block III - 301,Block III - 301,WED,1,21ECC302T,Mrs.M.Aarthi Elaveini
ECE,III Year,ECE 3A,Block III - 301,Block III - 301,WED,2,21BMO121T,Mrs.M.Aarthi Elaveini
ECE,III Year,ECE 3A,Block III - 301,Block III - 301,WED,3,21ECE401T,Mrs.M.Aarthi Elaveini
ECE,III Year,ECE 3A,Block III - 301,Block III - 301,WED,4,21ECE340J,Mrs.M.Aarthi Elaveini
ECE,III Year,ECE 3A,Block III - 301,Block III - 301,WED,6,21ECC304T,Mrs.M.Aarthi Elaveini
ECE,III Year,ECE 3A,Block III - 301,Block III - 301,WED,7,21BMO121T,Mrs.M.Aarthi Elaveini
ECE,III Year,ECE 3A,Block III - 301,Block III - 301,THU,1,21ECC304T,Mrs.M.Aarthi Elaveini
ECE,III Year,ECE 3A,Block III - 301,Block III - 301,THU,2,21BMO121T,Mrs.M.Aarthi Elaveini
ECE,III Year,ECE 3A,Block III - 301,Block III - 301,THU,3,21CSS303T,Mrs.M.Aarthi Elaveini
ECE,III Year,ECE 3A,Block III - 301,Block III - 301,THU,4,21ECE401T,Mrs.M.Aarthi Elaveini
ECE,III Year,ECE 3A,Block III - 301,Block III - 301,THU,5,21ECC302T,Mrs.M.Aarthi Elaveini
ECE,III Year,ECE 3A,Block III - 301,Block III - 301,THU,6,21ECP302L,Mrs.M.Aarthi Elaveini
ECE,III Year,ECE 3A,Block III - 301,Block III - 301,FRI,1,21CSS303T,Mrs.M.Aarthi Elaveini
ECE,III Year,ECE 3A,Block III - 301,Block III - 301,FRI,2,21ECC304T,Mrs.M.Aarthi Elaveini
ECE,III Year,ECE 3A,Block III - 301,Block III - 301,FRI,3,21ECC322L,Mrs.M.Aarthi Elaveini
ECE,III Year,ECE 3A,Block III - 301,Block III - 301,FRI,5,1LEM302T,Mrs.M.Aarthi Elaveini
ECE,III Year,ECE 3A,Block III - 301,Block III - 301,FRI,6,LIB,Mrs.M.Aarthi Elaveini
BDA & CC,I Year,I/II/ BDA 'A,ADMIN 601,ADMIN 601,MON,1,21CSC101T / OODP,FACULTY OF ENGINEERING AND TECHNOLOGY
BDA & CC,I Year,I/II/ BDA 'A,ADMIN 601,ADMIN 601,MON,2,21MAB102T /ACCA,FACULTY OF ENGINEERING AND TECHNOLOGY
BDA & CC,I Year,I/II/ BDA 'A,ADMIN 601,ADMIN 601,MON,3,21CYB101J / CHEMISTRY,FACULTY OF ENGINEERING AND TECHNOLOGY
BDA & CC,I Year,I/II/ BDA 'A,ADMIN 601,ADMIN 601,MON,4,21EES101T / BEEE,FACULTY OF ENGINEERING AND TECHNOLOGY
BDA & CC,I Year,I/II/ BDA 'A,ADMIN 601,ADMIN 601,MON,6,21MES101L / WORKSHOP,FACULTY OF ENGINEERING AND TECHNOLOGY
BDA & CC,I Year,I/II/ BDA 'A,ADMIN 601,ADMIN 601,TUE,5,21CYB101J / CHEMISTRY,FACULTY OF ENGINEERING AND TECHNOLOGY
BDA & CC,I Year,I/II/ BDA 'A,ADMIN 601,ADMIN 601,TUE,7,21PDM102L / GENERAL APTITUDE,FACULTY OF ENGINEERING AND TECHNOLOGY
BDA & CC,I Year,I/II/ BDA 'A,ADMIN 601,ADMIN 601,WED,6,"21LEH103T / FRENCH
21LEH104T / GERMAN 
21LEH105T / JAPANESE",FACULTY OF ENGINEERING AND TECHNOLOGY
BDA & CC,I Year,I/II/ BDA 'A,ADMIN 601,ADMIN 601,WED,7,21CSC101T / OODP,FACULTY OF ENGINEERING AND TECHNOLOGY
BDA & CC,I Year,I/II/ BDA 'A,ADMIN 601,ADMIN 601,WED,8,21EES101T / BEEE,FACULTY OF ENGINEERING AND TECHNOLOGY
BDA & CC,I Year,I/II/ BDA 'A,ADMIN 601,ADMIN 601,THU,1,21CYB101J / CHEMISTRY,FACULTY OF ENGINEERING AND TECHNOLOGY
BDA & CC,I Year,I/II/ BDA 'A,ADMIN 601,ADMIN 601,THU,2,21CSC101T / OODP,FACULTY OF ENGINEERING AND TECHNOLOGY
BDA & CC,I Year,I/II/ BDA 'A,ADMIN 601,ADMIN 601,THU,3,21EES101T / BEEE,FACULTY OF ENGINEERING AND TECHNOLOGY
BDA & CC,I Year,I/II/ BDA 'A,ADMIN 601,ADMIN 601,THU,4,21LEM101T / COI,FACULTY OF ENGINEERING AND TECHNOLOGY
BDA & CC,I Year,I/II/ BDA 'A,ADMIN 601,ADMIN 601,THU,5,21MAB102T /ACCA,FACULTY OF ENGINEERING AND TECHNOLOGY
BDA & CC,I Year,I/II/ BDA 'A,ADMIN 601,ADMIN 601,THU,6,21MAB102T /ACCA,FACULTY OF ENGINEERING AND TECHNOLOGY
BDA & CC,I Year,I/II/ BDA 'A,ADMIN 601,ADMIN 601,THU,7,21CYB101J / CHEMISTRY,FACULTY OF ENGINEERING AND TECHNOLOGY
BDA & CC,I Year,I/II/ BDA 'A,ADMIN 601,ADMIN 601,FRI,1,21EES101T / BEEE,FACULTY OF ENGINEERING AND TECHNOLOGY
BDA & CC,I Year,I/II/ BDA 'A,ADMIN 601,ADMIN 601,FRI,2,21MAB102T /ACCA,FACULTY OF ENGINEERING AND TECHNOLOGY
BDA & CC,I Year,I/II/ BDA 'A,ADMIN 601,ADMIN 601,FRI,3,"21LEH103T / FRENCH
21LEH104T / GERMAN 
21LEH105T / JAPANESE",FACULTY OF ENGINEERING AND TECHNOLOGY
BDA & CC,I Year,I/II/ BDA 'A,ADMIN 601,ADMIN 601,FRI,5,21CYB101J / CHEMISTRY,FACULTY OF ENGINEERING AND TECHNOLOGY
BDA & CC,I Year,I/II/ BDA 'A,ADMIN 601,ADMIN 601,FRI,6,21CYM101T / EVS,FACULTY OF ENGINEERING AND TECHNOLOGY
BDA & CC,I Year,I/II/BDA 'B,ADMIN 602,ADMIN 602,MON,5,21PDM102L / GENERAL APTITUDE,FACULTY OF ENGINEERING AND TECHNOLOGY
BDA & CC,I Year,I/II/BDA 'B,ADMIN 602,ADMIN 602,MON,7,21EES101T / BEEE,FACULTY OF ENGINEERING AND TECHNOLOGY
BDA & CC,I Year,I/II/BDA 'B,ADMIN 602,ADMIN 602,MON,8,21CYB101J / CHEMISTRY,FACULTY OF ENGINEERING AND TECHNOLOGY
BDA & CC,I Year,I/II/BDA 'B,ADMIN 602,ADMIN 602,TUE,1,21EES101T / BEEE,FACULTY OF ENGINEERING AND TECHNOLOGY
BDA & CC,I Year,I/II/BDA 'B,ADMIN 602,ADMIN 602,TUE,2,21CSC101T / OODP,FACULTY OF ENGINEERING AND TECHNOLOGY
BDA & CC,I Year,I/II/BDA 'B,ADMIN 602,ADMIN 602,TUE,3,21CYB101J / CHEMISTRY,FACULTY OF ENGINEERING AND TECHNOLOGY
BDA & CC,I Year,I/II/BDA 'B,ADMIN 602,ADMIN 602,TUE,5,21MAB102T /ACCA,FACULTY OF ENGINEERING AND TECHNOLOGY
BDA & CC,I Year,I/II/BDA 'B,ADMIN 602,ADMIN 602,WED,1,21LEM101T / COI,FACULTY OF ENGINEERING AND TECHNOLOGY
BDA & CC,I Year,I/II/BDA 'B,ADMIN 602,ADMIN 602,WED,2,21EES101T / BEEE,FACULTY OF ENGINEERING AND TECHNOLOGY
BDA & CC,I Year,I/II/BDA 'B,ADMIN 602,ADMIN 602,WED,3,21CSC101T / OODP,FACULTY OF ENGINEERING AND TECHNOLOGY
BDA & CC,I Year,I/II/BDA 'B,ADMIN 602,ADMIN 602,WED,4,21MAB102T /ACCA,FACULTY OF ENGINEERING AND TECHNOLOGY
BDA & CC,I Year,I/II/BDA 'B,ADMIN 602,ADMIN 602,WED,6,"21LEH103T / FRENCH
21LEH104T / GERMAN 
21LEH105T / JAPANESE",FACULTY OF ENGINEERING AND TECHNOLOGY
BDA & CC,I Year,I/II/BDA 'B,ADMIN 602,ADMIN 602,WED,7,21CYB101J / CHEMISTRY,FACULTY OF ENGINEERING AND TECHNOLOGY
BDA & CC,I Year,I/II/BDA 'B,ADMIN 602,ADMIN 602,THU,1,21EES101T / BEEE,FACULTY OF ENGINEERING AND TECHNOLOGY
BDA & CC,I Year,I/II/BDA 'B,ADMIN 602,ADMIN 602,THU,2,21CYM101T / EVS,FACULTY OF ENGINEERING AND TECHNOLOGY
BDA & CC,I Year,I/II/BDA 'B,ADMIN 602,ADMIN 602,THU,3,21CYB101J / CHEMISTRY,FACULTY OF ENGINEERING AND TECHNOLOGY
BDA & CC,I Year,I/II/BDA 'B,ADMIN 602,ADMIN 602,THU,4,21MAB102T /ACCA,FACULTY OF ENGINEERING AND TECHNOLOGY
BDA & CC,I Year,I/II/BDA 'B,ADMIN 602,ADMIN 602,THU,6,21MES101L / WORKSHOP,FACULTY OF ENGINEERING AND TECHNOLOGY
BDA & CC,I Year,I/II/BDA 'B,ADMIN 602,ADMIN 602,FRI,1,21CSC101T / OODP,FACULTY OF ENGINEERING AND TECHNOLOGY
BDA & CC,I Year,I/II/BDA 'B,ADMIN 602,ADMIN 602,FRI,2,21MAB102T /ACCA,FACULTY OF ENGINEERING AND TECHNOLOGY
BDA & CC,I Year,I/II/BDA 'B,ADMIN 602,ADMIN 602,FRI,3,"21LEH103T / FRENCH
21LEH104T / GERMAN 
21LEH105T / JAPANESE",FACULTY OF ENGINEERING AND TECHNOLOGY
BDA & CC,I Year,I/II/BDA 'B,ADMIN 602,ADMIN 602,FRI,5,21CYB101J / CHEMISTRY,FACULTY OF ENGINEERING AND TECHNOLOGY
BDA & CC,I Year,I/II/ BDA 'C,ADMIN 602,ADMIN 602,MON,1,21EES101T / BEEE,FACULTY OF ENGINEERING AND TECHNOLOGY
BDA & CC,I Year,I/II/ BDA 'C,ADMIN 602,ADMIN 602,MON,2,21CYM101T / EVS,FACULTY OF ENGINEERING AND TECHNOLOGY
BDA & CC,I Year,I/II/ BDA 'C,ADMIN 602,ADMIN 602,MON,3,21MAB102T /ACCA,FACULTY OF ENGINEERING AND TECHNOLOGY
BDA & CC,I Year,I/II/ BDA 'C,ADMIN 602,ADMIN 602,MON,4,21MAB102T /ACCA,FACULTY OF ENGINEERING AND TECHNOLOGY
BDA & CC,I Year,I/II/ BDA 'C,ADMIN 602,ADMIN 602,MON,5,21CYB101J / CHEMISTRY,FACULTY OF ENGINEERING AND TECHNOLOGY
BDA & CC,I Year,I/II/ BDA 'C,ADMIN 602,ADMIN 602,MON,6,21CSC101T / OODP,FACULTY OF ENGINEERING AND TECHNOLOGY
BDA & CC,I Year,I/II/ BDA 'C,ADMIN 602,ADMIN 602,MON,7,21LEM101T / COI,FACULTY OF ENGINEERING AND TECHNOLOGY
BDA & CC,I Year,I/II/ BDA 'C,ADMIN 602,ADMIN 602,TUE,4,21MES101L / WORKSHOP,FACULTY OF ENGINEERING AND TECHNOLOGY
BDA & CC,I Year,I/II/ BDA 'C,ADMIN 602,ADMIN 602,TUE,5,21MES101L / WORKSHOP,FACULTY OF ENGINEERING AND TECHNOLOGY
BDA & CC,I Year,I/II/ BDA 'C,ADMIN 602,ADMIN 602,TUE,7,21CYB101J / CHEMISTRY,FACULTY OF ENGINEERING AND TECHNOLOGY
BDA & CC,I Year,I/II/ BDA 'C,ADMIN 602,ADMIN 602,WED,1,21MAB102T /ACCA,FACULTY OF ENGINEERING AND TECHNOLOGY
BDA & CC,I Year,I/II/ BDA 'C,ADMIN 602,ADMIN 602,WED,2,21EES101T / BEEE,FACULTY OF ENGINEERING AND TECHNOLOGY
BDA & CC,I Year,I/II/ BDA 'C,ADMIN 602,ADMIN 602,WED,3,21CYB101J / CHEMISTRY,FACULTY OF ENGINEERING AND TECHNOLOGY
BDA & CC,I Year,I/II/ BDA 'C,ADMIN 602,ADMIN 602,WED,4,21CSC101T / OODP,FACULTY OF ENGINEERING AND TECHNOLOGY
BDA & CC,I Year,I/II/ BDA 'C,ADMIN 602,ADMIN 602,WED,6,21MAB102T /ACCA,FACULTY OF ENGINEERING AND TECHNOLOGY
BDA & CC,I Year,I/II/ BDA 'C,ADMIN 602,ADMIN 602,THU,1,"21LEH103T / FRENCH
21LEH104T / GERMAN 
21LEH105T / JAPANESE",FACULTY OF ENGINEERING AND TECHNOLOGY
BDA & CC,I Year,I/II/ BDA 'C,ADMIN 602,ADMIN 602,THU,3,21EES101T / BEEE,FACULTY OF ENGINEERING AND TECHNOLOGY
BDA & CC,I Year,I/II/ BDA 'C,ADMIN 602,ADMIN 602,THU,4,21CSC101T / OODP,FACULTY OF ENGINEERING AND TECHNOLOGY
BDA & CC,I Year,I/II/ BDA 'C,ADMIN 602,ADMIN 602,THU,5,21CYB101J / CHEMISTRY,FACULTY OF ENGINEERING AND TECHNOLOGY
BDA & CC,I Year,I/II/ BDA 'C,ADMIN 602,ADMIN 602,THU,7,21CYB101J / CHEMISTRY,FACULTY OF ENGINEERING AND TECHNOLOGY
BDA & CC,I Year,I/II/ BDA 'C,ADMIN 602,ADMIN 602,FRI,5,"21LEH103T / FRENCH
21LEH104T / GERMAN 
21LEH105T / JAPANESE",FACULTY OF ENGINEERING AND TECHNOLOGY
BDA & CC,I Year,I/II/ BDA 'C,ADMIN 602,ADMIN 602,FRI,6,21EES101T / BEEE,FACULTY OF ENGINEERING AND TECHNOLOGY
BDA & CC,I Year,I/II/ BDA 'C,ADMIN 602,ADMIN 602,FRI,7,21PDM102L / GENERAL APTITUDE,FACULTY OF ENGINEERING AND TECHNOLOGY
BDA & CC,I Year,I/II/CC 'A,ADMIN 603,ADMIN 603,MON,5,21CSC101T / OODP,FACULTY OF ENGINEERING AND TECHNOLOGY
BDA & CC,I Year,I/II/CC 'A,ADMIN 603,ADMIN 603,MON,6,21MAB102T /ACCA,FACULTY OF ENGINEERING AND TECHNOLOGY
BDA & CC,I Year,I/II/CC 'A,ADMIN 603,ADMIN 603,MON,7,21EES101T / BEEE,FACULTY OF ENGINEERING AND TECHNOLOGY
BDA & CC,I Year,I/II/CC 'A,ADMIN 603,ADMIN 603,MON,8,21CYB101J / CHEMISTRY,FACULTY OF ENGINEERING AND TECHNOLOGY
BDA & CC,I Year,I/II/CC 'A,ADMIN 603,ADMIN 603,TUE,1,21PDM102L / GENERAL APTITUDE,FACULTY OF ENGINEERING AND TECHNOLOGY
BDA & CC,I Year,I/II/CC 'A,ADMIN 603,ADMIN 603,TUE,3,21MAB102T /ACCA,FACULTY OF ENGINEERING AND TECHNOLOGY
BDA & CC,I Year,I/II/CC 'A,ADMIN 603,ADMIN 603,TUE,4,21MAB102T /ACCA,FACULTY OF ENGINEERING AND TECHNOLOGY
BDA & CC,I Year,I/II/CC 'A,ADMIN 603,ADMIN 603,TUE,5,21EES101T / BEEE,FACULTY OF ENGINEERING AND TECHNOLOGY
BDA & CC,I Year,I/II/CC 'A,ADMIN 603,ADMIN 603,TUE,6,21CYM101T / EVS,FACULTY OF ENGINEERING AND TECHNOLOGY
BDA & CC,I Year,I/II/CC 'A,ADMIN 603,ADMIN 603,TUE,7,21CYB101J / CHEMISTRY,FACULTY OF ENGINEERING AND TECHNOLOGY
BDA & CC,I Year,I/II/CC 'A,ADMIN 603,ADMIN 603,WED,1,21EES101T / BEEE,FACULTY OF ENGINEERING AND TECHNOLOGY
BDA & CC,I Year,I/II/CC 'A,ADMIN 603,ADMIN 603,WED,2,21CSC101T / OODP,FACULTY OF ENGINEERING AND TECHNOLOGY
BDA & CC,I Year,I/II/CC 'A,ADMIN 603,ADMIN 603,WED,3,21CYB101J / CHEMISTRY,FACULTY OF ENGINEERING AND TECHNOLOGY
BDA & CC,I Year,I/II/CC 'A,ADMIN 603,ADMIN 603,WED,4,21LEM101T / COI,FACULTY OF ENGINEERING AND TECHNOLOGY
BDA & CC,I Year,I/II/CC 'A,ADMIN 603,ADMIN 603,THU,1,"21LEH103T / FRENCH
21LEH104T / GERMAN 
21LEH105T / JAPANESE",FACULTY OF ENGINEERING AND TECHNOLOGY
BDA & CC,I Year,I/II/CC 'A,ADMIN 603,ADMIN 603,THU,3,21EES101T / BEEE,FACULTY OF ENGINEERING AND TECHNOLOGY
BDA & CC,I Year,I/II/CC 'A,ADMIN 603,ADMIN 603,THU,4,21CSC101T / OODP,FACULTY OF ENGINEERING AND TECHNOLOGY
BDA & CC,I Year,I/II/CC 'A,ADMIN 603,ADMIN 603,FRI,1,21MES102L / ENGINEERING GRAPHICS,FACULTY OF ENGINEERING AND TECHNOLOGY
BDA & CC,I Year,I/II/CC 'A,ADMIN 603,ADMIN 603,FRI,3,21MES102L / ENGINEERING GRAPHICS,FACULTY OF ENGINEERING AND TECHNOLOGY
BDA & CC,I Year,I/II/CC 'A,ADMIN 603,ADMIN 603,FRI,4,21CYB101J / CHEMISTRY,FACULTY OF ENGINEERING AND TECHNOLOGY
BDA & CC,I Year,I/II/CC 'A,ADMIN 603,ADMIN 603,FRI,5,"21LEH103T / FRENCH
21LEH104T / GERMAN 
21LEH105T / JAPANESE",FACULTY OF ENGINEERING AND TECHNOLOGY
BDA & CC,I Year,I/II/CC 'A,ADMIN 603,ADMIN 603,FRI,6,21MAB102T /ACCA,FACULTY OF ENGINEERING AND TECHNOLOGY
BDA & CC,I Year,I/II/CC 'A,ADMIN 603,ADMIN 603,FRI,7,21CYB101J / CHEMISTRY,FACULTY OF ENGINEERING AND TECHNOLOGY
BDA & CC,I Year,I/II/CC 'B,ADMIN 506,ADMIN 506,MON,1,21EES101T / BEEE,FACULTY OF ENGINEERING AND TECHNOLOGY
BDA & CC,I Year,I/II/CC 'B,ADMIN 506,ADMIN 506,MON,2,21CYB101J / CHEMISTRY,FACULTY OF ENGINEERING AND TECHNOLOGY
BDA & CC,I Year,I/II/CC 'B,ADMIN 506,ADMIN 506,MON,3,21PDM102L / GENERAL APTITUDE,FACULTY OF ENGINEERING AND TECHNOLOGY
BDA & CC,I Year,I/II/CC 'B,ADMIN 506,ADMIN 506,MON,6,21MES102L / ENGINEERING GRAPHICS,FACULTY OF ENGINEERING AND TECHNOLOGY
BDA & CC,I Year,I/II/CC 'B,ADMIN 506,ADMIN 506,TUE,1,21MAB102T /ACCA,FACULTY OF ENGINEERING AND TECHNOLOGY
BDA & CC,I Year,I/II/CC 'B,ADMIN 506,ADMIN 506,TUE,2,21CSC101T / OODP,FACULTY OF ENGINEERING AND TECHNOLOGY
BDA & CC,I Year,I/II/CC 'B,ADMIN 506,ADMIN 506,TUE,3,21EES101T / BEEE,FACULTY OF ENGINEERING AND TECHNOLOGY
BDA & CC,I Year,I/II/CC 'B,ADMIN 506,ADMIN 506,TUE,4,21CYB101J / CHEMISTRY,FACULTY OF ENGINEERING AND TECHNOLOGY
BDA & CC,I Year,I/II/CC 'B,ADMIN 506,ADMIN 506,TUE,5,21MAB102T /ACCA,FACULTY OF ENGINEERING AND TECHNOLOGY
BDA & CC,I Year,I/II/CC 'B,ADMIN 506,ADMIN 506,TUE,6,21LEM101T / COI,FACULTY OF ENGINEERING AND TECHNOLOGY
BDA & CC,I Year,I/II/CC 'B,ADMIN 506,ADMIN 506,TUE,7,21CYM101T / EVS,FACULTY OF ENGINEERING AND TECHNOLOGY
BDA & CC,I Year,I/II/CC 'B,ADMIN 506,ADMIN 506,WED,6,21CSC101T / OODP,FACULTY OF ENGINEERING AND TECHNOLOGY
BDA & CC,I Year,I/II/CC 'B,ADMIN 506,ADMIN 506,WED,7,21CYB101J / CHEMISTRY,FACULTY OF ENGINEERING AND TECHNOLOGY
BDA & CC,I Year,I/II/CC 'B,ADMIN 506,ADMIN 506,THU,5,"21LEH103T / FRENCH
21LEH104T / GERMAN 
21LEH105T / JAPANESE",FACULTY OF ENGINEERING AND TECHNOLOGY
BDA & CC,I Year,I/II/CC 'B,ADMIN 506,ADMIN 506,THU,7,21EES101T / BEEE,FACULTY OF ENGINEERING AND TECHNOLOGY
BDA & CC,I Year,I/II/CC 'B,ADMIN 506,ADMIN 506,THU,8,21CYB101J / CHEMISTRY,FACULTY OF ENGINEERING AND TECHNOLOGY
BDA & CC,I Year,I/II/CC 'B,ADMIN 506,ADMIN 506,FRI,1,21CSC101T / OODP,FACULTY OF ENGINEERING AND TECHNOLOGY
BDA & CC,I Year,I/II/CC 'B,ADMIN 506,ADMIN 506,FRI,2,21MAB102T /ACCA,FACULTY OF ENGINEERING AND TECHNOLOGY
BDA & CC,I Year,I/II/CC 'B,ADMIN 506,ADMIN 506,FRI,3,21MAB102T /ACCA,FACULTY OF ENGINEERING AND TECHNOLOGY
BDA & CC,I Year,I/II/CC 'B,ADMIN 506,ADMIN 506,FRI,4,"21LEH103T / FRENCH
21LEH104T / GERMAN 
21LEH105T / JAPANESE",FACULTY OF ENGINEERING AND TECHNOLOGY
BDA & CC,I Year,I/II/CC 'B,ADMIN 506,ADMIN 506,FRI,5,21EES101T / BEEE,FACULTY OF ENGINEERING AND TECHNOLOGY
BDA & CC,I Year,I/II/CC 'B,ADMIN 506,ADMIN 506,FRI,6,21CYB101J / CHEMISTRY,FACULTY OF ENGINEERING AND TECHNOLOGY
BDA & CC,I Year,I/II/CC 'C,ADMIN 506,ADMIN 506,MON,1,21MAB102T /ACCA,FACULTY OF ENGINEERING AND TECHNOLOGY
BDA & CC,I Year,I/II/CC 'C,ADMIN 506,ADMIN 506,MON,2,21CYB101J / CHEMISTRY,FACULTY OF ENGINEERING AND TECHNOLOGY
BDA & CC,I Year,I/II/CC 'C,ADMIN 506,ADMIN 506,MON,3,21EES101T / BEEE,FACULTY OF ENGINEERING AND TECHNOLOGY
BDA & CC,I Year,I/II/CC 'C,ADMIN 506,ADMIN 506,MON,4,21CYM101T / EVS,FACULTY OF ENGINEERING AND TECHNOLOGY
BDA & CC,I Year,I/II/CC 'C,ADMIN 506,ADMIN 506,TUE,1,21CYB101J / CHEMISTRY,FACULTY OF ENGINEERING AND TECHNOLOGY
BDA & CC,I Year,I/II/CC 'C,ADMIN 506,ADMIN 506,TUE,2,21EES101T / BEEE,FACULTY OF ENGINEERING AND TECHNOLOGY
BDA & CC,I Year,I/II/CC 'C,ADMIN 506,ADMIN 506,TUE,3,21LEM101T / COI,FACULTY OF ENGINEERING AND TECHNOLOGY
BDA & CC,I Year,I/II/CC 'C,ADMIN 506,ADMIN 506,TUE,4,21MAB102T /ACCA,FACULTY OF ENGINEERING AND TECHNOLOGY
BDA & CC,I Year,I/II/CC 'C,ADMIN 506,ADMIN 506,TUE,5,21CSC101T / OODP,FACULTY OF ENGINEERING AND TECHNOLOGY
BDA & CC,I Year,I/II/CC 'C,ADMIN 506,ADMIN 506,TUE,6,21EES101T / BEEE,FACULTY OF ENGINEERING AND TECHNOLOGY
BDA & CC,I Year,I/II/CC 'C,ADMIN 506,ADMIN 506,TUE,7,21PDM102L / GENERAL APTITUDE,FACULTY OF ENGINEERING AND TECHNOLOGY
BDA & CC,I Year,I/II/CC 'C,ADMIN 506,ADMIN 506,WED,1,21CYB101J / CHEMISTRY,FACULTY OF ENGINEERING AND TECHNOLOGY
BDA & CC,I Year,I/II/CC 'C,ADMIN 506,ADMIN 506,WED,2,21MAB102T /ACCA,FACULTY OF ENGINEERING AND TECHNOLOGY
BDA & CC,I Year,I/II/CC 'C,ADMIN 506,ADMIN 506,WED,4,21CSC101T / OODP,FACULTY OF ENGINEERING AND TECHNOLOGY
BDA & CC,I Year,I/II/CC 'C,ADMIN 506,ADMIN 506,WED,6,21MES102L / ENGINEERING GRAPHICS,FACULTY OF ENGINEERING AND TECHNOLOGY
BDA & CC,I Year,I/II/CC 'C,ADMIN 506,ADMIN 506,THU,5,"21LEH103T / FRENCH
21LEH104T / GERMAN 
21LEH105T / JAPANESE",FACULTY OF ENGINEERING AND TECHNOLOGY
BDA & CC,I Year,I/II/CC 'C,ADMIN 506,ADMIN 506,THU,7,21CYB101J / CHEMISTRY,FACULTY OF ENGINEERING AND TECHNOLOGY
BDA & CC,I Year,I/II/CC 'C,ADMIN 506,ADMIN 506,FRI,1,21CSC101T / OODP,FACULTY OF ENGINEERING AND TECHNOLOGY
BDA & CC,I Year,I/II/CC 'C,ADMIN 506,ADMIN 506,FRI,3,21EES101T / BEEE,FACULTY OF ENGINEERING AND TECHNOLOGY
BDA & CC,I Year,I/II/CC 'C,ADMIN 506,ADMIN 506,FRI,4,"21LEH103T / FRENCH
21LEH104T / GERMAN 
21LEH105T / JAPANESE",FACULTY OF ENGINEERING AND TECHNOLOGY
BDA & CC,I Year,I/II/CC 'C,ADMIN 506,ADMIN 506,FRI,5,21MAB102T /ACCA,FACULTY OF ENGINEERING AND TECHNOLOGY
BDA & CC,I Year,I/II/CC 'C,ADMIN 506,ADMIN 506,FRI,6,21CYB101J / CHEMISTRY,FACULTY OF ENGINEERING AND TECHNOLOGY
BDA & CC,II Year,II/IV/BDA A,BMS 904,BMS 904,MON,1,21CSC204J/ DAA,FACULTY OF ENGINEERING AND TECHNOLOGY
BDA & CC,II Year,II/IV/BDA A,BMS 904,BMS 904,MON,2,21CSE222T/ BDTT,FACULTY OF ENGINEERING AND TECHNOLOGY
BDA & CC,II Year,II/IV/BDA A,BMS 904,BMS 904,MON,3,21MAB301T/ P&S,FACULTY OF ENGINEERING AND TECHNOLOGY
BDA & CC,II Year,II/IV/BDA A,BMS 904,BMS 904,MON,4,21LEM202T /UHV,FACULTY OF ENGINEERING AND TECHNOLOGY
BDA & CC,II Year,II/IV/BDA A,BMS 904,BMS 904,TUE,1,21CSE222T/ BDTT,FACULTY OF ENGINEERING AND TECHNOLOGY
BDA & CC,II Year,II/IV/BDA A,BMS 904,BMS 904,TUE,2,21MAB301T/ P&S,FACULTY OF ENGINEERING AND TECHNOLOGY
BDA & CC,II Year,II/IV/BDA A,BMS 904,BMS 904,TUE,3,21CSC204J/ DAA,FACULTY OF ENGINEERING AND TECHNOLOGY
BDA & CC,II Year,II/IV/BDA A,BMS 904,BMS 904,TUE,4,21CSC205P/ DBMS,FACULTY OF ENGINEERING AND TECHNOLOGY
BDA & CC,II Year,II/IV/BDA A,BMS 904,BMS 904,TUE,5,21CSC204J/ DAA,FACULTY OF ENGINEERING AND TECHNOLOGY
BDA & CC,II Year,II/IV/BDA A,BMS 904,BMS 904,TUE,7,21CSC205P/ DBMS,FACULTY OF ENGINEERING AND TECHNOLOGY
BDA & CC,II Year,II/IV/BDA A,BMS 904,BMS 904,WED,1,21PDM202L/CCTS,FACULTY OF ENGINEERING AND TECHNOLOGY
BDA & CC,II Year,II/IV/BDA A,BMS 904,BMS 904,WED,3,21LEM202T /UHV,FACULTY OF ENGINEERING AND TECHNOLOGY
BDA & CC,II Year,II/IV/BDA A,BMS 904,BMS 904,WED,4,21CSC206T/ AI,FACULTY OF ENGINEERING AND TECHNOLOGY
BDA & CC,II Year,II/IV/BDA A,BMS 904,BMS 904,WED,6,21MAB301T/ P&S,FACULTY OF ENGINEERING AND TECHNOLOGY
BDA & CC,II Year,II/IV/BDA A,BMS 904,BMS 904,THU,1,21CSC205P/ DBMS,FACULTY OF ENGINEERING AND TECHNOLOGY
BDA & CC,II Year,II/IV/BDA A,BMS 904,BMS 904,THU,2,21MAB301T/ P&S,FACULTY OF ENGINEERING AND TECHNOLOGY
BDA & CC,II Year,II/IV/BDA A,BMS 904,BMS 904,THU,3,21CSC206T/ AI,FACULTY OF ENGINEERING AND TECHNOLOGY
BDA & CC,II Year,II/IV/BDA A,BMS 904,BMS 904,THU,5,21CSC204J/ DAA,FACULTY OF ENGINEERING AND TECHNOLOGY
BDA & CC,II Year,II/IV/BDA A,BMS 904,BMS 904,THU,6,21LEM202T /UHV,FACULTY OF ENGINEERING AND TECHNOLOGY
BDA & CC,II Year,II/IV/BDA A,BMS 904,BMS 904,FRI,5,21CSC206T/ AI,FACULTY OF ENGINEERING AND TECHNOLOGY
BDA & CC,II Year,II/IV/BDA A,BMS 904,BMS 904,FRI,6,21CSE222T/ BDTT,FACULTY OF ENGINEERING AND TECHNOLOGY
BDA & CC,II Year,II/IV/BDA A,BMS 904,BMS 904,FRI,7,21PDH201T/ SE,FACULTY OF ENGINEERING AND TECHNOLOGY
BDA & CC,II Year,II/IV/BDA B,BMS 905,BMS 905,MON,1,21CSC205P/ DBMS,FACULTY OF ENGINEERING AND TECHNOLOGY
BDA & CC,II Year,II/IV/BDA B,BMS 905,BMS 905,MON,2,21LEM202T /UHV,FACULTY OF ENGINEERING AND TECHNOLOGY
BDA & CC,II Year,II/IV/BDA B,BMS 905,BMS 905,MON,3,21CSC204J/ DAA,FACULTY OF ENGINEERING AND TECHNOLOGY
BDA & CC,II Year,II/IV/BDA B,BMS 905,BMS 905,MON,4,21CSC206T/ AI,FACULTY OF ENGINEERING AND TECHNOLOGY
BDA & CC,II Year,II/IV/BDA B,BMS 905,BMS 905,MON,5,21CSE222T/ BDTT,FACULTY OF ENGINEERING AND TECHNOLOGY
BDA & CC,II Year,II/IV/BDA B,BMS 905,BMS 905,TUE,1,21CSC204J/ DAA,FACULTY OF ENGINEERING AND TECHNOLOGY
BDA & CC,II Year,II/IV/BDA B,BMS 905,BMS 905,TUE,3,21CSC205P/ DBMS,FACULTY OF ENGINEERING AND TECHNOLOGY
BDA & CC,II Year,II/IV/BDA B,BMS 905,BMS 905,TUE,5,21MAB301T/ P&S,FACULTY OF ENGINEERING AND TECHNOLOGY
BDA & CC,II Year,II/IV/BDA B,BMS 905,BMS 905,TUE,6,21CSC206T/ AI,FACULTY OF ENGINEERING AND TECHNOLOGY
BDA & CC,II Year,II/IV/BDA B,BMS 905,BMS 905,WED,1,21CSE222T/ BDTT,FACULTY OF ENGINEERING AND TECHNOLOGY
BDA & CC,II Year,II/IV/BDA B,BMS 905,BMS 905,WED,2,21MAB301T/ P&S,FACULTY OF ENGINEERING AND TECHNOLOGY
BDA & CC,II Year,II/IV/BDA B,BMS 905,BMS 905,WED,3,21CSC204J/ DAA,FACULTY OF ENGINEERING AND TECHNOLOGY
BDA & CC,II Year,II/IV/BDA B,BMS 905,BMS 905,WED,4,21LEM202T /UHV,FACULTY OF ENGINEERING AND TECHNOLOGY
BDA & CC,II Year,II/IV/BDA B,BMS 905,BMS 905,THU,1,21MAB301T/ P&S,FACULTY OF ENGINEERING AND TECHNOLOGY
BDA & CC,II Year,II/IV/BDA B,BMS 905,BMS 905,THU,2,21CSC205P/ DBMS,FACULTY OF ENGINEERING AND TECHNOLOGY
BDA & CC,II Year,II/IV/BDA B,BMS 905,BMS 905,THU,3,21PDM202L/CCTS,FACULTY OF ENGINEERING AND TECHNOLOGY
BDA & CC,II Year,II/IV/BDA B,BMS 905,BMS 905,THU,5,21LEM202T /UHV,FACULTY OF ENGINEERING AND TECHNOLOGY
BDA & CC,II Year,II/IV/BDA B,BMS 905,BMS 905,FRI,1,21CSC204J/ DAA,FACULTY OF ENGINEERING AND TECHNOLOGY
BDA & CC,II Year,II/IV/BDA B,BMS 905,BMS 905,FRI,2,21MAB301T/ P&S,FACULTY OF ENGINEERING AND TECHNOLOGY
BDA & CC,II Year,II/IV/BDA B,BMS 905,BMS 905,FRI,3,21CSC206T/ AI,FACULTY OF ENGINEERING AND TECHNOLOGY
BDA & CC,II Year,II/IV/BDA B,BMS 905,BMS 905,FRI,4,21CSE222T/ BDTT,FACULTY OF ENGINEERING AND TECHNOLOGY
BDA & CC,II Year,II/IV/BDA B,BMS 905,BMS 905,FRI,5,21PDH201T/ SE,FACULTY OF ENGINEERING AND TECHNOLOGY
BDA & CC,II Year,II/IV/BDA C,BMS 905,BMS 905,MON,1,21CSC205P/ DBMS,FACULTY OF ENGINEERING AND TECHNOLOGY
BDA & CC,II Year,II/IV/BDA C,BMS 905,BMS 905,MON,3,21CSC204J/ DAA,FACULTY OF ENGINEERING AND TECHNOLOGY
BDA & CC,II Year,II/IV/BDA C,BMS 905,BMS 905,MON,5,21CSE222T/ BDTT,FACULTY OF ENGINEERING AND TECHNOLOGY
BDA & CC,II Year,II/IV/BDA C,BMS 905,BMS 905,MON,6,21CSC204J/ DAA,FACULTY OF ENGINEERING AND TECHNOLOGY
BDA & CC,II Year,II/IV/BDA C,BMS 905,BMS 905,TUE,1,21MAB301T/ P&S,FACULTY OF ENGINEERING AND TECHNOLOGY
BDA & CC,II Year,II/IV/BDA C,BMS 905,BMS 905,TUE,2,21LEM202T /UHV,FACULTY OF ENGINEERING AND TECHNOLOGY
BDA & CC,II Year,II/IV/BDA C,BMS 905,BMS 905,TUE,4,21CSC206T/ AI,FACULTY OF ENGINEERING AND TECHNOLOGY
BDA & CC,II Year,II/IV/BDA C,BMS 905,BMS 905,TUE,5,21PDM202L/CCTS,FACULTY OF ENGINEERING AND TECHNOLOGY
BDA & CC,II Year,II/IV/BDA C,BMS 905,BMS 905,WED,1,21LEM202T /UHV,FACULTY OF ENGINEERING AND TECHNOLOGY
BDA & CC,II Year,II/IV/BDA C,BMS 905,BMS 905,WED,2,21CSE222T/ BDTT,FACULTY OF ENGINEERING AND TECHNOLOGY
BDA & CC,II Year,II/IV/BDA C,BMS 905,BMS 905,WED,3,21CSC206T/ AI,FACULTY OF ENGINEERING AND TECHNOLOGY
BDA & CC,II Year,II/IV/BDA C,BMS 905,BMS 905,WED,4,21MAB301T/ P&S,FACULTY OF ENGINEERING AND TECHNOLOGY
BDA & CC,II Year,II/IV/BDA C,BMS 905,BMS 905,THU,1,21CSC206T/ AI,FACULTY OF ENGINEERING AND TECHNOLOGY
BDA & CC,II Year,II/IV/BDA C,BMS 905,BMS 905,THU,2,21CSE222T/ BDTT,FACULTY OF ENGINEERING AND TECHNOLOGY
BDA & CC,II Year,II/IV/BDA C,BMS 905,BMS 905,THU,3,21MAB301T/ P&S,FACULTY OF ENGINEERING AND TECHNOLOGY
BDA & CC,II Year,II/IV/BDA C,BMS 905,BMS 905,THU,4,21CSC204J/ DAA,FACULTY OF ENGINEERING AND TECHNOLOGY
BDA & CC,II Year,II/IV/BDA C,BMS 905,BMS 905,THU,5,21CSC205P/ DBMS,FACULTY OF ENGINEERING AND TECHNOLOGY
BDA & CC,II Year,II/IV/BDA C,BMS 905,BMS 905,THU,7,21PDH201T/ SE,FACULTY OF ENGINEERING AND TECHNOLOGY
BDA & CC,II Year,II/IV/BDA C,BMS 905,BMS 905,FRI,1,21CSC205P/ DBMS,FACULTY OF ENGINEERING AND TECHNOLOGY
BDA & CC,II Year,II/IV/BDA C,BMS 905,BMS 905,FRI,2,21MAB301T/ P&S,FACULTY OF ENGINEERING AND TECHNOLOGY
BDA & CC,II Year,II/IV/BDA C,BMS 905,BMS 905,FRI,3,21CSC204J/ DAA,FACULTY OF ENGINEERING AND TECHNOLOGY
BDA & CC,II Year,II/IV/BDA C,BMS 905,BMS 905,FRI,4,21LEM202T /UHV,FACULTY OF ENGINEERING AND TECHNOLOGY
BDA & CC,II Year,II/IV/CC A,NA 206,NA 206,MON,1,21DCS201P / DTM,FACULTY OF ENGINEERING AND TECHNOLOGY
BDA & CC,II Year,II/IV/CC A,NA 206,NA 206,MON,3,21DCS201P / DTM,FACULTY OF ENGINEERING AND TECHNOLOGY
BDA & CC,II Year,II/IV/CC A,NA 206,NA 206,MON,5,21PDH201T/ SE,FACULTY OF ENGINEERING AND TECHNOLOGY
BDA & CC,II Year,II/IV/CC A,NA 206,NA 206,MON,7,21CSC205P/ DBMS,FACULTY OF ENGINEERING AND TECHNOLOGY
BDA & CC,II Year,II/IV/CC A,NA 206,NA 206,TUE,1,21CSE261T / FCC,FACULTY OF ENGINEERING AND TECHNOLOGY
BDA & CC,II Year,II/IV/CC A,NA 206,NA 206,TUE,2,21CSC204J/ DAA,FACULTY OF ENGINEERING AND TECHNOLOGY
BDA & CC,II Year,II/IV/CC A,NA 206,NA 206,TUE,3,21MAB204T/PQT,FACULTY OF ENGINEERING AND TECHNOLOGY
BDA & CC,II Year,II/IV/CC A,NA 206,NA 206,TUE,4,21CSC206T/ AI,FACULTY OF ENGINEERING AND TECHNOLOGY
BDA & CC,II Year,II/IV/CC A,NA 206,NA 206,WED,1,21CSC204J/ DAA,FACULTY OF ENGINEERING AND TECHNOLOGY
BDA & CC,II Year,II/IV/CC A,NA 206,NA 206,WED,3,21CSC205P/ DBMS,FACULTY OF ENGINEERING AND TECHNOLOGY
BDA & CC,II Year,II/IV/CC A,NA 206,NA 206,WED,6,21MAB204T/PQT,FACULTY OF ENGINEERING AND TECHNOLOGY
BDA & CC,II Year,II/IV/CC A,NA 206,NA 206,THU,1,21CSC206T/ AI,FACULTY OF ENGINEERING AND TECHNOLOGY
BDA & CC,II Year,II/IV/CC A,NA 206,NA 206,THU,2,21CSE261T / FCC,FACULTY OF ENGINEERING AND TECHNOLOGY
BDA & CC,II Year,II/IV/CC A,NA 206,NA 206,THU,3,21CSC204J/ DAA,FACULTY OF ENGINEERING AND TECHNOLOGY
BDA & CC,II Year,II/IV/CC A,NA 206,NA 206,THU,4,21MAB204T/PQT,FACULTY OF ENGINEERING AND TECHNOLOGY
BDA & CC,II Year,II/IV/CC A,NA 206,NA 206,THU,5,21PDM202L/CCTS,FACULTY OF ENGINEERING AND TECHNOLOGY
BDA & CC,II Year,II/IV/CC A,NA 206,NA 206,FRI,1,21MAB204T/PQT,FACULTY OF ENGINEERING AND TECHNOLOGY
BDA & CC,II Year,II/IV/CC A,NA 206,NA 206,FRI,2,21CSC204J/ DAA,FACULTY OF ENGINEERING AND TECHNOLOGY
BDA & CC,II Year,II/IV/CC A,NA 206,NA 206,FRI,3,21CSC206T/ AI,FACULTY OF ENGINEERING AND TECHNOLOGY
BDA & CC,II Year,II/IV/CC A,NA 206,NA 206,FRI,4,21CSC205P/ DBMS,FACULTY OF ENGINEERING AND TECHNOLOGY
BDA & CC,II Year,II/IV/CC A,NA 206,NA 206,FRI,5,21CSE261T / FCC,FACULTY OF ENGINEERING AND TECHNOLOGY
BDA & CC,II Year,II/IV/CC B,NA 207,NA 207,MON,1,21MAB204T/PQT,FACULTY OF ENGINEERING AND TECHNOLOGY
BDA & CC,II Year,II/IV/CC B,NA 207,NA 207,MON,2,21CSE261T / FCC,FACULTY OF ENGINEERING AND TECHNOLOGY
BDA & CC,II Year,II/IV/CC B,NA 207,NA 207,MON,3,21CSC206T/ AI,FACULTY OF ENGINEERING AND TECHNOLOGY
BDA & CC,II Year,II/IV/CC B,NA 207,NA 207,MON,4,21CSC204J/ DAA,FACULTY OF ENGINEERING AND TECHNOLOGY
BDA & CC,II Year,II/IV/CC B,NA 207,NA 207,MON,5,21PDM202L/CCTS,FACULTY OF ENGINEERING AND TECHNOLOGY
BDA & CC,II Year,II/IV/CC B,NA 207,NA 207,TUE,1,21CSC204J/ DAA,FACULTY OF ENGINEERING AND TECHNOLOGY
BDA & CC,II Year,II/IV/CC B,NA 207,NA 207,TUE,2,21MAB204T/PQT,FACULTY OF ENGINEERING AND TECHNOLOGY
BDA & CC,II Year,II/IV/CC B,NA 207,NA 207,TUE,3,21CSC205P/ DBMS,FACULTY OF ENGINEERING AND TECHNOLOGY
BDA & CC,II Year,II/IV/CC B,NA 207,NA 207,TUE,4,21CSE261T / FCC,FACULTY OF ENGINEERING AND TECHNOLOGY
BDA & CC,II Year,II/IV/CC B,NA 207,NA 207,TUE,5,21DCS201P / DTM,FACULTY OF ENGINEERING AND TECHNOLOGY
BDA & CC,II Year,II/IV/CC B,NA 207,NA 207,WED,1,21CSC205P/ DBMS,FACULTY OF ENGINEERING AND TECHNOLOGY
BDA & CC,II Year,II/IV/CC B,NA 207,NA 207,WED,3,21CSC204J/ DAA,FACULTY OF ENGINEERING AND TECHNOLOGY
BDA & CC,II Year,II/IV/CC B,NA 207,NA 207,WED,6,21MAB204T/PQT,FACULTY OF ENGINEERING AND TECHNOLOGY
BDA & CC,II Year,II/IV/CC B,NA 207,NA 207,THU,1,21CSC206T/ AI,FACULTY OF ENGINEERING AND TECHNOLOGY
BDA & CC,II Year,II/IV/CC B,NA 207,NA 207,THU,2,21MAB204T/PQT,FACULTY OF ENGINEERING AND TECHNOLOGY
BDA & CC,II Year,II/IV/CC B,NA 207,NA 207,THU,3,21CSC205P/ DBMS,FACULTY OF ENGINEERING AND TECHNOLOGY
BDA & CC,II Year,II/IV/CC B,NA 207,NA 207,THU,4,21CSC204J/ DAA,FACULTY OF ENGINEERING AND TECHNOLOGY
BDA & CC,II Year,II/IV/CC B,NA 207,NA 207,FRI,1,21CSE261T / FCC,FACULTY OF ENGINEERING AND TECHNOLOGY
BDA & CC,II Year,II/IV/CC B,NA 207,NA 207,FRI,2,21CSC206T/ AI,FACULTY OF ENGINEERING AND TECHNOLOGY
BDA & CC,II Year,II/IV/CC B,NA 207,NA 207,FRI,3,21PDH201T/ SE,FACULTY OF ENGINEERING AND TECHNOLOGY
BDA & CC,III Year,III/VI/BDA A,Block 3 - 302,Block 3 - 302,MON,1,21CSC303J / SEPM,FACULTY OF ENGINEERING AND TECHNOLOGY
BDA & CC,III Year,III/VI/BDA A,Block 3 - 302,Block 3 - 302,MON,2,21CSE327T / CCDA,FACULTY OF ENGINEERING AND TECHNOLOGY
BDA & CC,III Year,III/VI/BDA A,Block 3 - 302,Block 3 - 302,MON,3,21CSE356T /  NLP,FACULTY OF ENGINEERING AND TECHNOLOGY
BDA & CC,III Year,III/VI/BDA A,Block 3 - 302,Block 3 - 302,MON,4,21CSC304J / CD,FACULTY OF ENGINEERING AND TECHNOLOGY
BDA & CC,III Year,III/VI/BDA A,Block 3 - 302,Block 3 - 302,MON,5,21CSP302L / Project,FACULTY OF ENGINEERING AND TECHNOLOGY
BDA & CC,III Year,III/VI/BDA A,Block 3 - 302,Block 3 - 302,TUE,1,21CSP302L / Project,FACULTY OF ENGINEERING AND TECHNOLOGY
BDA & CC,III Year,III/VI/BDA A,Block 3 - 302,Block 3 - 302,TUE,3,21CSC303J / SEPM,FACULTY OF ENGINEERING AND TECHNOLOGY
BDA & CC,III Year,III/VI/BDA A,Block 3 - 302,Block 3 - 302,TUE,5,21ECO105T / FOO,FACULTY OF ENGINEERING AND TECHNOLOGY
BDA & CC,III Year,III/VI/BDA A,Block 3 - 302,Block 3 - 302,TUE,6,21LEM302T / ITK,FACULTY OF ENGINEERING AND TECHNOLOGY
BDA & CC,III Year,III/VI/BDA A,Block 3 - 302,Block 3 - 302,WED,1,21CSE327T / CCDA,FACULTY OF ENGINEERING AND TECHNOLOGY
BDA & CC,III Year,III/VI/BDA A,Block 3 - 302,Block 3 - 302,WED,2,21CSC303J / SEPM,FACULTY OF ENGINEERING AND TECHNOLOGY
BDA & CC,III Year,III/VI/BDA A,Block 3 - 302,Block 3 - 302,WED,3,21ECO105T / FOO,FACULTY OF ENGINEERING AND TECHNOLOGY
BDA & CC,III Year,III/VI/BDA A,Block 3 - 302,Block 3 - 302,WED,4,21CSE356T /  NLP,FACULTY OF ENGINEERING AND TECHNOLOGY
BDA & CC,III Year,III/VI/BDA A,Block 3 - 302,Block 3 - 302,THU,1,21CSE356T /  NLP,FACULTY OF ENGINEERING AND TECHNOLOGY
BDA & CC,III Year,III/VI/BDA A,Block 3 - 302,Block 3 - 302,THU,2,21CSE327T / CCDA,FACULTY OF ENGINEERING AND TECHNOLOGY
BDA & CC,III Year,III/VI/BDA A,Block 3 - 302,Block 3 - 302,THU,3,21ECO105T / FOO,FACULTY OF ENGINEERING AND TECHNOLOGY
BDA & CC,III Year,III/VI/BDA A,Block 3 - 302,Block 3 - 302,THU,4,21CSS301T / FSD,FACULTY OF ENGINEERING AND TECHNOLOGY
BDA & CC,III Year,III/VI/BDA A,Block 3 - 302,Block 3 - 302,THU,5,21CSC304J / CD,FACULTY OF ENGINEERING AND TECHNOLOGY
BDA & CC,III Year,III/VI/BDA A,Block 3 - 302,Block 3 - 302,THU,7,21CSP302L / Project,FACULTY OF ENGINEERING AND TECHNOLOGY
BDA & CC,III Year,III/VI/BDA A,Block 3 - 302,Block 3 - 302,FRI,1,21PDM302L / ESP,FACULTY OF ENGINEERING AND TECHNOLOGY
BDA & CC,III Year,III/VI/BDA A,Block 3 - 302,Block 3 - 302,FRI,3,21CSS301T / FSD,FACULTY OF ENGINEERING AND TECHNOLOGY
BDA & CC,III Year,III/VI/BDA A,Block 3 - 302,Block 3 - 302,FRI,4,21CSC304J / CD,FACULTY OF ENGINEERING AND TECHNOLOGY
BDA & CC,III Year,III/VI/BDA B,Block 3 - 303,Block 3 - 303,MON,1,21CSC304J / CD,FACULTY OF ENGINEERING AND TECHNOLOGY
BDA & CC,III Year,III/VI/BDA B,Block 3 - 303,Block 3 - 303,MON,3,21CSP302L / Project,FACULTY OF ENGINEERING AND TECHNOLOGY
BDA & CC,III Year,III/VI/BDA B,Block 3 - 303,Block 3 - 303,MON,5,21CSE356T /  NLP,FACULTY OF ENGINEERING AND TECHNOLOGY
BDA & CC,III Year,III/VI/BDA B,Block 3 - 303,Block 3 - 303,MON,6,21LEM302T / ITK,FACULTY OF ENGINEERING AND TECHNOLOGY
BDA & CC,III Year,III/VI/BDA B,Block 3 - 303,Block 3 - 303,TUE,1,21CSC304J / CD,FACULTY OF ENGINEERING AND TECHNOLOGY
BDA & CC,III Year,III/VI/BDA B,Block 3 - 303,Block 3 - 303,TUE,2,21CSS301T / FSD,FACULTY OF ENGINEERING AND TECHNOLOGY
BDA & CC,III Year,III/VI/BDA B,Block 3 - 303,Block 3 - 303,TUE,3,21CSE356T /  NLP,FACULTY OF ENGINEERING AND TECHNOLOGY
BDA & CC,III Year,III/VI/BDA B,Block 3 - 303,Block 3 - 303,TUE,4,21ECO105T / FOO,FACULTY OF ENGINEERING AND TECHNOLOGY
BDA & CC,III Year,III/VI/BDA B,Block 3 - 303,Block 3 - 303,TUE,5,21CSP302L / Project,FACULTY OF ENGINEERING AND TECHNOLOGY
BDA & CC,III Year,III/VI/BDA B,Block 3 - 303,Block 3 - 303,WED,1,21CSE356T /  NLP,FACULTY OF ENGINEERING AND TECHNOLOGY
BDA & CC,III Year,III/VI/BDA B,Block 3 - 303,Block 3 - 303,WED,2,21ECO105T / FOO,FACULTY OF ENGINEERING AND TECHNOLOGY
BDA & CC,III Year,III/VI/BDA B,Block 3 - 303,Block 3 - 303,WED,3,21CSE327T / CCDA,FACULTY OF ENGINEERING AND TECHNOLOGY
BDA & CC,III Year,III/VI/BDA B,Block 3 - 303,Block 3 - 303,WED,4,21CSC303J / SEPM,FACULTY OF ENGINEERING AND TECHNOLOGY
BDA & CC,III Year,III/VI/BDA B,Block 3 - 303,Block 3 - 303,THU,5,21CSC303J / SEPM,FACULTY OF ENGINEERING AND TECHNOLOGY
BDA & CC,III Year,III/VI/BDA B,Block 3 - 303,Block 3 - 303,THU,7,21CSP302L / Project,FACULTY OF ENGINEERING AND TECHNOLOGY
BDA & CC,III Year,III/VI/BDA B,Block 3 - 303,Block 3 - 303,FRI,1,21CSC303J / SEPM,FACULTY OF ENGINEERING AND TECHNOLOGY
BDA & CC,III Year,III/VI/BDA B,Block 3 - 303,Block 3 - 303,FRI,2,21ECO105T / FOO,FACULTY OF ENGINEERING AND TECHNOLOGY
BDA & CC,III Year,III/VI/BDA B,Block 3 - 303,Block 3 - 303,FRI,3,21CSS301T / FSD,FACULTY OF ENGINEERING AND TECHNOLOGY
BDA & CC,III Year,III/VI/BDA B,Block 3 - 303,Block 3 - 303,FRI,4,21CSC304J / CD,FACULTY OF ENGINEERING AND TECHNOLOGY
BDA & CC,III Year,III/VI/BDA B,Block 3 - 303,Block 3 - 303,FRI,5,21CSE327T / CCDA,FACULTY OF ENGINEERING AND TECHNOLOGY
BDA & CC,III Year,III/VI/BDA B,Block 3 - 303,Block 3 - 303,FRI,6,21CSE327T / CCDA,FACULTY OF ENGINEERING AND TECHNOLOGY
BDA & CC,III Year,III/VI/BDA B,Block 3 - 303,Block 3 - 303,FRI,7,21PDM302L / ESP,FACULTY OF ENGINEERING AND TECHNOLOGY
BDA & CC,III Year,III/VI/CC,Block 3 - 303,Block 3 - 303,MON,1,21ECO105T / FOO,FACULTY OF ENGINEERING AND TECHNOLOGY
BDA & CC,III Year,III/VI/CC,Block 3 - 303,Block 3 - 303,MON,2,21CSE355T / DMA,FACULTY OF ENGINEERING AND TECHNOLOGY
BDA & CC,III Year,III/VI/CC,Block 3 - 303,Block 3 - 303,MON,3,21CSC303J / SEPM,FACULTY OF ENGINEERING AND TECHNOLOGY
BDA & CC,III Year,III/VI/CC,Block 3 - 303,Block 3 - 303,MON,4,21CSC316J / CAP,FACULTY OF ENGINEERING AND TECHNOLOGY
BDA & CC,III Year,III/VI/CC,Block 3 - 303,Block 3 - 303,TUE,1,21CSE355T / DMA,FACULTY OF ENGINEERING AND TECHNOLOGY
BDA & CC,III Year,III/VI/CC,Block 3 - 303,Block 3 - 303,TUE,2,21ECO105T / FOO,FACULTY OF ENGINEERING AND TECHNOLOGY
BDA & CC,III Year,III/VI/CC,Block 3 - 303,Block 3 - 303,TUE,3,21CSE356T /  NLP,FACULTY OF ENGINEERING AND TECHNOLOGY
BDA & CC,III Year,III/VI/CC,Block 3 - 303,Block 3 - 303,TUE,4,21CSS303T / DS,FACULTY OF ENGINEERING AND TECHNOLOGY
BDA & CC,III Year,III/VI/CC,Block 3 - 303,Block 3 - 303,TUE,5,21PDM302L / ESP,FACULTY OF ENGINEERING AND TECHNOLOGY
BDA & CC,III Year,III/VI/CC,Block 3 - 303,Block 3 - 303,WED,1,21CSS303T / DS,FACULTY OF ENGINEERING AND TECHNOLOGY
BDA & CC,III Year,III/VI/CC,Block 3 - 303,Block 3 - 303,WED,2,21CSE356T /  NLP,FACULTY OF ENGINEERING AND TECHNOLOGY
BDA & CC,III Year,III/VI/CC,Block 3 - 303,Block 3 - 303,WED,3,21CSC316J / CAP,FACULTY OF ENGINEERING AND TECHNOLOGY
BDA & CC,III Year,III/VI/CC,Block 3 - 303,Block 3 - 303,WED,4,21CSE355T / DMA,FACULTY OF ENGINEERING AND TECHNOLOGY
BDA & CC,III Year,III/VI/CC,Block 3 - 303,Block 3 - 303,WED,6,21ECO105T / FOO,FACULTY OF ENGINEERING AND TECHNOLOGY
BDA & CC,III Year,III/VI/CC,Block 3 - 303,Block 3 - 303,THU,1,21CSC316J / CAP,FACULTY OF ENGINEERING AND TECHNOLOGY
BDA & CC,III Year,III/VI/CC,Block 3 - 303,Block 3 - 303,THU,3,21CSP302L / Project,FACULTY OF ENGINEERING AND TECHNOLOGY
BDA & CC,III Year,III/VI/CC,Block 3 - 303,Block 3 - 303,THU,5,21CSC303J / SEPM,FACULTY OF ENGINEERING AND TECHNOLOGY
BDA & CC,III Year,III/VI/CC,Block 3 - 303,Block 3 - 303,THU,6,21CSE356T /  NLP,FACULTY OF ENGINEERING AND TECHNOLOGY
BDA & CC,III Year,III/VI/CC,Block 3 - 303,Block 3 - 303,THU,7,21LEM302T / ITK,FACULTY OF ENGINEERING AND TECHNOLOGY
BDA & CC,III Year,III/VI/CC,Block 3 - 303,Block 3 - 303,FRI,3,21CSP302L / Project,FACULTY OF ENGINEERING AND TECHNOLOGY
BDA & CC,III Year,III/VI/CC,Block 3 - 303,Block 3 - 303,FRI,5,21CSP302L / Project,FACULTY OF ENGINEERING AND TECHNOLOGY
BDA & CC,III Year,III/VI/CC,Block 3 - 303,Block 3 - 303,FRI,7,21CSC303J / SEPM,FACULTY OF ENGINEERING AND TECHNOLOGY
BDA & CC,IV Year,IV/VIII/BDA A,(Not specified),(Not specified),MON,1,21CSP401L / Major Project,FACULTY OF ENGINEERING AND TECHNOLOGY
BDA & CC,IV Year,IV/VIII/BDA A,(Not specified),(Not specified),MON,3,21CSP401L / Major Project,FACULTY OF ENGINEERING AND TECHNOLOGY
BDA & CC,IV Year,IV/VIII/BDA A,(Not specified),(Not specified),MON,5,21CSP401L / Major Project,FACULTY OF ENGINEERING AND TECHNOLOGY
BDA & CC,IV Year,IV/VIII/BDA A,(Not specified),(Not specified),TUE,1,21CSP401L / Major Project,FACULTY OF ENGINEERING AND TECHNOLOGY
BDA & CC,IV Year,IV/VIII/BDA A,(Not specified),(Not specified),TUE,3,21CSP401L / Major Project,FACULTY OF ENGINEERING AND TECHNOLOGY
BDA & CC,IV Year,IV/VIII/BDA A,(Not specified),(Not specified),TUE,5,21CSP401L / Major Project,FACULTY OF ENGINEERING AND TECHNOLOGY
BDA & CC,IV Year,IV/VIII/BDA A,(Not specified),(Not specified),WED,1,21CSP401L / Major Project,FACULTY OF ENGINEERING AND TECHNOLOGY
BDA & CC,IV Year,IV/VIII/BDA A,(Not specified),(Not specified),WED,3,21CSP401L / Major Project,FACULTY OF ENGINEERING AND TECHNOLOGY
BDA & CC,IV Year,IV/VIII/BDA A,(Not specified),(Not specified),WED,7,21CSP401L / Major Project,FACULTY OF ENGINEERING AND TECHNOLOGY
BDA & CC,IV Year,IV/VIII/BDA A,(Not specified),(Not specified),THU,1,21CSP401L / Major Project,FACULTY OF ENGINEERING AND TECHNOLOGY
BDA & CC,IV Year,IV/VIII/BDA A,(Not specified),(Not specified),THU,3,21CSP401L / Major Project,FACULTY OF ENGINEERING AND TECHNOLOGY
BDA & CC,IV Year,IV/VIII/BDA A,(Not specified),(Not specified),THU,5,21CSP401L / Major Project,FACULTY OF ENGINEERING AND TECHNOLOGY
BDA & CC,IV Year,IV/VIII/BDA A,(Not specified),(Not specified),THU,7,21CSP401L / Major Project,FACULTY OF ENGINEERING AND TECHNOLOGY
BDA & CC,IV Year,IV/VIII/BDA A,(Not specified),(Not specified),FRI,1,21CSP401L / Major Project,FACULTY OF ENGINEERING AND TECHNOLOGY
BDA & CC,IV Year,IV/VIII/BDA A,(Not specified),(Not specified),FRI,3,21CSP401L / Major Project,FACULTY OF ENGINEERING AND TECHNOLOGY
BDA & CC,IV Year,IV/VIII/BDA B,(Not specified),(Not specified),MON,1,21CSP401L / Major Project,FACULTY OF ENGINEERING AND TECHNOLOGY
BDA & CC,IV Year,IV/VIII/BDA B,(Not specified),(Not specified),MON,3,21CSP401L / Major Project,FACULTY OF ENGINEERING AND TECHNOLOGY
BDA & CC,IV Year,IV/VIII/BDA B,(Not specified),(Not specified),MON,5,21CSP401L / Major Project,FACULTY OF ENGINEERING AND TECHNOLOGY
BDA & CC,IV Year,IV/VIII/BDA B,(Not specified),(Not specified),TUE,1,21CSP401L / Major Project,FACULTY OF ENGINEERING AND TECHNOLOGY
BDA & CC,IV Year,IV/VIII/BDA B,(Not specified),(Not specified),TUE,3,21CSP401L / Major Project,FACULTY OF ENGINEERING AND TECHNOLOGY
BDA & CC,IV Year,IV/VIII/BDA B,(Not specified),(Not specified),TUE,5,21CSP401L / Major Project,FACULTY OF ENGINEERING AND TECHNOLOGY
BDA & CC,IV Year,IV/VIII/BDA B,(Not specified),(Not specified),WED,1,21CSP401L / Major Project,FACULTY OF ENGINEERING AND TECHNOLOGY
BDA & CC,IV Year,IV/VIII/BDA B,(Not specified),(Not specified),WED,3,21CSP401L / Major Project,FACULTY OF ENGINEERING AND TECHNOLOGY
BDA & CC,IV Year,IV/VIII/BDA B,(Not specified),(Not specified),WED,7,21CSP401L / Major Project,FACULTY OF ENGINEERING AND TECHNOLOGY
BDA & CC,IV Year,IV/VIII/BDA B,(Not specified),(Not specified),THU,1,21CSP401L / Major Project,FACULTY OF ENGINEERING AND TECHNOLOGY
BDA & CC,IV Year,IV/VIII/BDA B,(Not specified),(Not specified),THU,3,21CSP401L / Major Project,FACULTY OF ENGINEERING AND TECHNOLOGY
BDA & CC,IV Year,IV/VIII/BDA B,(Not specified),(Not specified),THU,5,21CSP401L / Major Project,FACULTY OF ENGINEERING AND TECHNOLOGY
BDA & CC,IV Year,IV/VIII/BDA B,(Not specified),(Not specified),THU,7,21CSP401L / Major Project,FACULTY OF ENGINEERING AND TECHNOLOGY
BDA & CC,IV Year,IV/VIII/BDA B,(Not specified),(Not specified),FRI,1,21CSP401L / Major Project,FACULTY OF ENGINEERING AND TECHNOLOGY
BDA & CC,IV Year,IV/VIII/BDA B,(Not specified),(Not specified),FRI,3,21CSP401L / Major Project,FACULTY OF ENGINEERING AND TECHNOLOGY
BDA & CC,IV Year,IV/VIII/CC A,(Not specified),(Not specified),MON,1,21CSP401L / Major Project,FACULTY OF ENGINEERING AND TECHNOLOGY
BDA & CC,IV Year,IV/VIII/CC A,(Not specified),(Not specified),MON,3,21CSP401L / Major Project,FACULTY OF ENGINEERING AND TECHNOLOGY
BDA & CC,IV Year,IV/VIII/CC A,(Not specified),(Not specified),MON,5,21CSP401L / Major Project,FACULTY OF ENGINEERING AND TECHNOLOGY
BDA & CC,IV Year,IV/VIII/CC A,(Not specified),(Not specified),TUE,1,21CSP401L / Major Project,FACULTY OF ENGINEERING AND TECHNOLOGY
BDA & CC,IV Year,IV/VIII/CC A,(Not specified),(Not specified),TUE,3,21CSP401L / Major Project,FACULTY OF ENGINEERING AND TECHNOLOGY
BDA & CC,IV Year,IV/VIII/CC A,(Not specified),(Not specified),TUE,5,21CSP401L / Major Project,FACULTY OF ENGINEERING AND TECHNOLOGY
BDA & CC,IV Year,IV/VIII/CC A,(Not specified),(Not specified),WED,1,21CSP401L / Major Project,FACULTY OF ENGINEERING AND TECHNOLOGY
BDA & CC,IV Year,IV/VIII/CC A,(Not specified),(Not specified),WED,3,21CSP401L / Major Project,FACULTY OF ENGINEERING AND TECHNOLOGY
BDA & CC,IV Year,IV/VIII/CC A,(Not specified),(Not specified),WED,7,21CSP401L / Major Project,FACULTY OF ENGINEERING AND TECHNOLOGY
BDA & CC,IV Year,IV/VIII/CC A,(Not specified),(Not specified),THU,1,21CSP401L / Major Project,FACULTY OF ENGINEERING AND TECHNOLOGY
BDA & CC,IV Year,IV/VIII/CC A,(Not specified),(Not specified),THU,3,21CSP401L / Major Project,FACULTY OF ENGINEERING AND TECHNOLOGY
BDA & CC,IV Year,IV/VIII/CC A,(Not specified),(Not specified),THU,5,21CSP401L / Major Project,FACULTY OF ENGINEERING AND TECHNOLOGY
BDA & CC,IV Year,IV/VIII/CC A,(Not specified),(Not specified),THU,7,21CSP401L / Major Project,FACULTY OF ENGINEERING AND TECHNOLOGY
BDA & CC,IV Year,IV/VIII/CC A,(Not specified),(Not specified),FRI,1,21CSP401L / Major Project,FACULTY OF ENGINEERING AND TECHNOLOGY
BDA & CC,IV Year,IV/VIII/CC A,(Not specified),(Not specified),FRI,3,21CSP401L / Major Project,FACULTY OF ENGINEERING AND TECHNOLOGY
BDA & CC,IV Year,IV/VIII/CC A,(Not specified),(Not specified),MON,1,21CSP401L / Major Project,FACULTY OF ENGINEERING AND TECHNOLOGY
BDA & CC,IV Year,IV/VIII/CC A,(Not specified),(Not specified),MON,3,21CSP401L / Major Project,FACULTY OF ENGINEERING AND TECHNOLOGY
BDA & CC,IV Year,IV/VIII/CC A,(Not specified),(Not specified),MON,5,21CSP401L / Major Project,FACULTY OF ENGINEERING AND TECHNOLOGY
BDA & CC,IV Year,IV/VIII/CC A,(Not specified),(Not specified),MON,7,21BTB102T / CB,FACULTY OF ENGINEERING AND TECHNOLOGY
BDA & CC,IV Year,IV/VIII/CC A,(Not specified),(Not specified),TUE,1,21CSP401L / Major Project,FACULTY OF ENGINEERING AND TECHNOLOGY
BDA & CC,IV Year,IV/VIII/CC A,(Not specified),(Not specified),TUE,3,21CSP401L / Major Project,FACULTY OF ENGINEERING AND TECHNOLOGY
BDA & CC,IV Year,IV/VIII/CC A,(Not specified),(Not specified),TUE,5,21CSP401L / Major Project,FACULTY OF ENGINEERING AND TECHNOLOGY
BDA & CC,IV Year,IV/VIII/CC A,(Not specified),(Not specified),TUE,7,21CYM101T / EVS,FACULTY OF ENGINEERING AND TECHNOLOGY
BDA & CC,IV Year,IV/VIII/CC A,(Not specified),(Not specified),WED,1,21CSP401L / Major Project,FACULTY OF ENGINEERING AND TECHNOLOGY
BDA & CC,IV Year,IV/VIII/CC A,(Not specified),(Not specified),WED,3,21CSP401L / Major Project,FACULTY OF ENGINEERING AND TECHNOLOGY
BDA & CC,IV Year,IV/VIII/CC A,(Not specified),(Not specified),WED,5,21CSC101T / OODP,FACULTY OF ENGINEERING AND TECHNOLOGY
BDA & CC,IV Year,IV/VIII/CC A,(Not specified),(Not specified),WED,7,21CSP401L / Major Project,FACULTY OF ENGINEERING AND TECHNOLOGY
BDA & CC,IV Year,IV/VIII/CC A,(Not specified),(Not specified),THU,1,21CSP401L / Major Project,FACULTY OF ENGINEERING AND TECHNOLOGY
BDA & CC,IV Year,IV/VIII/CC A,(Not specified),(Not specified),THU,3,21CSP401L / Major Project,FACULTY OF ENGINEERING AND TECHNOLOGY
BDA & CC,IV Year,IV/VIII/CC A,(Not specified),(Not specified),THU,5,21CSP401L / Major Project,FACULTY OF ENGINEERING AND TECHNOLOGY
BDA & CC,IV Year,IV/VIII/CC A,(Not specified),(Not specified),THU,7,21CSP401L / Major Project,FACULTY OF ENGINEERING AND TECHNOLOGY
BDA & CC,IV Year,IV/VIII/CC A,(Not specified),(Not specified),FRI,1,21CSP401L / Major Project,FACULTY OF ENGINEERING AND TECHNOLOGY
BDA & CC,IV Year,IV/VIII/CC A,(Not specified),(Not specified),FRI,3,21CSP401L / Major Project,FACULTY OF ENGINEERING AND TECHNOLOGY
BDA & CC,IV Year,IV/VIII/CC A,(Not specified),(Not specified),FRI,5,21GNH101J / POE,FACULTY OF ENGINEERING AND TECHNOLOGY
BDA & CC,IV Year,IV/VIII/CC A,(Not specified),(Not specified),FRI,7,21CSC101T / OODP,FACULTY OF ENGINEERING AND TECHNOLOGY
IT,I Year,IT A,NwAdm104,New Admin 104/105,MON,1,21EES101T (NwAdm104),Dr. S. Sowmya AP /Chemistry
IT,I Year,IT A,NwAdm104,New Admin 104/105,MON,2,21CSC101T (NwAdm104),Dr. S. Sowmya AP /Chemistry
IT,I Year,IT A,NwAdm104,New Admin 104/105,MON,3,21MAB102T (NwAdm104),Dr. S. Sowmya AP /Chemistry
IT,I Year,IT A,NwAdm104,New Admin 104/105,MON,5,21CYB101J (NwAdm104),Dr. S. Sowmya AP /Chemistry
IT,I Year,IT A,Workshop (Mechanical Dept,New Admin 104/105,MON,6,<-------21MES101L ---- > (Workshop (Mechanical Dept)),Dr. S. Sowmya AP /Chemistry
IT,I Year,IT A,Workshop (Mechanical Dept,New Admin 104/105,MON,7,<-------21MES101L ---- > (Workshop (Mechanical Dept)),Dr. S. Sowmya AP /Chemistry
IT,I Year,IT A,Workshop (Mechanical Dept,New Admin 104/105,MON,8,<-------21MES101L ---- > (Workshop (Mechanical Dept)),Dr. S. Sowmya AP /Chemistry
IT,I Year,IT A,NwAdm104,New Admin 104/105,TUE,1,21CSC101T (NwAdm104),Dr. S. Sowmya AP /Chemistry
IT,I Year,IT A,NwAdm104,New Admin 104/105,TUE,2,21CYB101J (NwAdm104),Dr. S. Sowmya AP /Chemistry
IT,I Year,IT A,NwAdm104,New Admin 104/105,TUE,3,21MAB102T (NwAdm104),Dr. S. Sowmya AP /Chemistry
IT,I Year,IT A,21LEH104T,New Admin 104/105,TUE,5,21LEH103T (21LEH104T),Dr. S. Sowmya AP /Chemistry
IT,I Year,IT A,NwAdm104,New Admin 104/105,TUE,6,21EES101T (NwAdm104),Dr. S. Sowmya AP /Chemistry
IT,I Year,IT A,NwAdm104,New Admin 104/105,TUE,7,21CYB101J (NwAdm104),Dr. S. Sowmya AP /Chemistry
IT,I Year,IT A,NwAdm104,New Admin 104/105,WED,1,21PDM102L (NwAdm104),Dr. S. Sowmya AP /Chemistry
IT,I Year,IT A,NwAdm104,New Admin 104/105,WED,2,21PDM102L (NwAdm104),Dr. S. Sowmya AP /Chemistry
IT,I Year,IT A,21LEH105T,New Admin 104/105,WED,3,21LEH103T /   21LEH104T / (21LEH105T),Dr. S. Sowmya AP /Chemistry
IT,I Year,IT A,21LEH105T,New Admin 104/105,WED,4,21LEH103T /   21LEH104T / (21LEH105T),Dr. S. Sowmya AP /Chemistry
IT,I Year,IT A,New Admin 104/105,New Admin 104/105,WED,5,OPEN HOUR,Dr. S. Sowmya AP /Chemistry
IT,I Year,IT A,Nw Adm104,New Admin 104/105,WED,6,21LEM101T (Nw Adm104),Dr. S. Sowmya AP /Chemistry
IT,I Year,IT A,O,New Admin 104/105,THU,1,21CYM101T (O) (NwAdm 104),Dr. S. Sowmya AP /Chemistry
IT,I Year,IT A,NwAdm 104,New Admin 104/105,THU,2,21MAB102T (NwAdm 104),Dr. S. Sowmya AP /Chemistry
IT,I Year,IT A,NwAdm 104,New Admin 104/105,THU,4,21CSC101T (NwAdm 104),Dr. S. Sowmya AP /Chemistry
IT,I Year,IT A,BMS Project Lab,New Admin 104/105,FRI,1,LEET CODE (BMS Project Lab),Dr. S. Sowmya AP /Chemistry
IT,I Year,IT A,BMS Project Lab,New Admin 104/105,FRI,2,LEET CODE (BMS Project Lab),Dr. S. Sowmya AP /Chemistry
IT,I Year,IT A,Nw Adm104,New Admin 104/105,FRI,3,21EES101T (Nw Adm104),Dr. S. Sowmya AP /Chemistry
IT,I Year,IT A,Nw Adm104,New Admin 104/105,FRI,4,21CYB101J (Nw Adm104),Dr. S. Sowmya AP /Chemistry
IT,I Year,IT A,Nw Adm104,New Admin 104/105,FRI,5,21MAB102T (Nw Adm104),Dr. S. Sowmya AP /Chemistry
IT,I Year,IT A,Nw Adm104,New Admin 104/105,FRI,6,21EES101T (Nw Adm104),Dr. S. Sowmya AP /Chemistry
IT,I Year,IT A,Chemistry Lab / NwAdm104,New Admin 104/105,FRI,7,21CYB101J Lab (Chemistry Lab / NwAdm104),Dr. S. Sowmya AP /Chemistry
IT,I Year,IT A,Chemistry Lab / NwAdm104,New Admin 104/105,FRI,8,21CYB101J Lab (Chemistry Lab / NwAdm104),Dr. S. Sowmya AP /Chemistry
IT,I Year,IT B,NwAdm105,New Admin 105 /106,MON,1,21CSC101T  OODP (NwAdm105),Dr. A. Jemila Percy AP /Mech
IT,I Year,IT B,21LEH104T,New Admin 105 /106,MON,2,21LEH103T (21LEH104T),Dr. A. Jemila Percy AP /Mech
IT,I Year,IT B,NwAdm105,New Admin 105 /106,MON,3,21EES101T (NwAdm105),Dr. A. Jemila Percy AP /Mech
IT,I Year,IT B,NwAdm105,New Admin 105 /106,MON,4,21MAB102T (NwAdm105),Dr. A. Jemila Percy AP /Mech
IT,I Year,IT B,NwAdm106,New Admin 105 /106,MON,6,21EES101T (NwAdm106),Dr. A. Jemila Percy AP /Mech
IT,I Year,IT B,BMS Programming Lab,New Admin 105 /106,MON,7,LEET CODE (BMS Programming Lab),Dr. A. Jemila Percy AP /Mech
IT,I Year,IT B,BMS Programming Lab,New Admin 105 /106,MON,8,LEET CODE (BMS Programming Lab),Dr. A. Jemila Percy AP /Mech
IT,I Year,IT B,NwAdm105,New Admin 105 /106,TUE,1,21MAB102T (NwAdm105),Dr. A. Jemila Percy AP /Mech
IT,I Year,IT B,NwAdm105,New Admin 105 /106,TUE,2,21CYB101J (NwAdm105),Dr. A. Jemila Percy AP /Mech
IT,I Year,IT B,Chemistry Lab / NwAdm105,New Admin 105 /106,TUE,3,21CYB101J Lab (Chemistry Lab / NwAdm105),Dr. A. Jemila Percy AP /Mech
IT,I Year,IT B,Chemistry Lab / NwAdm105,New Admin 105 /106,TUE,4,21CYB101J Lab (Chemistry Lab / NwAdm105),Dr. A. Jemila Percy AP /Mech
IT,I Year,IT B,OODP,New Admin 105 /106,TUE,5,21CSC101T (OODP),Dr. A. Jemila Percy AP /Mech
IT,I Year,IT B,21LEH104T,New Admin 105 /106,TUE,6,21LEH103T (21LEH104T),Dr. A. Jemila Percy AP /Mech
IT,I Year,IT B,Workshop (Mechanical Dept,New Admin 105 /106,WED,1,<-------21MES101L ---- > (Workshop (Mechanical Dept)),Dr. A. Jemila Percy AP /Mech
IT,I Year,IT B,Workshop (Mechanical Dept,New Admin 105 /106,WED,2,<-------21MES101L ---- > (Workshop (Mechanical Dept)),Dr. A. Jemila Percy AP /Mech
IT,I Year,IT B,Workshop (Mechanical Dept,New Admin 105 /106,WED,3,<-------21MES101L ---- > (Workshop (Mechanical Dept)),Dr. A. Jemila Percy AP /Mech
IT,I Year,IT B,New Admin 105 /106,New Admin 105 /106,WED,5,OPEN HOUR,Dr. A. Jemila Percy AP /Mech
IT,I Year,IT B,NwAdm 105,New Admin 105 /106,THU,1,21CYB101J (NwAdm 105),Dr. A. Jemila Percy AP /Mech
IT,I Year,IT B,NwAdm 105,New Admin 105 /106,THU,2,21MAB102T (NwAdm 105),Dr. A. Jemila Percy AP /Mech
IT,I Year,IT B,NwAdm 105,New Admin 105 /106,THU,3,21EES101T (NwAdm 105),Dr. A. Jemila Percy AP /Mech
IT,I Year,IT B,NwAdm 105,New Admin 105 /106,THU,4,21CYB101J (NwAdm 105),Dr. A. Jemila Percy AP /Mech
IT,I Year,IT B,NwAdm105,New Admin 105 /106,THU,5,21MAB102T (NwAdm105),Dr. A. Jemila Percy AP /Mech
IT,I Year,IT B,NwAdm105,New Admin 105 /106,THU,6,21LEM101T (NwAdm105),Dr. A. Jemila Percy AP /Mech
IT,I Year,IT B,NwAdm105,New Admin 105 /106,FRI,1,21PDM102L (NwAdm105),Dr. A. Jemila Percy AP /Mech
IT,I Year,IT B,NwAdm105,New Admin 105 /106,FRI,2,21PDM102L (NwAdm105),Dr. A. Jemila Percy AP /Mech
IT,I Year,IT B,OODP,New Admin 105 /106,FRI,3,21CSC101T (OODP),Dr. A. Jemila Percy AP /Mech
IT,I Year,IT B,NwAdm105,New Admin 105 /106,FRI,4,21EES101T (NwAdm105),Dr. A. Jemila Percy AP /Mech
IT,I Year,IT B,21LEH104T,New Admin 105 /106,FRI,5,21LEH103T (21LEH104T),Dr. A. Jemila Percy AP /Mech
IT,I Year,IT B,NwAdm105,New Admin 105 /106,FRI,6,21CYB101J (NwAdm105),Dr. A. Jemila Percy AP /Mech
IT,I Year,IT B,NwAdm105,New Admin 105 /106,FRI,8,21CYM101T (NwAdm105),Dr. A. Jemila Percy AP /Mech
IT,I Year,IT C,NwAdm106,New Admin 106/107,MON,1,21CSC101T (NwAdm106),Dr. K. Parthiban AP / Mech
IT,I Year,IT C,21LEH104T,New Admin 106/107,MON,2,21LEH103T (21LEH104T),Dr. K. Parthiban AP / Mech
IT,I Year,IT C,NwAdm106,New Admin 106/107,MON,3,21MAB102T (NwAdm106),Dr. K. Parthiban AP / Mech
IT,I Year,IT C,NwAdm105,New Admin 106/107,MON,5,21CYB101J (NwAdm105),Dr. K. Parthiban AP / Mech
IT,I Year,IT C,NwAdm105,New Admin 106/107,MON,6,21LEM101T (NwAdm105),Dr. K. Parthiban AP / Mech
IT,I Year,IT C,NwAdm105,New Admin 106/107,MON,7,21CYM101T (NwAdm105),Dr. K. Parthiban AP / Mech
IT,I Year,IT C,NwAdm106,New Admin 106/107,TUE,1,21MAB102T (NwAdm106),Dr. K. Parthiban AP / Mech
IT,I Year,IT C,NwAdm106,New Admin 106/107,TUE,3,21CYB101J (NwAdm106),Dr. K. Parthiban AP / Mech
IT,I Year,IT C,NwAdm106,New Admin 106/107,TUE,4,21EES101T (NwAdm106),Dr. K. Parthiban AP / Mech
IT,I Year,IT C,21LEH104T,New Admin 106/107,TUE,6,21LEH103T (21LEH104T),Dr. K. Parthiban AP / Mech
IT,I Year,IT C,NwAdm106,New Admin 106/107,TUE,7,21EES101T (NwAdm106),Dr. K. Parthiban AP / Mech
IT,I Year,IT C,NwAdm 106,New Admin 106/107,WED,1,21CSC101T (NwAdm 106),Dr. K. Parthiban AP / Mech
IT,I Year,IT C,NwAdm 106,New Admin 106/107,WED,2,21MAB102T (NwAdm 106),Dr. K. Parthiban AP / Mech
IT,I Year,IT C,Chemistry Lab / NwAdm 106,New Admin 106/107,WED,3,21CYB101J Lab (Chemistry Lab / NwAdm 106),Dr. K. Parthiban AP / Mech
IT,I Year,IT C,Chemistry Lab / NwAdm 106,New Admin 106/107,WED,4,21CYB101J Lab (Chemistry Lab / NwAdm 106),Dr. K. Parthiban AP / Mech
IT,I Year,IT C,New Admin 106/107,New Admin 106/107,WED,5,OPEN HOUR,Dr. K. Parthiban AP / Mech
IT,I Year,IT C,NwAdm 106,New Admin 106/107,WED,6,21EES101T (NwAdm 106),Dr. K. Parthiban AP / Mech
IT,I Year,IT C,NwAdm 106,New Admin 106/107,THU,1,21EES101T (NwAdm 106),Dr. K. Parthiban AP / Mech
IT,I Year,IT C,NwAdm 106,New Admin 106/107,THU,2,21CSC101T (NwAdm 106),Dr. K. Parthiban AP / Mech
IT,I Year,IT C,NwAdm 104,New Admin 106/107,THU,3,21CYB101J (NwAdm 104),Dr. K. Parthiban AP / Mech
IT,I Year,IT C,Workshop --- > (Mechanical Dept,New Admin 106/107,THU,4,<----  21MES101L (Workshop --- > (Mechanical Dept)),Dr. K. Parthiban AP / Mech
IT,I Year,IT C,Workshop (Mechanical Dept,New Admin 106/107,THU,5,<------ 21MES101L ------ > (Workshop (Mechanical Dept)),Dr. K. Parthiban AP / Mech
IT,I Year,IT C,Workshop (Mechanical Dept,New Admin 106/107,THU,6,<------ 21MES101L ------ > (Workshop (Mechanical Dept)),Dr. K. Parthiban AP / Mech
IT,I Year,IT C,NwAdm 106,New Admin 106/107,THU,7,21PDM102L (NwAdm 106),Dr. K. Parthiban AP / Mech
IT,I Year,IT C,NwAdm 106,New Admin 106/107,THU,8,21PDM102L (NwAdm 106),Dr. K. Parthiban AP / Mech
IT,I Year,IT C,NwAdm104,New Admin 106/107,FRI,1,21CYB101J (NwAdm104),Dr. K. Parthiban AP / Mech
IT,I Year,IT C,NwAdm104,New Admin 106/107,FRI,2,21MAB102T (NwAdm104),Dr. K. Parthiban AP / Mech
IT,I Year,IT C,BMS Project lab,New Admin 106/107,FRI,3,LEET CODE (BMS Project lab),Dr. K. Parthiban AP / Mech
IT,I Year,IT C,BMS Project lab,New Admin 106/107,FRI,4,LEET CODE (BMS Project lab),Dr. K. Parthiban AP / Mech
IT,I Year,IT C,21LEH104T,New Admin 106/107,FRI,5,21LEH103T (21LEH104T),Dr. K. Parthiban AP / Mech
IT,I Year,IT D,NwAdm107,New Admin 106/107,MON,1,21CYB101J (NwAdm107),"Dr. S. Vasathi Gnanarani, AP / Chemistry"
IT,I Year,IT D,NwAdm107,New Admin 106/107,MON,2,21MAB102T (NwAdm107),"Dr. S. Vasathi Gnanarani, AP / Chemistry"
IT,I Year,IT D,NwAdm106,New Admin 106/107,MON,4,21EES101T (NwAdm106),"Dr. S. Vasathi Gnanarani, AP / Chemistry"
IT,I Year,IT D,NwAdm106,New Admin 106/107,MON,5,21CYB101J (NwAdm106),"Dr. S. Vasathi Gnanarani, AP / Chemistry"
IT,I Year,IT D,NwAdm107,New Admin 106/107,TUE,1,21MAB102T (NwAdm107),"Dr. S. Vasathi Gnanarani, AP / Chemistry"
IT,I Year,IT D,NwAdm107,New Admin 106/107,TUE,2,21CSC101T (NwAdm107),"Dr. S. Vasathi Gnanarani, AP / Chemistry"
IT,I Year,IT D,BMS Programming Lab,New Admin 106/107,TUE,3,LEET CODE (BMS Programming Lab),"Dr. S. Vasathi Gnanarani, AP / Chemistry"
IT,I Year,IT D,BMS Programming Lab,New Admin 106/107,TUE,4,LEET CODE (BMS Programming Lab),"Dr. S. Vasathi Gnanarani, AP / Chemistry"
IT,I Year,IT D,21LEH104T,New Admin 106/107,TUE,5,21LEH103T (21LEH104T),"Dr. S. Vasathi Gnanarani, AP / Chemistry"
IT,I Year,IT D,NwAdm107,New Admin 106/107,WED,1,21EES101T (NwAdm107),"Dr. S. Vasathi Gnanarani, AP / Chemistry"
IT,I Year,IT D,NwAdm107,New Admin 106/107,WED,2,21MAB102T (NwAdm107),"Dr. S. Vasathi Gnanarani, AP / Chemistry"
IT,I Year,IT D,21LEH105T,New Admin 106/107,WED,3,21LEH103T /  21LEH104T / (21LEH105T),"Dr. S. Vasathi Gnanarani, AP / Chemistry"
IT,I Year,IT D,21LEH105T,New Admin 106/107,WED,4,21LEH103T /  21LEH104T / (21LEH105T),"Dr. S. Vasathi Gnanarani, AP / Chemistry"
IT,I Year,IT D,New Admin 106/107,New Admin 106/107,WED,5,OPEN HOUR,"Dr. S. Vasathi Gnanarani, AP / Chemistry"
IT,I Year,IT D,NwAdm107,New Admin 106/107,WED,6,21LEM101T (NwAdm107),"Dr. S. Vasathi Gnanarani, AP / Chemistry"
IT,I Year,IT D,NwAdm 107,New Admin 106/107,THU,1,21PDM102L (NwAdm 107),"Dr. S. Vasathi Gnanarani, AP / Chemistry"
IT,I Year,IT D,NwAdm 107,New Admin 106/107,THU,2,21PDM102L (NwAdm 107),"Dr. S. Vasathi Gnanarani, AP / Chemistry"
IT,I Year,IT D,NwAdm 107,New Admin 106/107,THU,3,21CSC101T (NwAdm 107),"Dr. S. Vasathi Gnanarani, AP / Chemistry"
IT,I Year,IT D,NwAdm 107,New Admin 106/107,THU,4,21MAB102T (NwAdm 107),"Dr. S. Vasathi Gnanarani, AP / Chemistry"
IT,I Year,IT D,NwAdm 107,New Admin 106/107,THU,5,21EES101T (NwAdm 107),"Dr. S. Vasathi Gnanarani, AP / Chemistry"
IT,I Year,IT D,NwAdm 107,New Admin 106/107,THU,6,21CYB101J (NwAdm 107),"Dr. S. Vasathi Gnanarani, AP / Chemistry"
IT,I Year,IT D,Chemistry Lab / NwAdm107,New Admin 106/107,THU,7,21CYB101J Lab (Chemistry Lab / NwAdm107),"Dr. S. Vasathi Gnanarani, AP / Chemistry"
IT,I Year,IT D,Chemistry Lab / NwAdm107,New Admin 106/107,THU,8,21CYB101J Lab (Chemistry Lab / NwAdm107),"Dr. S. Vasathi Gnanarani, AP / Chemistry"
IT,I Year,IT D,NwAdm106,New Admin 106/107,FRI,1,21CSC101T (NwAdm106),"Dr. S. Vasathi Gnanarani, AP / Chemistry"
IT,I Year,IT D,NwAdm106,New Admin 106/107,FRI,2,21CYM101T (NwAdm106),"Dr. S. Vasathi Gnanarani, AP / Chemistry"
IT,I Year,IT D,NwAdm106,New Admin 106/107,FRI,3,21CYB101J (NwAdm106),"Dr. S. Vasathi Gnanarani, AP / Chemistry"
IT,I Year,IT D,NwAdm106,New Admin 106/107,FRI,4,21EES101T (NwAdm106),"Dr. S. Vasathi Gnanarani, AP / Chemistry"
IT,I Year,IT D,Workshop (Mechanical Dept,New Admin 106/107,FRI,6,< --------- 21MES101L -------- > (Workshop (Mechanical Dept)),"Dr. S. Vasathi Gnanarani, AP / Chemistry"
IT,I Year,IT D,Workshop (Mechanical Dept,New Admin 106/107,FRI,7,< --------- 21MES101L -------- > (Workshop (Mechanical Dept)),"Dr. S. Vasathi Gnanarani, AP / Chemistry"
IT,I Year,IT D,Workshop (Mechanical Dept,New Admin 106/107,FRI,8,< --------- 21MES101L -------- > (Workshop (Mechanical Dept)),"Dr. S. Vasathi Gnanarani, AP / Chemistry"
IT,I Year,IT E,Workshop (Mechanical Dept,New Admin 107 /106,MON,1,< --------- 21MES101L -------- > (Workshop (Mechanical Dept)),Dr. K . Vijayalakshmi AP /Maths
IT,I Year,IT E,Workshop (Mechanical Dept,New Admin 107 /106,MON,2,< --------- 21MES101L -------- > (Workshop (Mechanical Dept)),Dr. K . Vijayalakshmi AP /Maths
IT,I Year,IT E,Workshop (Mechanical Dept,New Admin 107 /106,MON,3,< --------- 21MES101L -------- > (Workshop (Mechanical Dept)),Dr. K . Vijayalakshmi AP /Maths
IT,I Year,IT E,NwAdm107,New Admin 107 /106,MON,4,21CYB101J (NwAdm107),Dr. K . Vijayalakshmi AP /Maths
IT,I Year,IT E,NwAdm107,New Admin 107 /106,MON,5,21EES101T (NwAdm107),Dr. K . Vijayalakshmi AP /Maths
IT,I Year,IT E,NwAdm107,New Admin 107 /106,MON,7,21CYM101T (NwAdm107),Dr. K . Vijayalakshmi AP /Maths
IT,I Year,IT E,BMS701,New Admin 107 /106,TUE,1,21MAB102T (BMS701),Dr. K . Vijayalakshmi AP /Maths
IT,I Year,IT E,OODP,New Admin 107 /106,TUE,2,21CSC101T (OODP),Dr. K . Vijayalakshmi AP /Maths
IT,I Year,IT E,NwAdm107,New Admin 107 /106,TUE,4,21CYB101J (NwAdm107),Dr. K . Vijayalakshmi AP /Maths
IT,I Year,IT E,21LEH104T/,New Admin 107 /106,TUE,5,21LEH103T / (21LEH104T/),Dr. K . Vijayalakshmi AP /Maths
IT,I Year,IT E,OODP,New Admin 107 /106,WED,1,21CSC101T (OODP),Dr. K . Vijayalakshmi AP /Maths
IT,I Year,IT E,NwAdm105,New Admin 107 /106,WED,2,21EES101T (NwAdm105),Dr. K . Vijayalakshmi AP /Maths
IT,I Year,IT E,"NwAdm104,107",New Admin 107 /106,WED,3,"21LEH103T / 21LEH104T/ 21LEH105T (NwAdm104,107)",Dr. K . Vijayalakshmi AP /Maths
IT,I Year,IT E,"NwAdm104,107",New Admin 107 /106,WED,4,"21LEH103T / 21LEH104T/ 21LEH105T (NwAdm104,107)",Dr. K . Vijayalakshmi AP /Maths
IT,I Year,IT E,New Admin 107 /106,New Admin 107 /106,WED,5,OPEN HOUR,Dr. K . Vijayalakshmi AP /Maths
IT,I Year,IT E,NwAdm105,New Admin 107 /106,WED,6,21MAB102T (NwAdm105),Dr. K . Vijayalakshmi AP /Maths
IT,I Year,IT E,NwAdm105,New Admin 107 /106,WED,7,21PDM102L (NwAdm105),Dr. K . Vijayalakshmi AP /Maths
IT,I Year,IT E,NwAdm105,New Admin 107 /106,WED,8,21PDM102L (NwAdm105),Dr. K . Vijayalakshmi AP /Maths
IT,I Year,IT E,BMS 701,New Admin 107 /106,THU,1,21EES101T (BMS 701),Dr. K . Vijayalakshmi AP /Maths
IT,I Year,IT E,BMS 701,New Admin 107 /106,THU,2,21MAB102T (BMS 701),Dr. K . Vijayalakshmi AP /Maths
IT,I Year,IT E,Chemistry Lab / NwAdm106,New Admin 107 /106,THU,3,21CYB101J Lab (Chemistry Lab / NwAdm106),Dr. K . Vijayalakshmi AP /Maths
IT,I Year,IT E,Chemistry Lab / NwAdm106,New Admin 107 /106,THU,4,21CYB101J Lab (Chemistry Lab / NwAdm106),Dr. K . Vijayalakshmi AP /Maths
IT,I Year,IT E,NwAdm 104,New Admin 107 /106,THU,5,21CYB101J (NwAdm 104),Dr. K . Vijayalakshmi AP /Maths
IT,I Year,IT E,OODP,New Admin 107 /106,FRI,1,21CSC101T (OODP),Dr. K . Vijayalakshmi AP /Maths
IT,I Year,IT E,Nw Adm107,New Admin 107 /106,FRI,2,21MAB102T (Nw Adm107),Dr. K . Vijayalakshmi AP /Maths
IT,I Year,IT E,Nw Adm107,New Admin 107 /106,FRI,3,21EES101T (Nw Adm107),Dr. K . Vijayalakshmi AP /Maths
IT,I Year,IT E,Nw Adm107,New Admin 107 /106,FRI,4,21CYB101J (Nw Adm107),Dr. K . Vijayalakshmi AP /Maths
IT,I Year,IT E,BMS Project Lab,New Admin 107 /106,FRI,5,LEET CODE (BMS Project Lab),Dr. K . Vijayalakshmi AP /Maths
IT,I Year,IT E,BMS Project Lab,New Admin 107 /106,FRI,6,LEET CODE (BMS Project Lab),Dr. K . Vijayalakshmi AP /Maths
IT,I Year,IT E,Nw Adm107,New Admin 107 /106,FRI,7,21LEM101T (Nw Adm107),Dr. K . Vijayalakshmi AP /Maths
IT,II Year,IT A,BMS703,BMS/ Block III,MON,1,21CSE251T / 21CSE267T (BMS703),"Dr. K.Danesh, Asst. Prof /IT"
IT,II Year,IT A,BMS703,BMS/ Block III,MON,3,21CSC204J (BMS703),"Dr. K.Danesh, Asst. Prof /IT"
IT,II Year,IT A,BMS703,BMS/ Block III,MON,4,21LEM202T (BMS703),"Dr. K.Danesh, Asst. Prof /IT"
IT,II Year,IT A,"B III, 501",BMS/ Block III,MON,5,"21PDH201T (B III, 501)","Dr. K.Danesh, Asst. Prof /IT"
IT,II Year,IT A,"B III, 501",BMS/ Block III,MON,6,"21PDH201T (B III, 501)","Dr. K.Danesh, Asst. Prof /IT"
IT,II Year,IT A,BMS703,BMS/ Block III,TUE,3,21CSC206T (BMS703),"Dr. K.Danesh, Asst. Prof /IT"
IT,II Year,IT A,BMS703,BMS/ Block III,TUE,4,21MAB204T (BMS703),"Dr. K.Danesh, Asst. Prof /IT"
IT,II Year,IT A,Programming Lab,BMS/ Block III,TUE,5,21CSC204J Lab (Programming Lab),"Dr. K.Danesh, Asst. Prof /IT"
IT,II Year,IT A,Programming Lab,BMS/ Block III,TUE,6,21CSC204J Lab (Programming Lab),"Dr. K.Danesh, Asst. Prof /IT"
IT,II Year,IT A,Programming Lab,BMS/ Block III,TUE,7,21CSC206T (Programming Lab),"Dr. K.Danesh, Asst. Prof /IT"
IT,II Year,IT A,BMS/ Block III,BMS/ Block III,TUE,8,Leet Code                    Programming Lab,"Dr. K.Danesh, Asst. Prof /IT"
IT,II Year,IT A,"B-III, 502",BMS/ Block III,WED,1,"21MAB204T (B-III, 502)","Dr. K.Danesh, Asst. Prof /IT"
IT,II Year,IT A,"B-III, 502",BMS/ Block III,WED,2,"21CSC205P (B-III, 502)","Dr. K.Danesh, Asst. Prof /IT"
IT,II Year,IT A,Project Lab,BMS/ Block III,WED,3,21CSC205P (Project Lab),"Dr. K.Danesh, Asst. Prof /IT"
IT,II Year,IT A,Project Lab,BMS/ Block III,WED,4,21CSE251T / 21CSE267T (Project Lab),"Dr. K.Danesh, Asst. Prof /IT"
IT,II Year,IT A,BMS/ Block III,BMS/ Block III,WED,5,OPEN HOUR,"Dr. K.Danesh, Asst. Prof /IT"
IT,II Year,IT A,Project Lab,BMS/ Block III,THU,1,21CSC205P (Project Lab),"Dr. K.Danesh, Asst. Prof /IT"
IT,II Year,IT A,Project Lab,BMS/ Block III,THU,2,21CSC204J (Project Lab),"Dr. K.Danesh, Asst. Prof /IT"
IT,II Year,IT A,BMS703,BMS/ Block III,THU,3,21MAB204T (BMS703),"Dr. K.Danesh, Asst. Prof /IT"
IT,II Year,IT A,BMS703,BMS/ Block III,THU,4,21LEM202T (BMS703),"Dr. K.Danesh, Asst. Prof /IT"
IT,II Year,IT A,BMS703,BMS/ Block III,THU,5,21CSC206T (BMS703),"Dr. K.Danesh, Asst. Prof /IT"
IT,II Year,IT A,BMS703,BMS/ Block III,THU,6,21CSC205P (BMS703),"Dr. K.Danesh, Asst. Prof /IT"
IT,II Year,IT A,"B-III, 502",BMS/ Block III,FRI,1,"21PDM202L (B-III, 502)","Dr. K.Danesh, Asst. Prof /IT"
IT,II Year,IT A,"B-III, 502",BMS/ Block III,FRI,2,"21PDM202L (B-III, 502)","Dr. K.Danesh, Asst. Prof /IT"
IT,II Year,IT A,"B-III, 502",BMS/ Block III,FRI,3,"21CSC204J (B-III, 502)","Dr. K.Danesh, Asst. Prof /IT"
IT,II Year,IT A,"B-III, 502",BMS/ Block III,FRI,4,"21MAB204T (B-III, 502)","Dr. K.Danesh, Asst. Prof /IT"
IT,II Year,IT A,"B-III, 502",BMS/ Block III,FRI,5,"21CSE251T / 21CSE267T (B-III, 502)","Dr. K.Danesh, Asst. Prof /IT"
IT,II Year,IT A,"B-III, 502",BMS/ Block III,FRI,6,"21LEM202T (B-III, 502)","Dr. K.Danesh, Asst. Prof /IT"
IT,II Year,IT B,BMS701,BMS / Block III,MON,2,21CSC204J (BMS701),Dr. P. Santhosh Kumar Asso. Prof /IT
IT,II Year,IT B,Project Lab,BMS / Block III,MON,4,21CSE251T / 21CSE267T (Project Lab),Dr. P. Santhosh Kumar Asso. Prof /IT
IT,II Year,IT B,BMS 702,BMS / Block III,MON,5,21MAB204T (BMS 702),Dr. P. Santhosh Kumar Asso. Prof /IT
IT,II Year,IT B,BMS 702,BMS / Block III,MON,6,21CSC205P (BMS 702),Dr. P. Santhosh Kumar Asso. Prof /IT
IT,II Year,IT B,BMS702,BMS / Block III,TUE,1,21CSC206T (BMS702),Dr. P. Santhosh Kumar Asso. Prof /IT
IT,II Year,IT B,BMS 702,BMS / Block III,TUE,2,21CSC205P (BMS 702),Dr. P. Santhosh Kumar Asso. Prof /IT
IT,II Year,IT B,BMS702,BMS / Block III,TUE,4,21MAB204T (BMS702),Dr. P. Santhosh Kumar Asso. Prof /IT
IT,II Year,IT B,Project Lab,BMS / Block III,TUE,5,21CSC205P (Project Lab),Dr. P. Santhosh Kumar Asso. Prof /IT
IT,II Year,IT B,Project Lab,BMS / Block III,TUE,6,21CSC206T (Project Lab),Dr. P. Santhosh Kumar Asso. Prof /IT
IT,II Year,IT B,BMS703,BMS / Block III,TUE,7,Leet Code (BMS703),Dr. P. Santhosh Kumar Asso. Prof /IT
IT,II Year,IT B,BMS 702,BMS / Block III,WED,3,21CSC204J (BMS 702),Dr. P. Santhosh Kumar Asso. Prof /IT
IT,II Year,IT B,BMS702,BMS / Block III,WED,4,21LEM202T (BMS702),Dr. P. Santhosh Kumar Asso. Prof /IT
IT,II Year,IT B,BMS / Block III,BMS / Block III,WED,5,OPEN HOUR,Dr. P. Santhosh Kumar Asso. Prof /IT
IT,II Year,IT B,"B-III, 501",BMS / Block III,WED,6,"21MAB204T (B-III, 501)",Dr. P. Santhosh Kumar Asso. Prof /IT
IT,II Year,IT B,"B-III, 502",BMS / Block III,THU,1,"21MAB204T (B-III, 502)",Dr. P. Santhosh Kumar Asso. Prof /IT
IT,II Year,IT B,"B-III, 502",BMS / Block III,THU,2,"21CSE251T / 21CSE267T (B-III, 502)",Dr. P. Santhosh Kumar Asso. Prof /IT
IT,II Year,IT B,"B-III, 501",BMS / Block III,THU,3,"21CSC206T (B-III, 501)",Dr. P. Santhosh Kumar Asso. Prof /IT
IT,II Year,IT B,"B-III, 501",BMS / Block III,THU,4,"21LEM202T (B-III, 501)",Dr. P. Santhosh Kumar Asso. Prof /IT
IT,II Year,IT B,Programming Lab,BMS / Block III,THU,5,21CSC204J Lab (Programming Lab),Dr. P. Santhosh Kumar Asso. Prof /IT
IT,II Year,IT B,Programming Lab,BMS / Block III,THU,6,21CSC204J Lab (Programming Lab),Dr. P. Santhosh Kumar Asso. Prof /IT
IT,II Year,IT B,BMS 702,BMS / Block III,THU,7,21LEM202T (BMS 702),Dr. P. Santhosh Kumar Asso. Prof /IT
IT,II Year,IT B,"B-III, 501",BMS / Block III,FRI,1,"21PDM202L (B-III, 501)",Dr. P. Santhosh Kumar Asso. Prof /IT
IT,II Year,IT B,"B-III, 501",BMS / Block III,FRI,2,"21PDM202L (B-III, 501)",Dr. P. Santhosh Kumar Asso. Prof /IT
IT,II Year,IT B,BMS701,BMS / Block III,FRI,3,21CSE251T / 21CSE267T (BMS701),Dr. P. Santhosh Kumar Asso. Prof /IT
IT,II Year,IT B,BMS701,BMS / Block III,FRI,4,21CSC204J (BMS701),Dr. P. Santhosh Kumar Asso. Prof /IT
IT,II Year,IT B,BMS701,BMS / Block III,FRI,5,21PDH201T (BMS701),Dr. P. Santhosh Kumar Asso. Prof /IT
IT,II Year,IT B,BMS701,BMS / Block III,FRI,6,21PDH201T (BMS701),Dr. P. Santhosh Kumar Asso. Prof /IT
IT,II Year,IT B,Programming Lab,BMS / Block III,FRI,7,21CSC205P (Programming Lab),Dr. P. Santhosh Kumar Asso. Prof /IT
IT,II Year,IT C,"B-III, 502",BMS / Block III,MON,1,"21CSE251T / 21CSE267T (B-III, 502)",Dr. R. Mythili  Asst. Prof /IT
IT,II Year,IT C,"B-III, 502",BMS / Block III,MON,2,"21CSC206T (B-III, 502)",Dr. R. Mythili  Asst. Prof /IT
IT,II Year,IT C,Programming Lab,BMS / Block III,MON,3,21CSC204J Lab (Programming Lab),Dr. R. Mythili  Asst. Prof /IT
IT,II Year,IT C,Programming Lab,BMS / Block III,MON,4,21CSC204J Lab (Programming Lab),Dr. R. Mythili  Asst. Prof /IT
IT,II Year,IT C,BMS701,BMS / Block III,MON,5,21PDM202L (BMS701),Dr. R. Mythili  Asst. Prof /IT
IT,II Year,IT C,BMS701,BMS / Block III,MON,6,21PDM202L (BMS701),Dr. R. Mythili  Asst. Prof /IT
IT,II Year,IT C,Project Lab,BMS / Block III,MON,7,21CSC205P DBMS (Project Lab),Dr. R. Mythili  Asst. Prof /IT
IT,II Year,IT C,Project Lab,BMS / Block III,MON,8,21CSC205P DBMS (Project Lab),Dr. R. Mythili  Asst. Prof /IT
IT,II Year,IT C,Project Lab,BMS / Block III,TUE,1,21LEM202T (Project Lab),Dr. R. Mythili  Asst. Prof /IT
IT,II Year,IT C,Project Lab,BMS / Block III,TUE,2,21CSC206T (Project Lab),Dr. R. Mythili  Asst. Prof /IT
IT,II Year,IT C,BMS701,BMS / Block III,TUE,3,21MAB204T (BMS701),Dr. R. Mythili  Asst. Prof /IT
IT,II Year,IT C,BMS701,BMS / Block III,TUE,4,21CSC204J (BMS701),Dr. R. Mythili  Asst. Prof /IT
IT,II Year,IT C,BMS701,BMS / Block III,WED,1,21CSC204J (BMS701),Dr. R. Mythili  Asst. Prof /IT
IT,II Year,IT C,BMS701,BMS / Block III,WED,2,21LEM202T (BMS701),Dr. R. Mythili  Asst. Prof /IT
IT,II Year,IT C,BMS701,BMS / Block III,WED,4,21CSE251T / 21CSE267T (BMS701),Dr. R. Mythili  Asst. Prof /IT
IT,II Year,IT C,BMS / Block III,BMS / Block III,WED,5,OPEN HOUR,Dr. R. Mythili  Asst. Prof /IT
IT,II Year,IT C,"B-III, 502",BMS / Block III,WED,6,"21MAB204T (B-III, 502)",Dr. R. Mythili  Asst. Prof /IT
IT,II Year,IT C,"B-III, 502",BMS / Block III,WED,7,"21CSC205P DBMS (B-III, 502)",Dr. R. Mythili  Asst. Prof /IT
IT,II Year,IT C,"B-III, 502",BMS / Block III,WED,8,"Leet Code (B-III, 502)",Dr. R. Mythili  Asst. Prof /IT
IT,II Year,IT C,"B-III, 501",BMS / Block III,THU,1,"21MAB204T (B-III, 501)",Dr. R. Mythili  Asst. Prof /IT
IT,II Year,IT C,"B-III, 501",BMS / Block III,THU,2,"21CSC205P DBMS (B-III, 501)",Dr. R. Mythili  Asst. Prof /IT
IT,II Year,IT C,"B-III, 502",BMS / Block III,THU,3,"21PDH201T (B-III, 502)",Dr. R. Mythili  Asst. Prof /IT
IT,II Year,IT C,"B-III, 502",BMS / Block III,THU,4,"21PDH201T (B-III, 502)",Dr. R. Mythili  Asst. Prof /IT
IT,II Year,IT C,BMS702,BMS / Block III,THU,5,21CSC206T AI (BMS702),Dr. R. Mythili  Asst. Prof /IT
IT,II Year,IT C,BMS703,BMS / Block III,FRI,3,21CSC204J (BMS703),Dr. R. Mythili  Asst. Prof /IT
IT,II Year,IT C,"B-III, 501",BMS / Block III,FRI,5,"21CSE251T / 21CSE267T (B-III, 501)",Dr. R. Mythili  Asst. Prof /IT
IT,II Year,IT C,"B-III, 501",BMS / Block III,FRI,6,"21MAB204T (B-III, 501)",Dr. R. Mythili  Asst. Prof /IT
IT,II Year,IT C,"B-III, 501",BMS / Block III,FRI,7,"21LEM202T (B-III, 501)",Dr. R. Mythili  Asst. Prof /IT
IT,II Year,IT D,BMS702,BMS / Block III,MON,1,21CSC206T (BMS702),Dr. G. Rajalakshmi Asst. Prof /IT
IT,II Year,IT D,BMS702,BMS / Block III,MON,2,21LEM202T (BMS702),Dr. G. Rajalakshmi Asst. Prof /IT
IT,II Year,IT D,BMS702,BMS / Block III,MON,3,21MAB204T (BMS702),Dr. G. Rajalakshmi Asst. Prof /IT
IT,II Year,IT D,BMS702,BMS / Block III,MON,4,21CSE251T / 21CSE267T (BMS702),Dr. G. Rajalakshmi Asst. Prof /IT
IT,II Year,IT D,BMS703,BMS / Block III,TUE,1,21CSC204J (BMS703),Dr. G. Rajalakshmi Asst. Prof /IT
IT,II Year,IT D,BMS703,BMS / Block III,TUE,2,21CSC205P DBMS (BMS703),Dr. G. Rajalakshmi Asst. Prof /IT
IT,II Year,IT D,"B-III, 501",BMS / Block III,TUE,3,"21PDM202L (B-III, 501)",Dr. G. Rajalakshmi Asst. Prof /IT
IT,II Year,IT D,"B-III, 501",BMS / Block III,TUE,4,"21PDM202L (B-III, 501)",Dr. G. Rajalakshmi Asst. Prof /IT
IT,II Year,IT D,BMS703,BMS / Block III,TUE,5,21MAB204T (BMS703),Dr. G. Rajalakshmi Asst. Prof /IT
IT,II Year,IT D,BMS703,BMS / Block III,TUE,6,21CSC206T (BMS703),Dr. G. Rajalakshmi Asst. Prof /IT
IT,II Year,IT D,BMS703,BMS / Block III,WED,1,21LEM202T (BMS703),Dr. G. Rajalakshmi Asst. Prof /IT
IT,II Year,IT D,BMS703,BMS / Block III,WED,2,21CSC204J (BMS703),Dr. G. Rajalakshmi Asst. Prof /IT
IT,II Year,IT D,BMS703,BMS / Block III,WED,3,21PDH201T (BMS703),Dr. G. Rajalakshmi Asst. Prof /IT
IT,II Year,IT D,BMS703,BMS / Block III,WED,4,21PDH201T (BMS703),Dr. G. Rajalakshmi Asst. Prof /IT
IT,II Year,IT D,BMS / Block III,BMS / Block III,WED,5,OPEN HOUR,Dr. G. Rajalakshmi Asst. Prof /IT
IT,II Year,IT D,BMS703,BMS / Block III,WED,6,21MAB204T (BMS703),Dr. G. Rajalakshmi Asst. Prof /IT
IT,II Year,IT D,Programming Lab,BMS / Block III,WED,7,21CSC205P DBMS (Programming Lab),Dr. G. Rajalakshmi Asst. Prof /IT
IT,II Year,IT D,Programming Lab,BMS / Block III,WED,8,21CSC205P DBMS (Programming Lab),Dr. G. Rajalakshmi Asst. Prof /IT
IT,II Year,IT D,BMS702,BMS / Block III,THU,2,21CSE251T / 21CSE267T (BMS702),Dr. G. Rajalakshmi Asst. Prof /IT
IT,II Year,IT D,BMS702,BMS / Block III,THU,3,21LEM202T (BMS702),Dr. G. Rajalakshmi Asst. Prof /IT
IT,II Year,IT D,BMS702,BMS / Block III,THU,4,21MAB204T (BMS702),Dr. G. Rajalakshmi Asst. Prof /IT
IT,II Year,IT D,BMS702,BMS / Block III,THU,6,21CSC206T (BMS702),Dr. G. Rajalakshmi Asst. Prof /IT
IT,II Year,IT D,Programming Lab,BMS / Block III,FRI,1,21CSC204J Lab (Programming Lab),Dr. G. Rajalakshmi Asst. Prof /IT
IT,II Year,IT D,Programming Lab,BMS / Block III,FRI,2,21CSC204J Lab (Programming Lab),Dr. G. Rajalakshmi Asst. Prof /IT
IT,II Year,IT D,BMS702,BMS / Block III,FRI,3,21CSE251T / 21CSE267T (BMS702),Dr. G. Rajalakshmi Asst. Prof /IT
IT,II Year,IT D,BMS702,BMS / Block III,FRI,4,21CSC205P DBMS (BMS702),Dr. G. Rajalakshmi Asst. Prof /IT
IT,II Year,IT D,BMS702,BMS / Block III,FRI,5,21CSC204J (BMS702),Dr. G. Rajalakshmi Asst. Prof /IT
IT,II Year,IT D,BMS702,BMS / Block III,FRI,6,Leet Code (BMS702),Dr. G. Rajalakshmi Asst. Prof /IT
IT,III Year,IT A,"B-III, 501",BMS / Block III,MON,1,"21ECO103T (B-III, 501)","Dr. M Latha, Asso. Prof /IT"
IT,III Year,IT A,"B-III, 501",BMS / Block III,MON,2,"21CSS303T (B-III, 501)","Dr. M Latha, Asso. Prof /IT"
IT,III Year,IT A,"B-III, 501",BMS / Block III,MON,3,"21LEM302T (B-III, 501)","Dr. M Latha, Asso. Prof /IT"
IT,III Year,IT A,21CSE358T,BMS / Block III,MON,4,21CSE355T/ (21CSE358T),"Dr. M Latha, Asso. Prof /IT"
IT,III Year,IT A,"B-III, 501",BMS / Block III,TUE,1,"21CSC303J (B-III, 501)","Dr. M Latha, Asso. Prof /IT"
IT,III Year,IT A,"B-III, 501",BMS / Block III,TUE,2,"21CSS303T (B-III, 501)","Dr. M Latha, Asso. Prof /IT"
IT,III Year,IT A,"B-III, 501",BMS / Block III,TUE,3,"21ECO103T (B-III, 501)","Dr. M Latha, Asso. Prof /IT"
IT,III Year,IT A,BMS 701,BMS / Block III,TUE,5,21CSP302L (BMS 701),"Dr. M Latha, Asso. Prof /IT"
IT,III Year,IT A,BMS 701,BMS / Block III,TUE,6,21CSP302L (BMS 701),"Dr. M Latha, Asso. Prof /IT"
IT,III Year,IT A,Project Lab,BMS / Block III,WED,1,21CSP302L (Project Lab),"Dr. M Latha, Asso. Prof /IT"
IT,III Year,IT A,Project Lab,BMS / Block III,WED,2,21CSP302L (Project Lab),"Dr. M Latha, Asso. Prof /IT"
IT,III Year,IT A,A,BMS / Block III,WED,3,21CSC303J(A)/ 21CSC317J(B) Lab – Programming Lab,"Dr. M Latha, Asso. Prof /IT"
IT,III Year,IT A,A,BMS / Block III,WED,4,21CSC303J(A)/ 21CSC317J(B) Lab – Programming Lab,"Dr. M Latha, Asso. Prof /IT"
IT,III Year,IT A,BMS / Block III,BMS / Block III,WED,5,OPEN HOUR,"Dr. M Latha, Asso. Prof /IT"
IT,III Year,IT A,21CSE358T,BMS / Block III,WED,6,21CSE355T/ (21CSE358T),"Dr. M Latha, Asso. Prof /IT"
IT,III Year,IT A,21CSE359T,BMS / Block III,WED,7,21CSE356T (21CSE359T),"Dr. M Latha, Asso. Prof /IT"
IT,III Year,IT A,B,BMS / Block III,THU,1,21CSC303J(B)/ 21CSC317J(A) Lab – Programming Lab,"Dr. M Latha, Asso. Prof /IT"
IT,III Year,IT A,B,BMS / Block III,THU,2,21CSC303J(B)/ 21CSC317J(A) Lab – Programming Lab,"Dr. M Latha, Asso. Prof /IT"
IT,III Year,IT A,BMS701,BMS / Block III,THU,3,21CSC303J (BMS701),"Dr. M Latha, Asso. Prof /IT"
IT,III Year,IT A,21CSE358T,BMS / Block III,THU,4,21CSE355T/ (21CSE358T),"Dr. M Latha, Asso. Prof /IT"
IT,III Year,IT A,21CSE359T,BMS / Block III,THU,5,21CSE356T (21CSE359T),"Dr. M Latha, Asso. Prof /IT"
IT,III Year,IT A,BIII-502,BMS / Block III,THU,6,21CSC317J (BIII-502),"Dr. M Latha, Asso. Prof /IT"
IT,III Year,IT A,21CSE359T,BMS / Block III,FRI,1,21CSE356T (21CSE359T),"Dr. M Latha, Asso. Prof /IT"
IT,III Year,IT A,BMS 701,BMS / Block III,FRI,2,21ECO103T (BMS 701),"Dr. M Latha, Asso. Prof /IT"
IT,III Year,IT A,"B-III, 501",BMS / Block III,FRI,3,"21PDM302L (B-III, 501)","Dr. M Latha, Asso. Prof /IT"
IT,III Year,IT A,"B-III, 501",BMS / Block III,FRI,4,"21PDM302L (B-III, 501)","Dr. M Latha, Asso. Prof /IT"
IT,III Year,IT A,Progr Lab,BMS / Block III,FRI,5,21CSC317J (Progr Lab),"Dr. M Latha, Asso. Prof /IT"
IT,III Year,IT B,Project Lab,BMS / Block III,MON,1,21CSP302L (Project Lab),"Dr. R. Kiruthigha, Asst. Prof /IT"
IT,III Year,IT B,Project Lab,BMS / Block III,MON,2,21CSP302L (Project Lab),"Dr. R. Kiruthigha, Asst. Prof /IT"
IT,III Year,IT B,"B-III, 502",BMS / Block III,MON,3,"21CSC317J (B-III, 502)","Dr. R. Kiruthigha, Asst. Prof /IT"
IT,III Year,IT B,21CSE358T,BMS / Block III,MON,4,21CSE355T/ (21CSE358T),"Dr. R. Kiruthigha, Asst. Prof /IT"
IT,III Year,IT B,BMS 703,BMS / Block III,MON,5,21CSC303J (BMS 703),"Dr. R. Kiruthigha, Asst. Prof /IT"
IT,III Year,IT B,BMS 703,BMS / Block III,MON,6,21CSC317J IRT (BMS 703),"Dr. R. Kiruthigha, Asst. Prof /IT"
IT,III Year,IT B,"B-III, 502",BMS / Block III,TUE,1,"21ECO103T (B-III, 502)","Dr. R. Kiruthigha, Asst. Prof /IT"
IT,III Year,IT B,"B-III, 502",BMS / Block III,TUE,2,"21CSC303J (B-III, 502)","Dr. R. Kiruthigha, Asst. Prof /IT"
IT,III Year,IT B,"B-III, 501",BMS / Block III,TUE,4,"21CSS303T (B-III, 501)","Dr. R. Kiruthigha, Asst. Prof /IT"
IT,III Year,IT B,A,BMS / Block III,WED,1,21CSC303J(A)/ 21CSC317J(B) Lab - Programming Lab,"Dr. R. Kiruthigha, Asst. Prof /IT"
IT,III Year,IT B,A,BMS / Block III,WED,2,21CSC303J(A)/ 21CSC317J(B) Lab - Programming Lab,"Dr. R. Kiruthigha, Asst. Prof /IT"
IT,III Year,IT B,B III - 502,BMS / Block III,WED,3,21PDM302L (B III - 502),"Dr. R. Kiruthigha, Asst. Prof /IT"
IT,III Year,IT B,B III - 502,BMS / Block III,WED,4,21PDM302L (B III - 502),"Dr. R. Kiruthigha, Asst. Prof /IT"
IT,III Year,IT B,BMS / Block III,BMS / Block III,WED,5,OPEN HOUR,"Dr. R. Kiruthigha, Asst. Prof /IT"
IT,III Year,IT B,21CSE358T,BMS / Block III,WED,6,21CSE355T/ (21CSE358T),"Dr. R. Kiruthigha, Asst. Prof /IT"
IT,III Year,IT B,21CSE359T,BMS / Block III,WED,7,21CSE356T (21CSE359T),"Dr. R. Kiruthigha, Asst. Prof /IT"
IT,III Year,IT B,Progr Lab,BMS / Block III,THU,3,21ECO103T (Progr Lab),"Dr. R. Kiruthigha, Asst. Prof /IT"
IT,III Year,IT B,21CSE358T,BMS / Block III,THU,4,21CSE355T/ (21CSE358T),"Dr. R. Kiruthigha, Asst. Prof /IT"
IT,III Year,IT B,21CSE359T,BMS / Block III,THU,5,21CSE356T (21CSE359T),"Dr. R. Kiruthigha, Asst. Prof /IT"
IT,III Year,IT B,BMS701,BMS / Block III,THU,6,21CSS303T (BMS701),"Dr. R. Kiruthigha, Asst. Prof /IT"
IT,III Year,IT B,21CSE359T,BMS / Block III,FRI,1,21CSE356T (21CSE359T),"Dr. R. Kiruthigha, Asst. Prof /IT"
IT,III Year,IT B,BMS702,BMS / Block III,FRI,2,21LEM302T (BMS702),"Dr. R. Kiruthigha, Asst. Prof /IT"
IT,III Year,IT B,B,BMS / Block III,FRI,3,21CSC303J(B)/ 21CSC317J(A) Lab (Programming Lab),"Dr. R. Kiruthigha, Asst. Prof /IT"
IT,III Year,IT B,B,BMS / Block III,FRI,4,21CSC303J(B)/ 21CSC317J(A) Lab (Programming Lab),"Dr. R. Kiruthigha, Asst. Prof /IT"
IT,III Year,IT B,Progr Lab,BMS / Block III,FRI,6,21ECO103T (Progr Lab),"Dr. R. Kiruthigha, Asst. Prof /IT"
IT,III Year,IT B,BMS 701,BMS / Block III,FRI,7,21CSP302L (BMS 701),"Dr. R. Kiruthigha, Asst. Prof /IT"
IT,III Year,IT B,BMS 701,BMS / Block III,FRI,8,21CSP302L (BMS 701),"Dr. R. Kiruthigha, Asst. Prof /IT"
IT,III Year,IT C,A,BMS / Block III,MON,1,21CSC303J(A)/ 21CSC317J(B) Lab - Programming Lab,"Mr. R. Sudharsanan, Asst. Prof /IT"
IT,III Year,IT C,A,BMS / Block III,MON,2,21CSC303J(A)/ 21CSC317J(B) Lab - Programming Lab,"Mr. R. Sudharsanan, Asst. Prof /IT"
IT,III Year,IT C,21CSE358T,BMS / Block III,MON,4,21CSE355T/ (21CSE358T),"Mr. R. Sudharsanan, Asst. Prof /IT"
IT,III Year,IT C,Project Lab,BMS / Block III,MON,5,21CSP302L (Project Lab),"Mr. R. Sudharsanan, Asst. Prof /IT"
IT,III Year,IT C,Project Lab,BMS / Block III,MON,6,21CSP302L (Project Lab),"Mr. R. Sudharsanan, Asst. Prof /IT"
IT,III Year,IT C,B,BMS / Block III,TUE,1,21CSC303J(B)/ 21CSC317J(A) Lab - Programming Lab,"Mr. R. Sudharsanan, Asst. Prof /IT"
IT,III Year,IT C,B,BMS / Block III,TUE,2,21CSC303J(B)/ 21CSC317J(A) Lab - Programming Lab,"Mr. R. Sudharsanan, Asst. Prof /IT"
IT,III Year,IT C,Project Lab,BMS / Block III,TUE,3,21CSS303T (Project Lab),"Mr. R. Sudharsanan, Asst. Prof /IT"
IT,III Year,IT C,Project Lab,BMS / Block III,TUE,4,21ECO103T (Project Lab),"Mr. R. Sudharsanan, Asst. Prof /IT"
IT,III Year,IT C,B III - 501,BMS / Block III,WED,1,21CSP302L (B III - 501),"Mr. R. Sudharsanan, Asst. Prof /IT"
IT,III Year,IT C,B III - 501,BMS / Block III,WED,2,21CSP302L (B III - 501),"Mr. R. Sudharsanan, Asst. Prof /IT"
IT,III Year,IT C,"B-III, 501",BMS / Block III,WED,3,"21CSC303J (B-III, 501)","Mr. R. Sudharsanan, Asst. Prof /IT"
IT,III Year,IT C,"B-III, 501",BMS / Block III,WED,4,"21CSC317J (B-III, 501)","Mr. R. Sudharsanan, Asst. Prof /IT"
IT,III Year,IT C,BMS / Block III,BMS / Block III,WED,5,OPEN HOUR,"Mr. R. Sudharsanan, Asst. Prof /IT"
IT,III Year,IT C,21CSE358T,BMS / Block III,WED,6,21CSE355T/ (21CSE358T),"Mr. R. Sudharsanan, Asst. Prof /IT"
IT,III Year,IT C,21CSE359T,BMS / Block III,WED,7,21CSE356T (21CSE359T),"Mr. R. Sudharsanan, Asst. Prof /IT"
IT,III Year,IT C,Project Lab,BMS / Block III,THU,3,21ECO103T (Project Lab),"Mr. R. Sudharsanan, Asst. Prof /IT"
IT,III Year,IT C,21CSE358T,BMS / Block III,THU,4,21CSE355T/ (21CSE358T),"Mr. R. Sudharsanan, Asst. Prof /IT"
IT,III Year,IT C,21CSE359T,BMS / Block III,THU,5,21CSE356T (21CSE359T),"Mr. R. Sudharsanan, Asst. Prof /IT"
IT,III Year,IT C,"B-III, 501",BMS / Block III,THU,6,"21LEM302T (B-III, 501)","Mr. R. Sudharsanan, Asst. Prof /IT"
IT,III Year,IT C,"B-III, 501",BMS / Block III,THU,7,"21CSC303J (B-III, 501)","Mr. R. Sudharsanan, Asst. Prof /IT"
IT,III Year,IT C,21CSE359T,BMS / Block III,FRI,1,21CSE356T (21CSE359T),"Mr. R. Sudharsanan, Asst. Prof /IT"
IT,III Year,IT C,BMS703,BMS / Block III,FRI,2,21CSC317J (BMS703),"Mr. R. Sudharsanan, Asst. Prof /IT"
IT,III Year,IT C,BMS 703,BMS / Block III,FRI,4,21CSS303T (BMS 703),"Mr. R. Sudharsanan, Asst. Prof /IT"
IT,III Year,IT C,BMS703,BMS / Block III,FRI,5,21PDM302L (BMS703),"Mr. R. Sudharsanan, Asst. Prof /IT"
IT,III Year,IT C,BMS703,BMS / Block III,FRI,6,21PDM302L (BMS703),"Mr. R. Sudharsanan, Asst. Prof /IT"
IT,III Year,IT C,BMS703,BMS / Block III,FRI,7,21ECO103T (BMS703),"Mr. R. Sudharsanan, Asst. Prof /IT"
AIML,I Year,I/II/ AIML 'A,ADMIN 306,ADMIN 306,MON,1,21MES102L/EG,FACULTY OF ENGINEERING AND TECHNOLOGY
AIML,I Year,I/II/ AIML 'A,ADMIN 306,ADMIN 306,MON,3,21MES102L/EG,FACULTY OF ENGINEERING AND TECHNOLOGY
AIML,I Year,I/II/ AIML 'A,ADMIN 306,ADMIN 306,MON,5,21EES101T/EEE,FACULTY OF ENGINEERING AND TECHNOLOGY
AIML,I Year,I/II/ AIML 'A,ADMIN 306,ADMIN 306,MON,6,21CYB101J/Chemistry,FACULTY OF ENGINEERING AND TECHNOLOGY
AIML,I Year,I/II/ AIML 'A,ADMIN 306,ADMIN 306,MON,7,21LEM101T/COI,FACULTY OF ENGINEERING AND TECHNOLOGY
AIML,I Year,I/II/ AIML 'A,ADMIN 306,ADMIN 306,TUE,1,21CYB101J/CHEMISTRY,FACULTY OF ENGINEERING AND TECHNOLOGY
AIML,I Year,I/II/ AIML 'A,ADMIN 306,ADMIN 306,TUE,3,21EES101T/EEE,FACULTY OF ENGINEERING AND TECHNOLOGY
AIML,I Year,I/II/ AIML 'A,ADMIN 306,ADMIN 306,TUE,4,21CYB101J/Chemistry,FACULTY OF ENGINEERING AND TECHNOLOGY
AIML,I Year,I/II/ AIML 'A,ADMIN 306,ADMIN 306,TUE,5,21CSC101T/OODP,FACULTY OF ENGINEERING AND TECHNOLOGY
AIML,I Year,I/II/ AIML 'A,ADMIN 306,ADMIN 306,TUE,6,21MAB102T/ACCA,FACULTY OF ENGINEERING AND TECHNOLOGY
AIML,I Year,I/II/ AIML 'A,ADMIN 306,ADMIN 306,WED,1,21CYB101J/Chemistry,FACULTY OF ENGINEERING AND TECHNOLOGY
AIML,I Year,I/II/ AIML 'A,ADMIN 306,ADMIN 306,WED,4,21CSC101T/OODP,FACULTY OF ENGINEERING AND TECHNOLOGY
AIML,I Year,I/II/ AIML 'A,ADMIN 306,ADMIN 306,WED,6,21MAB102T/ACCA,FACULTY OF ENGINEERING AND TECHNOLOGY
AIML,I Year,I/II/ AIML 'A,ADMIN 306,ADMIN 306,THU,1,21EES101T/EEE,FACULTY OF ENGINEERING AND TECHNOLOGY
AIML,I Year,I/II/ AIML 'A,ADMIN 306,ADMIN 306,THU,2,21CSC101T/OODP,FACULTY OF ENGINEERING AND TECHNOLOGY
AIML,I Year,I/II/ AIML 'A,ADMIN 306,ADMIN 306,THU,3,21CYB101J/Chemistry,FACULTY OF ENGINEERING AND TECHNOLOGY
AIML,I Year,I/II/ AIML 'A,ADMIN 306,ADMIN 306,THU,4,21CYM101T/EVS,FACULTY OF ENGINEERING AND TECHNOLOGY
AIML,I Year,I/II/ AIML 'A,ADMIN 306,ADMIN 306,THU,5,"21LEH103T/French 
21LEH104T/German 
21LEH105T/Japanese",FACULTY OF ENGINEERING AND TECHNOLOGY
AIML,I Year,I/II/ AIML 'A,ADMIN 306,ADMIN 306,THU,6,21EES101T/EEE,FACULTY OF ENGINEERING AND TECHNOLOGY
AIML,I Year,I/II/ AIML 'A,ADMIN 306,ADMIN 306,FRI,1,"21LEH103T/French 
21LEH104T/German 
21LEH105T/Japanese",FACULTY OF ENGINEERING AND TECHNOLOGY
AIML,I Year,I/II/ AIML 'A,ADMIN 306,ADMIN 306,FRI,3,21MAB102T/ACCA,FACULTY OF ENGINEERING AND TECHNOLOGY
AIML,I Year,I/II/ AIML 'A,ADMIN 306,ADMIN 306,FRI,4,21MAB102T/ACCA,FACULTY OF ENGINEERING AND TECHNOLOGY
AIML,I Year,I/II/ AIML 'A,ADMIN 306,ADMIN 306,FRI,5,21PDM102L/General Aptitude,FACULTY OF ENGINEERING AND TECHNOLOGY
AIML,I Year,I/II/ AIML'B,ADMIN 305,ADMIN 305,MON,1,21PDM102L/General Aptitude,FACULTY OF ENGINEERING AND TECHNOLOGY
AIML,I Year,I/II/ AIML'B,ADMIN 305,ADMIN 305,MON,3,21EES101T/EEE,FACULTY OF ENGINEERING AND TECHNOLOGY
AIML,I Year,I/II/ AIML'B,ADMIN 305,ADMIN 305,MON,5,21CYB101J/Chemistry,FACULTY OF ENGINEERING AND TECHNOLOGY
AIML,I Year,I/II/ AIML'B,ADMIN 305,ADMIN 305,MON,6,21CSC101T/OODP,FACULTY OF ENGINEERING AND TECHNOLOGY
AIML,I Year,I/II/ AIML'B,ADMIN 305,ADMIN 305,MON,7,21CYM101T/EVS,FACULTY OF ENGINEERING AND TECHNOLOGY
AIML,I Year,I/II/ AIML'B,ADMIN 305,ADMIN 305,TUE,1,21CSC101T/OODP,FACULTY OF ENGINEERING AND TECHNOLOGY
AIML,I Year,I/II/ AIML'B,ADMIN 305,ADMIN 305,TUE,2,21MAB102T/ACCA,FACULTY OF ENGINEERING AND TECHNOLOGY
AIML,I Year,I/II/ AIML'B,ADMIN 305,ADMIN 305,TUE,3,21CYB101J/CHEMISTRY,FACULTY OF ENGINEERING AND TECHNOLOGY
AIML,I Year,I/II/ AIML'B,ADMIN 305,ADMIN 305,TUE,4,21MES102L/EG,FACULTY OF ENGINEERING AND TECHNOLOGY
AIML,I Year,I/II/ AIML'B,ADMIN 305,ADMIN 305,TUE,5,21MES102L/EG,FACULTY OF ENGINEERING AND TECHNOLOGY
AIML,I Year,I/II/ AIML'B,ADMIN 305,ADMIN 305,WED,6,21MAB102T/ACCA,FACULTY OF ENGINEERING AND TECHNOLOGY
AIML,I Year,I/II/ AIML'B,ADMIN 305,ADMIN 305,WED,7,21CYB101J/Chemistry,FACULTY OF ENGINEERING AND TECHNOLOGY
AIML,I Year,I/II/ AIML'B,ADMIN 305,ADMIN 305,WED,8,21EES101T/EEE,FACULTY OF ENGINEERING AND TECHNOLOGY
AIML,I Year,I/II/ AIML'B,ADMIN 305,ADMIN 305,THU,1,21MAB102T/ACCA,FACULTY OF ENGINEERING AND TECHNOLOGY
AIML,I Year,I/II/ AIML'B,ADMIN 305,ADMIN 305,THU,2,21CYB101J/Chemistry,FACULTY OF ENGINEERING AND TECHNOLOGY
AIML,I Year,I/II/ AIML'B,ADMIN 305,ADMIN 305,THU,3,21CSC101T/OODP,FACULTY OF ENGINEERING AND TECHNOLOGY
AIML,I Year,I/II/ AIML'B,ADMIN 305,ADMIN 305,THU,5,"21LEH103T/French 
21LEH104T/German 
21LEH105T/Japanese",FACULTY OF ENGINEERING AND TECHNOLOGY
AIML,I Year,I/II/ AIML'B,ADMIN 305,ADMIN 305,THU,6,21EES101T/EEE,FACULTY OF ENGINEERING AND TECHNOLOGY
AIML,I Year,I/II/ AIML'B,ADMIN 305,ADMIN 305,FRI,1,"21LEH103T/French 
21LEH104T/German 
21LEH105T/Japanese",FACULTY OF ENGINEERING AND TECHNOLOGY
AIML,I Year,I/II/ AIML'B,ADMIN 305,ADMIN 305,FRI,3,21MAB102T/ACCA,FACULTY OF ENGINEERING AND TECHNOLOGY
AIML,I Year,I/II/ AIML'B,ADMIN 305,ADMIN 305,FRI,4,21EES101T/EEE,FACULTY OF ENGINEERING AND TECHNOLOGY
AIML,I Year,I/II/ AIML'B,ADMIN 305,ADMIN 305,FRI,5,21CYB101J/Chemistry,FACULTY OF ENGINEERING AND TECHNOLOGY
AIML,I Year,I/II/ AIML'B,ADMIN 305,ADMIN 305,FRI,7,21LEM101T/COI,FACULTY OF ENGINEERING AND TECHNOLOGY
AIML,I Year,I/II/AIML 'C,ADMIN 401,ADMIN 401,MON,1,21MAB102T/ACCA,FACULTY OF ENGINEERING AND TECHNOLOGY
AIML,I Year,I/II/AIML 'C,ADMIN 401,ADMIN 401,MON,3,21EES101T/EEE,FACULTY OF ENGINEERING AND TECHNOLOGY
AIML,I Year,I/II/AIML 'C,ADMIN 401,ADMIN 401,MON,4,21CYB101J/Chemistry,FACULTY OF ENGINEERING AND TECHNOLOGY
AIML,I Year,I/II/AIML 'C,ADMIN 401,ADMIN 401,MON,5,21PDM102L/General Aptitude,FACULTY OF ENGINEERING AND TECHNOLOGY
AIML,I Year,I/II/AIML 'C,ADMIN 401,ADMIN 401,MON,7,21CSC101T/OODP,FACULTY OF ENGINEERING AND TECHNOLOGY
AIML,I Year,I/II/AIML 'C,ADMIN 401,ADMIN 401,TUE,1,21CSC101T/OODP,FACULTY OF ENGINEERING AND TECHNOLOGY
AIML,I Year,I/II/AIML 'C,ADMIN 401,ADMIN 401,TUE,3,21CYB101J/Chemistry,FACULTY OF ENGINEERING AND TECHNOLOGY
AIML,I Year,I/II/AIML 'C,ADMIN 401,ADMIN 401,TUE,4,21EES101T/EEE,FACULTY OF ENGINEERING AND TECHNOLOGY
AIML,I Year,I/II/AIML 'C,ADMIN 401,ADMIN 401,WED,1,21CYB101J/CHEMISTRY,FACULTY OF ENGINEERING AND TECHNOLOGY
AIML,I Year,I/II/AIML 'C,ADMIN 401,ADMIN 401,WED,3,21CYB101J/Chemistry,FACULTY OF ENGINEERING AND TECHNOLOGY
AIML,I Year,I/II/AIML 'C,ADMIN 401,ADMIN 401,WED,4,21MAB102T/ACCA,FACULTY OF ENGINEERING AND TECHNOLOGY
AIML,I Year,I/II/AIML 'C,ADMIN 401,ADMIN 401,WED,6,21LEM101T/COI,FACULTY OF ENGINEERING AND TECHNOLOGY
AIML,I Year,I/II/AIML 'C,ADMIN 401,ADMIN 401,WED,7,21CYM101T/EVS,FACULTY OF ENGINEERING AND TECHNOLOGY
AIML,I Year,I/II/AIML 'C,ADMIN 401,ADMIN 401,THU,1,21CSC101T/OODP,FACULTY OF ENGINEERING AND TECHNOLOGY
AIML,I Year,I/II/AIML 'C,ADMIN 401,ADMIN 401,THU,2,21EES101T/EEE,FACULTY OF ENGINEERING AND TECHNOLOGY
AIML,I Year,I/II/AIML 'C,ADMIN 401,ADMIN 401,THU,3,21MAB102T/ACCA,FACULTY OF ENGINEERING AND TECHNOLOGY
AIML,I Year,I/II/AIML 'C,ADMIN 401,ADMIN 401,THU,4,21MAB102T/ACCA,FACULTY OF ENGINEERING AND TECHNOLOGY
AIML,I Year,I/II/AIML 'C,ADMIN 401,ADMIN 401,THU,5,"21LEH103T/French 
21LEH104T/German 
21LEH105T/Japanese",FACULTY OF ENGINEERING AND TECHNOLOGY
AIML,I Year,I/II/AIML 'C,ADMIN 401,ADMIN 401,FRI,1,"21LEH103T/French 
21LEH104T/German 
21LEH105T/Japanese",FACULTY OF ENGINEERING AND TECHNOLOGY
AIML,I Year,I/II/AIML 'C,ADMIN 401,ADMIN 401,FRI,3,21CYB101J/Chemistry,FACULTY OF ENGINEERING AND TECHNOLOGY
AIML,I Year,I/II/AIML 'C,ADMIN 401,ADMIN 401,FRI,4,21EES101T/EEE,FACULTY OF ENGINEERING AND TECHNOLOGY
AIML,I Year,I/II/AIML 'C,ADMIN 401,ADMIN 401,FRI,6,21MES102L/EG,FACULTY OF ENGINEERING AND TECHNOLOGY
AIML,I Year,I/II/ AIML 'D,ADMIN 402,ADMIN 402,MON,1,"21LEH103T/French 
21LEH104T/German 
21LEH105T/Japanese",FACULTY OF ENGINEERING AND TECHNOLOGY
AIML,I Year,I/II/ AIML 'D,ADMIN 402,ADMIN 402,MON,2,21EES101T/EEE,FACULTY OF ENGINEERING AND TECHNOLOGY
AIML,I Year,I/II/ AIML 'D,ADMIN 402,ADMIN 402,MON,3,21MAB102T/ACCA,FACULTY OF ENGINEERING AND TECHNOLOGY
AIML,I Year,I/II/ AIML 'D,ADMIN 402,ADMIN 402,MON,4,21CSC101T/OODP,FACULTY OF ENGINEERING AND TECHNOLOGY
AIML,I Year,I/II/ AIML 'D,ADMIN 402,ADMIN 402,MON,6,21MES102L/EG,FACULTY OF ENGINEERING AND TECHNOLOGY
AIML,I Year,I/II/ AIML 'D,ADMIN 402,ADMIN 402,TUE,1,21EES101T/EEE,FACULTY OF ENGINEERING AND TECHNOLOGY
AIML,I Year,I/II/ AIML 'D,ADMIN 402,ADMIN 402,TUE,2,21MAB102T/ACCA,FACULTY OF ENGINEERING AND TECHNOLOGY
AIML,I Year,I/II/ AIML 'D,ADMIN 402,ADMIN 402,TUE,3,"21LEH103T/French 
21LEH104T/German 
21LEH105T/Japanese",FACULTY OF ENGINEERING AND TECHNOLOGY
AIML,I Year,I/II/ AIML 'D,ADMIN 402,ADMIN 402,TUE,5,21CYB101J/Chemistry,FACULTY OF ENGINEERING AND TECHNOLOGY
AIML,I Year,I/II/ AIML 'D,ADMIN 402,ADMIN 402,TUE,6,21LEM101T/COI,FACULTY OF ENGINEERING AND TECHNOLOGY
AIML,I Year,I/II/ AIML 'D,ADMIN 402,ADMIN 402,TUE,7,21CYM101T/EVS,FACULTY OF ENGINEERING AND TECHNOLOGY
AIML,I Year,I/II/ AIML 'D,ADMIN 402,ADMIN 402,WED,1,21CSC101T/OODP,FACULTY OF ENGINEERING AND TECHNOLOGY
AIML,I Year,I/II/ AIML 'D,ADMIN 402,ADMIN 402,WED,2,21EES101T/EEE,FACULTY OF ENGINEERING AND TECHNOLOGY
AIML,I Year,I/II/ AIML 'D,ADMIN 402,ADMIN 402,WED,3,21CYB101J/CHEMISTRY,FACULTY OF ENGINEERING AND TECHNOLOGY
AIML,I Year,I/II/ AIML 'D,ADMIN 402,ADMIN 402,THU,1,21PDM102L/General Aptitude,FACULTY OF ENGINEERING AND TECHNOLOGY
AIML,I Year,I/II/ AIML 'D,ADMIN 402,ADMIN 402,THU,3,21CYB101J/Chemistry,FACULTY OF ENGINEERING AND TECHNOLOGY
AIML,I Year,I/II/ AIML 'D,ADMIN 402,ADMIN 402,THU,4,21MAB102T/ACCA,FACULTY OF ENGINEERING AND TECHNOLOGY
AIML,I Year,I/II/ AIML 'D,ADMIN 402,ADMIN 402,FRI,2,21CSC101T/OODP,FACULTY OF ENGINEERING AND TECHNOLOGY
AIML,I Year,I/II/ AIML 'D,ADMIN 402,ADMIN 402,FRI,3,21CYB101J/Chemistry,FACULTY OF ENGINEERING AND TECHNOLOGY
AIML,I Year,I/II/ AIML 'D,ADMIN 402,ADMIN 402,FRI,4,21MAB102T/ACCA,FACULTY OF ENGINEERING AND TECHNOLOGY
AIML,I Year,I/II/ AIML 'D,ADMIN 402,ADMIN 402,FRI,5,21CYB101J/Chemistry,FACULTY OF ENGINEERING AND TECHNOLOGY
AIML,I Year,I/II/ AIML 'D,ADMIN 402,ADMIN 402,FRI,6,21EES101T/EEE,FACULTY OF ENGINEERING AND TECHNOLOGY
AIML,I Year,I/II/ AIML 'E,ADMIN 501,ADMIN 501,MON,1,"21LEH103T/French 
21LEH104T/German 
21LEH105T/Japanese",FACULTY OF ENGINEERING AND TECHNOLOGY
AIML,I Year,I/II/ AIML 'E,ADMIN 501,ADMIN 501,MON,3,21CYB101J/Chemistry,FACULTY OF ENGINEERING AND TECHNOLOGY
AIML,I Year,I/II/ AIML 'E,ADMIN 501,ADMIN 501,MON,4,21EES101T/EEE,FACULTY OF ENGINEERING AND TECHNOLOGY
AIML,I Year,I/II/ AIML 'E,ADMIN 501,ADMIN 501,MON,5,21MAB102T/ACCA,FACULTY OF ENGINEERING AND TECHNOLOGY
AIML,I Year,I/II/ AIML 'E,ADMIN 501,ADMIN 501,TUE,1,21CSC101T/OODP,FACULTY OF ENGINEERING AND TECHNOLOGY
AIML,I Year,I/II/ AIML 'E,ADMIN 501,ADMIN 501,TUE,2,21MAB102T/ACCA,FACULTY OF ENGINEERING AND TECHNOLOGY
AIML,I Year,I/II/ AIML 'E,ADMIN 501,ADMIN 501,TUE,3,"21LEH103T/French 
21LEH104T/German 
21LEH105T/Japanese",FACULTY OF ENGINEERING AND TECHNOLOGY
AIML,I Year,I/II/ AIML 'E,ADMIN 501,ADMIN 501,TUE,5,21EES101T/EEE,FACULTY OF ENGINEERING AND TECHNOLOGY
AIML,I Year,I/II/ AIML 'E,ADMIN 501,ADMIN 501,TUE,6,21CYB101J/Chemistry,FACULTY OF ENGINEERING AND TECHNOLOGY
AIML,I Year,I/II/ AIML 'E,ADMIN 501,ADMIN 501,TUE,7,21PDM102L/General Aptitude,FACULTY OF ENGINEERING AND TECHNOLOGY
AIML,I Year,I/II/ AIML 'E,ADMIN 501,ADMIN 501,WED,6,21CSC101T/OODP,FACULTY OF ENGINEERING AND TECHNOLOGY
AIML,I Year,I/II/ AIML 'E,ADMIN 501,ADMIN 501,WED,7,21CYM101T/EVS,FACULTY OF ENGINEERING AND TECHNOLOGY
AIML,I Year,I/II/ AIML 'E,ADMIN 501,ADMIN 501,WED,8,21LEM101T/COI,FACULTY OF ENGINEERING AND TECHNOLOGY
AIML,I Year,I/II/ AIML 'E,ADMIN 501,ADMIN 501,THU,1,21CYB101J/CHEMISTRY,FACULTY OF ENGINEERING AND TECHNOLOGY
AIML,I Year,I/II/ AIML 'E,ADMIN 501,ADMIN 501,THU,3,21EES101T/EEE,FACULTY OF ENGINEERING AND TECHNOLOGY
AIML,I Year,I/II/ AIML 'E,ADMIN 501,ADMIN 501,THU,4,21CSC101T/OODP,FACULTY OF ENGINEERING AND TECHNOLOGY
AIML,I Year,I/II/ AIML 'E,ADMIN 501,ADMIN 501,THU,5,21MAB102T/ACCA,FACULTY OF ENGINEERING AND TECHNOLOGY
AIML,I Year,I/II/ AIML 'E,ADMIN 501,ADMIN 501,FRI,1,21MAB102T/ACCA,FACULTY OF ENGINEERING AND TECHNOLOGY
AIML,I Year,I/II/ AIML 'E,ADMIN 501,ADMIN 501,FRI,2,21CYB101J/Chemistry,FACULTY OF ENGINEERING AND TECHNOLOGY
AIML,I Year,I/II/ AIML 'E,ADMIN 501,ADMIN 501,FRI,3,21EES101T/EEE,FACULTY OF ENGINEERING AND TECHNOLOGY
AIML,I Year,I/II/ AIML 'E,ADMIN 501,ADMIN 501,FRI,4,21MES102L/EG,FACULTY OF ENGINEERING AND TECHNOLOGY
AIML,I Year,I/II/ AIML 'E,ADMIN 501,ADMIN 501,FRI,5,21MES102L/EG,FACULTY OF ENGINEERING AND TECHNOLOGY
AIML,I Year,I/II/ AIML 'E,ADMIN 501,ADMIN 501,FRI,7,21CYB101J/Chemistry,FACULTY OF ENGINEERING AND TECHNOLOGY
AIML,I Year,I/II/ AIML 'F,ADMIN 502,ADMIN 502,MON,5,21CSC101T/OODP,FACULTY OF ENGINEERING AND TECHNOLOGY
AIML,I Year,I/II/ AIML 'F,ADMIN 502,ADMIN 502,MON,6,21MAB102T/ACCA,FACULTY OF ENGINEERING AND TECHNOLOGY
AIML,I Year,I/II/ AIML 'F,ADMIN 502,ADMIN 502,MON,7,21EES101T/EEE,FACULTY OF ENGINEERING AND TECHNOLOGY
AIML,I Year,I/II/ AIML 'F,ADMIN 502,ADMIN 502,MON,8,21CYM101T/EVS,FACULTY OF ENGINEERING AND TECHNOLOGY
AIML,I Year,I/II/ AIML 'F,ADMIN 502,ADMIN 502,TUE,1,21MES102L/EG,FACULTY OF ENGINEERING AND TECHNOLOGY
AIML,I Year,I/II/ AIML 'F,ADMIN 502,ADMIN 502,TUE,3,21MES102L/EG,FACULTY OF ENGINEERING AND TECHNOLOGY
AIML,I Year,I/II/ AIML 'F,ADMIN 502,ADMIN 502,TUE,5,21EES101T/EEE,FACULTY OF ENGINEERING AND TECHNOLOGY
AIML,I Year,I/II/ AIML 'F,ADMIN 502,ADMIN 502,TUE,6,21CYB101J/Chemistry,FACULTY OF ENGINEERING AND TECHNOLOGY
AIML,I Year,I/II/ AIML 'F,ADMIN 502,ADMIN 502,TUE,7,21LEM101T/COI,FACULTY OF ENGINEERING AND TECHNOLOGY
AIML,I Year,I/II/ AIML 'F,ADMIN 502,ADMIN 502,WED,2,21CYB101J/Chemistry,FACULTY OF ENGINEERING AND TECHNOLOGY
AIML,I Year,I/II/ AIML 'F,ADMIN 502,ADMIN 502,WED,3,21CSC101T/OODP,FACULTY OF ENGINEERING AND TECHNOLOGY
AIML,I Year,I/II/ AIML 'F,ADMIN 502,ADMIN 502,WED,4,21MAB102T/ACCA,FACULTY OF ENGINEERING AND TECHNOLOGY
AIML,I Year,I/II/ AIML 'F,ADMIN 502,ADMIN 502,THU,1,21MAB102T/ACCA,FACULTY OF ENGINEERING AND TECHNOLOGY
AIML,I Year,I/II/ AIML 'F,ADMIN 502,ADMIN 502,THU,2,21CYB101J/Chemistry,FACULTY OF ENGINEERING AND TECHNOLOGY
AIML,I Year,I/II/ AIML 'F,ADMIN 502,ADMIN 502,THU,3,21CYB101J/CHEMISTRY,FACULTY OF ENGINEERING AND TECHNOLOGY
AIML,I Year,I/II/ AIML 'F,ADMIN 502,ADMIN 502,THU,5,"21LEH103T/French 
21LEH104T/German 
21LEH105T/Japanese",FACULTY OF ENGINEERING AND TECHNOLOGY
AIML,I Year,I/II/ AIML 'F,ADMIN 502,ADMIN 502,THU,7,21PDM102L/General Aptitude,FACULTY OF ENGINEERING AND TECHNOLOGY
AIML,I Year,I/II/ AIML 'F,ADMIN 502,ADMIN 502,FRI,1,"21LEH103T/French 
21LEH104T/German 
21LEH105T/Japanese",FACULTY OF ENGINEERING AND TECHNOLOGY
AIML,I Year,I/II/ AIML 'F,ADMIN 502,ADMIN 502,FRI,3,21EES101T/EEE,FACULTY OF ENGINEERING AND TECHNOLOGY
AIML,I Year,I/II/ AIML 'F,ADMIN 502,ADMIN 502,FRI,4,21CSC101T/OODP,FACULTY OF ENGINEERING AND TECHNOLOGY
AIML,I Year,I/II/ AIML 'F,ADMIN 502,ADMIN 502,FRI,5,21MAB102T/ACCA,FACULTY OF ENGINEERING AND TECHNOLOGY
AIML,I Year,I/II/ AIML 'F,ADMIN 502,ADMIN 502,FRI,6,21CYB101J/Chemistry,FACULTY OF ENGINEERING AND TECHNOLOGY
AIML,I Year,I/II/ AIML 'F,ADMIN 502,ADMIN 502,FRI,7,21EES101T/EEE,FACULTY OF ENGINEERING AND TECHNOLOGY
AIML,I Year,I/II/ AIML 'G,ADMIN 503,ADMIN 503,MON,1,"21LEH103T/French 
21LEH104T/German 
21LEH105T/Japanese",FACULTY OF ENGINEERING AND TECHNOLOGY
AIML,I Year,I/II/ AIML 'G,ADMIN 503,ADMIN 503,MON,2,21MAB102T/ACCA,FACULTY OF ENGINEERING AND TECHNOLOGY
AIML,I Year,I/II/ AIML 'G,ADMIN 503,ADMIN 503,MON,3,21EES101T/EEE,FACULTY OF ENGINEERING AND TECHNOLOGY
AIML,I Year,I/II/ AIML 'G,ADMIN 503,ADMIN 503,MON,4,21CSC101T/OODP,FACULTY OF ENGINEERING AND TECHNOLOGY
AIML,I Year,I/II/ AIML 'G,ADMIN 503,ADMIN 503,MON,5,21CYB101J/Chemistry,FACULTY OF ENGINEERING AND TECHNOLOGY
AIML,I Year,I/II/ AIML 'G,ADMIN 503,ADMIN 503,MON,6,21CYM101T/EVS,FACULTY OF ENGINEERING AND TECHNOLOGY
AIML,I Year,I/II/ AIML 'G,ADMIN 503,ADMIN 503,TUE,1,21MAB102T/ACCA,FACULTY OF ENGINEERING AND TECHNOLOGY
AIML,I Year,I/II/ AIML 'G,ADMIN 503,ADMIN 503,TUE,2,21EES101T/EEE,FACULTY OF ENGINEERING AND TECHNOLOGY
AIML,I Year,I/II/ AIML 'G,ADMIN 503,ADMIN 503,TUE,3,"21LEH103T/French 
21LEH104T/German 
21LEH105T/Japanese",FACULTY OF ENGINEERING AND TECHNOLOGY
AIML,I Year,I/II/ AIML 'G,ADMIN 503,ADMIN 503,WED,1,21CYB101J/Chemistry,FACULTY OF ENGINEERING AND TECHNOLOGY
AIML,I Year,I/II/ AIML 'G,ADMIN 503,ADMIN 503,WED,3,21MAB102T/ACCA,FACULTY OF ENGINEERING AND TECHNOLOGY
AIML,I Year,I/II/ AIML 'G,ADMIN 503,ADMIN 503,WED,4,21CSC101T/OODP,FACULTY OF ENGINEERING AND TECHNOLOGY
AIML,I Year,I/II/ AIML 'G,ADMIN 503,ADMIN 503,WED,6,21EES101T/EEE,FACULTY OF ENGINEERING AND TECHNOLOGY
AIML,I Year,I/II/ AIML 'G,ADMIN 503,ADMIN 503,WED,8,21LEM101T/COI,FACULTY OF ENGINEERING AND TECHNOLOGY
AIML,I Year,I/II/ AIML 'G,ADMIN 503,ADMIN 503,THU,1,21MES102L/EG,FACULTY OF ENGINEERING AND TECHNOLOGY
AIML,I Year,I/II/ AIML 'G,ADMIN 503,ADMIN 503,THU,3,21MES102L/EG,FACULTY OF ENGINEERING AND TECHNOLOGY
AIML,I Year,I/II/ AIML 'G,ADMIN 503,ADMIN 503,THU,5,21MAB102T/ACCA,FACULTY OF ENGINEERING AND TECHNOLOGY
AIML,I Year,I/II/ AIML 'G,ADMIN 503,ADMIN 503,THU,6,21EES101T/EEE,FACULTY OF ENGINEERING AND TECHNOLOGY
AIML,I Year,I/II/ AIML 'G,ADMIN 503,ADMIN 503,THU,7,21CYB101J/Chemistry,FACULTY OF ENGINEERING AND TECHNOLOGY
AIML,I Year,I/II/ AIML 'G,ADMIN 503,ADMIN 503,FRI,1,21CYB101J/CHEMISTRY,FACULTY OF ENGINEERING AND TECHNOLOGY
AIML,I Year,I/II/ AIML 'G,ADMIN 503,ADMIN 503,FRI,3,21PDM102L/General Aptitude,FACULTY OF ENGINEERING AND TECHNOLOGY
AIML,I Year,I/II/ AIML 'G,ADMIN 503,ADMIN 503,FRI,5,21CYB101J/Chemistry,FACULTY OF ENGINEERING AND TECHNOLOGY
AIML,I Year,I/II/ AIML 'G,ADMIN 503,ADMIN 503,FRI,6,21CSC101T/OODP,FACULTY OF ENGINEERING AND TECHNOLOGY
AIML,I Year,I/II/ AIML 'H,ADMIN 505,ADMIN 505,MON,1,"21LEH103T/French 
21LEH104T/German 
21LEH105T/Japanese",FACULTY OF ENGINEERING AND TECHNOLOGY
AIML,I Year,I/II/ AIML 'H,ADMIN 505,ADMIN 505,MON,2,21MAB102T/ACCA,FACULTY OF ENGINEERING AND TECHNOLOGY
AIML,I Year,I/II/ AIML 'H,ADMIN 505,ADMIN 505,MON,3,21CYB101J/CHEMISTRY,FACULTY OF ENGINEERING AND TECHNOLOGY
AIML,I Year,I/II/ AIML 'H,ADMIN 505,ADMIN 505,TUE,1,21MAB102T/ACCA,FACULTY OF ENGINEERING AND TECHNOLOGY
AIML,I Year,I/II/ AIML 'H,ADMIN 505,ADMIN 505,TUE,2,21CSC101T/OODP,FACULTY OF ENGINEERING AND TECHNOLOGY
AIML,I Year,I/II/ AIML 'H,ADMIN 505,ADMIN 505,TUE,3,"21LEH103T/French 
21LEH104T/German 
21LEH105T/Japanese",FACULTY OF ENGINEERING AND TECHNOLOGY
AIML,I Year,I/II/ AIML 'H,ADMIN 505,ADMIN 505,TUE,5,21EES101T/EEE,FACULTY OF ENGINEERING AND TECHNOLOGY
AIML,I Year,I/II/ AIML 'H,ADMIN 505,ADMIN 505,TUE,6,21CYB101J/Chemistry,FACULTY OF ENGINEERING AND TECHNOLOGY
AIML,I Year,I/II/ AIML 'H,ADMIN 505,ADMIN 505,WED,1,21EES101T/EEE,FACULTY OF ENGINEERING AND TECHNOLOGY
AIML,I Year,I/II/ AIML 'H,ADMIN 505,ADMIN 505,WED,2,21CYB101J/Chemistry,FACULTY OF ENGINEERING AND TECHNOLOGY
AIML,I Year,I/II/ AIML 'H,ADMIN 505,ADMIN 505,WED,3,21CYM101T/EVS,FACULTY OF ENGINEERING AND TECHNOLOGY
AIML,I Year,I/II/ AIML 'H,ADMIN 505,ADMIN 505,WED,4,21MAB102T/ACCA,FACULTY OF ENGINEERING AND TECHNOLOGY
AIML,I Year,I/II/ AIML 'H,ADMIN 505,ADMIN 505,WED,6,21CSC101T/OODP,FACULTY OF ENGINEERING AND TECHNOLOGY
AIML,I Year,I/II/ AIML 'H,ADMIN 505,ADMIN 505,WED,7,21LEM101T/COI,FACULTY OF ENGINEERING AND TECHNOLOGY
AIML,I Year,I/II/ AIML 'H,ADMIN 505,ADMIN 505,THU,5,21CSC101T/OODP,FACULTY OF ENGINEERING AND TECHNOLOGY
AIML,I Year,I/II/ AIML 'H,ADMIN 505,ADMIN 505,THU,6,21MAB102T/ACCA,FACULTY OF ENGINEERING AND TECHNOLOGY
AIML,I Year,I/II/ AIML 'H,ADMIN 505,ADMIN 505,THU,7,21EES101T/EEE,FACULTY OF ENGINEERING AND TECHNOLOGY
AIML,I Year,I/II/ AIML 'H,ADMIN 505,ADMIN 505,THU,8,21CYB101J/Chemistry,FACULTY OF ENGINEERING AND TECHNOLOGY
AIML,I Year,I/II/ AIML 'H,ADMIN 505,ADMIN 505,FRI,1,21MES102L/EG,FACULTY OF ENGINEERING AND TECHNOLOGY
AIML,I Year,I/II/ AIML 'H,ADMIN 505,ADMIN 505,FRI,3,21MES102L/EG,FACULTY OF ENGINEERING AND TECHNOLOGY
AIML,I Year,I/II/ AIML 'H,ADMIN 505,ADMIN 505,FRI,5,21EES101T/EEE,FACULTY OF ENGINEERING AND TECHNOLOGY
AIML,I Year,I/II/ AIML 'H,ADMIN 505,ADMIN 505,FRI,6,21CYB101J/Chemistry,FACULTY OF ENGINEERING AND TECHNOLOGY
AIML,I Year,I/II/ AIML 'H,ADMIN 505,ADMIN 505,FRI,7,21PDM102L/General Aptitude,FACULTY OF ENGINEERING AND TECHNOLOGY
AIML,II Year,II/IV/AIML A,BMS 801,BMS 801,MON,1,21CSC205P/DBMS,FACULTY OF ENGINEERING AND TECHNOLOGY
AIML,II Year,II/IV/AIML A,BMS 801,BMS 801,MON,2,21CSC204J/DAA,FACULTY OF ENGINEERING AND TECHNOLOGY
AIML,II Year,II/IV/AIML A,BMS 801,BMS 801,MON,3,21CSE251T/DIP,FACULTY OF ENGINEERING AND TECHNOLOGY
AIML,II Year,II/IV/AIML A,BMS 801,BMS 801,MON,4,21MAB204T/PQT,FACULTY OF ENGINEERING AND TECHNOLOGY
AIML,II Year,II/IV/AIML A,BMS 801,BMS 801,MON,5,21CSC206T/AI,FACULTY OF ENGINEERING AND TECHNOLOGY
AIML,II Year,II/IV/AIML A,BMS 801,BMS 801,MON,6,21DCS201P / DTM,FACULTY OF ENGINEERING AND TECHNOLOGY
AIML,II Year,II/IV/AIML A,BMS 801,BMS 801,TUE,1,21CSE251T/DIP,FACULTY OF ENGINEERING AND TECHNOLOGY
AIML,II Year,II/IV/AIML A,BMS 801,BMS 801,TUE,2,21MAB204T/PQT,FACULTY OF ENGINEERING AND TECHNOLOGY
AIML,II Year,II/IV/AIML A,BMS 801,BMS 801,TUE,3,21CSC205P/DBMS,FACULTY OF ENGINEERING AND TECHNOLOGY
AIML,II Year,II/IV/AIML A,BMS 801,BMS 801,TUE,4,21CSC206T/AI,FACULTY OF ENGINEERING AND TECHNOLOGY
AIML,II Year,II/IV/AIML A,BMS 801,BMS 801,WED,1,21CSC204J/DAA,FACULTY OF ENGINEERING AND TECHNOLOGY
AIML,II Year,II/IV/AIML A,BMS 801,BMS 801,WED,2,21MAB204T/PQT,FACULTY OF ENGINEERING AND TECHNOLOGY
AIML,II Year,II/IV/AIML A,BMS 801,BMS 801,WED,3,21PDM202L/CCTS,FACULTY OF ENGINEERING AND TECHNOLOGY
AIML,II Year,II/IV/AIML A,BMS 801,BMS 801,THU,1,21CSC204J/DAA,FACULTY OF ENGINEERING AND TECHNOLOGY
AIML,II Year,II/IV/AIML A,BMS 801,BMS 801,THU,3,21CSC205P/DBMS,FACULTY OF ENGINEERING AND TECHNOLOGY
AIML,II Year,II/IV/AIML A,BMS 801,BMS 801,FRI,1,21CSC206T/AI,FACULTY OF ENGINEERING AND TECHNOLOGY
AIML,II Year,II/IV/AIML A,BMS 801,BMS 801,FRI,2,21CSE251T/DIP,FACULTY OF ENGINEERING AND TECHNOLOGY
AIML,II Year,II/IV/AIML A,BMS 801,BMS 801,FRI,3,21CSC204J/DAA,FACULTY OF ENGINEERING AND TECHNOLOGY
AIML,II Year,II/IV/AIML A,BMS 801,BMS 801,FRI,4,21MAB204T/PQT,FACULTY OF ENGINEERING AND TECHNOLOGY
AIML,II Year,II/IV/AIML A,BMS 801,BMS 801,FRI,5,21PDH201T/SE,FACULTY OF ENGINEERING AND TECHNOLOGY
AIML,II Year,II/IV/AIML B,BMS 802,BMS 802,MON,1,21CSC204J/DAA,FACULTY OF ENGINEERING AND TECHNOLOGY
AIML,II Year,II/IV/AIML B,BMS 802,BMS 802,MON,2,21CSC206T/AI,FACULTY OF ENGINEERING AND TECHNOLOGY
AIML,II Year,II/IV/AIML B,BMS 802,BMS 802,MON,3,21MAB204T/PQT,FACULTY OF ENGINEERING AND TECHNOLOGY
AIML,II Year,II/IV/AIML B,BMS 802,BMS 802,MON,4,21CSE251T/DIP,FACULTY OF ENGINEERING AND TECHNOLOGY
AIML,II Year,II/IV/AIML B,BMS 802,BMS 802,TUE,1,21DCS201P / DTM,FACULTY OF ENGINEERING AND TECHNOLOGY
AIML,II Year,II/IV/AIML B,BMS 802,BMS 802,TUE,3,21DCS201P / DTM,FACULTY OF ENGINEERING AND TECHNOLOGY
AIML,II Year,II/IV/AIML B,BMS 802,BMS 802,TUE,4,21CSE251T/DIP,FACULTY OF ENGINEERING AND TECHNOLOGY
AIML,II Year,II/IV/AIML B,BMS 802,BMS 802,TUE,5,21CSC204J/DAA,FACULTY OF ENGINEERING AND TECHNOLOGY
AIML,II Year,II/IV/AIML B,BMS 802,BMS 802,TUE,6,21MAB204T/PQT,FACULTY OF ENGINEERING AND TECHNOLOGY
AIML,II Year,II/IV/AIML B,BMS 802,BMS 802,TUE,7,21PDM202L/CCTS,FACULTY OF ENGINEERING AND TECHNOLOGY
AIML,II Year,II/IV/AIML B,BMS 802,BMS 802,WED,1,21CSC206T/AI,FACULTY OF ENGINEERING AND TECHNOLOGY
AIML,II Year,II/IV/AIML B,BMS 802,BMS 802,WED,2,21MAB204T/PQT,FACULTY OF ENGINEERING AND TECHNOLOGY
AIML,II Year,II/IV/AIML B,BMS 802,BMS 802,WED,3,21CSC205P/DBMS,FACULTY OF ENGINEERING AND TECHNOLOGY
AIML,II Year,II/IV/AIML B,BMS 802,BMS 802,WED,4,21CSC204J/DAA,FACULTY OF ENGINEERING AND TECHNOLOGY
AIML,II Year,II/IV/AIML B,BMS 802,BMS 802,THU,1,21CSC205P/DBMS,FACULTY OF ENGINEERING AND TECHNOLOGY
AIML,II Year,II/IV/AIML B,BMS 802,BMS 802,THU,3,21CSC204J/DAA,FACULTY OF ENGINEERING AND TECHNOLOGY
AIML,II Year,II/IV/AIML B,BMS 802,BMS 802,THU,5,21PDH201T/SE,FACULTY OF ENGINEERING AND TECHNOLOGY
AIML,II Year,II/IV/AIML B,BMS 802,BMS 802,FRI,1,21CSE251T/DIP,FACULTY OF ENGINEERING AND TECHNOLOGY
AIML,II Year,II/IV/AIML B,BMS 802,BMS 802,FRI,3,21CSC205P/DBMS,FACULTY OF ENGINEERING AND TECHNOLOGY
AIML,II Year,II/IV/AIML B,BMS 802,BMS 802,FRI,4,21CSC206T/AI,FACULTY OF ENGINEERING AND TECHNOLOGY
AIML,II Year,II/IV/AIML B,BMS 802,BMS 802,FRI,5,21MAB204T/PQT,FACULTY OF ENGINEERING AND TECHNOLOGY
AIML,II Year,II/IV/AIML C,BMS 803,BMS 803,MON,1,21CSE251T/DIP,FACULTY OF ENGINEERING AND TECHNOLOGY
AIML,II Year,II/IV/AIML C,BMS 803,BMS 803,MON,2,21CSC204J/DAA,FACULTY OF ENGINEERING AND TECHNOLOGY
AIML,II Year,II/IV/AIML C,BMS 803,BMS 803,MON,3,21MAB204T/PQT,FACULTY OF ENGINEERING AND TECHNOLOGY
AIML,II Year,II/IV/AIML C,BMS 803,BMS 803,MON,4,21CSC206T/AI,FACULTY OF ENGINEERING AND TECHNOLOGY
AIML,II Year,II/IV/AIML C,BMS 803,BMS 803,MON,6,21DCS201P / DTM,FACULTY OF ENGINEERING AND TECHNOLOGY
AIML,II Year,II/IV/AIML C,BMS 803,BMS 803,TUE,1,21PDH201T/SE,FACULTY OF ENGINEERING AND TECHNOLOGY
AIML,II Year,II/IV/AIML C,BMS 803,BMS 803,TUE,3,21CSE251T/DIP,FACULTY OF ENGINEERING AND TECHNOLOGY
AIML,II Year,II/IV/AIML C,BMS 803,BMS 803,TUE,4,21CSC204J/DAA,FACULTY OF ENGINEERING AND TECHNOLOGY
AIML,II Year,II/IV/AIML C,BMS 803,BMS 803,WED,6,21MAB204T/PQT,FACULTY OF ENGINEERING AND TECHNOLOGY
AIML,II Year,II/IV/AIML C,BMS 803,BMS 803,WED,7,21CSE251T/DIP,FACULTY OF ENGINEERING AND TECHNOLOGY
AIML,II Year,II/IV/AIML C,BMS 803,BMS 803,WED,8,21CSC205P/DBMS,FACULTY OF ENGINEERING AND TECHNOLOGY
AIML,II Year,II/IV/AIML C,BMS 803,BMS 803,THU,1,21CSC206T/AI,FACULTY OF ENGINEERING AND TECHNOLOGY
AIML,II Year,II/IV/AIML C,BMS 803,BMS 803,THU,2,21MAB204T/PQT,FACULTY OF ENGINEERING AND TECHNOLOGY
AIML,II Year,II/IV/AIML C,BMS 803,BMS 803,THU,3,21CSC204J/DAA,FACULTY OF ENGINEERING AND TECHNOLOGY
AIML,II Year,II/IV/AIML C,BMS 803,BMS 803,THU,5,21CSC204J/DAA,FACULTY OF ENGINEERING AND TECHNOLOGY
AIML,II Year,II/IV/AIML C,BMS 803,BMS 803,THU,7,21CSC205P/DBMS,FACULTY OF ENGINEERING AND TECHNOLOGY
AIML,II Year,II/IV/AIML C,BMS 803,BMS 803,FRI,1,21CSC205P/DBMS,FACULTY OF ENGINEERING AND TECHNOLOGY
AIML,II Year,II/IV/AIML C,BMS 803,BMS 803,FRI,2,21MAB204T/PQT,FACULTY OF ENGINEERING AND TECHNOLOGY
AIML,II Year,II/IV/AIML C,BMS 803,BMS 803,FRI,3,21CSC206T/AI,FACULTY OF ENGINEERING AND TECHNOLOGY
AIML,II Year,II/IV/AIML C,BMS 803,BMS 803,FRI,5,21PDM202L/CCTS,FACULTY OF ENGINEERING AND TECHNOLOGY
AIML,II Year,II/IV/AIML D,BMS 804,BMS 804,MON,1,21CSC206T/AI,FACULTY OF ENGINEERING AND TECHNOLOGY
AIML,II Year,II/IV/AIML D,BMS 804,BMS 804,MON,2,21CSC205P/DBMS,FACULTY OF ENGINEERING AND TECHNOLOGY
AIML,II Year,II/IV/AIML D,BMS 804,BMS 804,MON,3,21PDM202L/CCTS,FACULTY OF ENGINEERING AND TECHNOLOGY
AIML,II Year,II/IV/AIML D,BMS 804,BMS 804,MON,5,21MAB204T/PQT,FACULTY OF ENGINEERING AND TECHNOLOGY
AIML,II Year,II/IV/AIML D,BMS 804,BMS 804,MON,6,21CSE251T/DIP,FACULTY OF ENGINEERING AND TECHNOLOGY
AIML,II Year,II/IV/AIML D,BMS 804,BMS 804,MON,7,21CSC204J/DAA,FACULTY OF ENGINEERING AND TECHNOLOGY
AIML,II Year,II/IV/AIML D,BMS 804,BMS 804,TUE,1,21CSC205P/DBMS,FACULTY OF ENGINEERING AND TECHNOLOGY
AIML,II Year,II/IV/AIML D,BMS 804,BMS 804,TUE,2,21CSC204J/DAA,FACULTY OF ENGINEERING AND TECHNOLOGY
AIML,II Year,II/IV/AIML D,BMS 804,BMS 804,TUE,3,21CSE251T/DIP,FACULTY OF ENGINEERING AND TECHNOLOGY
AIML,II Year,II/IV/AIML D,BMS 804,BMS 804,TUE,4,21MAB204T/PQT,FACULTY OF ENGINEERING AND TECHNOLOGY
AIML,II Year,II/IV/AIML D,BMS 804,BMS 804,WED,6,21DCS201P / DTM,FACULTY OF ENGINEERING AND TECHNOLOGY
AIML,II Year,II/IV/AIML D,BMS 804,BMS 804,THU,1,21CSC204J/DAA,FACULTY OF ENGINEERING AND TECHNOLOGY
AIML,II Year,II/IV/AIML D,BMS 804,BMS 804,THU,2,21CSC206T/AI,FACULTY OF ENGINEERING AND TECHNOLOGY
AIML,II Year,II/IV/AIML D,BMS 804,BMS 804,THU,3,21CSE251T/DIP,FACULTY OF ENGINEERING AND TECHNOLOGY
AIML,II Year,II/IV/AIML D,BMS 804,BMS 804,THU,4,21MAB204T/PQT,FACULTY OF ENGINEERING AND TECHNOLOGY
AIML,II Year,II/IV/AIML D,BMS 804,BMS 804,THU,5,21CSC205P/DBMS,FACULTY OF ENGINEERING AND TECHNOLOGY
AIML,II Year,II/IV/AIML D,BMS 804,BMS 804,THU,7,21CSC204J/DAA,FACULTY OF ENGINEERING AND TECHNOLOGY
AIML,II Year,II/IV/AIML D,BMS 804,BMS 804,FRI,1,21PDH201T/SE,FACULTY OF ENGINEERING AND TECHNOLOGY
AIML,II Year,II/IV/AIML D,BMS 804,BMS 804,FRI,3,21CSC206T/AI,FACULTY OF ENGINEERING AND TECHNOLOGY
AIML,II Year,II/IV/AIML D,BMS 804,BMS 804,FRI,4,21MAB204T/PQT,FACULTY OF ENGINEERING AND TECHNOLOGY
AIML,II Year,II/IV/AIML E,NA 201,NA 201,MON,1,21CSE251T/DIP,FACULTY OF ENGINEERING AND TECHNOLOGY
AIML,II Year,II/IV/AIML E,NA 201,NA 201,MON,2,21CSC204J/DAA,FACULTY OF ENGINEERING AND TECHNOLOGY
AIML,II Year,II/IV/AIML E,NA 201,NA 201,MON,3,21CSC205P/DBMS,FACULTY OF ENGINEERING AND TECHNOLOGY
AIML,II Year,II/IV/AIML E,NA 201,NA 201,MON,4,21MAB204T/PQT,FACULTY OF ENGINEERING AND TECHNOLOGY
AIML,II Year,II/IV/AIML E,NA 201,NA 201,TUE,5,21CSC204J/DAA,FACULTY OF ENGINEERING AND TECHNOLOGY
AIML,II Year,II/IV/AIML E,NA 201,NA 201,TUE,6,21DCS201P / DTM,FACULTY OF ENGINEERING AND TECHNOLOGY
AIML,II Year,II/IV/AIML E,NA 201,NA 201,WED,1,21CSC204J/DAA,FACULTY OF ENGINEERING AND TECHNOLOGY
AIML,II Year,II/IV/AIML E,NA 201,NA 201,WED,2,21CSE251T/DIP,FACULTY OF ENGINEERING AND TECHNOLOGY
AIML,II Year,II/IV/AIML E,NA 201,NA 201,WED,3,21MAB204T/PQT,FACULTY OF ENGINEERING AND TECHNOLOGY
AIML,II Year,II/IV/AIML E,NA 201,NA 201,WED,4,21CSC206T/AI,FACULTY OF ENGINEERING AND TECHNOLOGY
AIML,II Year,II/IV/AIML E,NA 201,NA 201,WED,6,21CSE251T/DIP,FACULTY OF ENGINEERING AND TECHNOLOGY
AIML,II Year,II/IV/AIML E,NA 201,NA 201,THU,1,21MAB204T/PQT,FACULTY OF ENGINEERING AND TECHNOLOGY
AIML,II Year,II/IV/AIML E,NA 201,NA 201,THU,2,21CSC206T/AI,FACULTY OF ENGINEERING AND TECHNOLOGY
AIML,II Year,II/IV/AIML E,NA 201,NA 201,THU,3,21CSC205P/DBMS,FACULTY OF ENGINEERING AND TECHNOLOGY
AIML,II Year,II/IV/AIML E,NA 201,NA 201,THU,5,21PDM202L/CCTS,FACULTY OF ENGINEERING AND TECHNOLOGY
AIML,II Year,II/IV/AIML E,NA 201,NA 201,THU,7,21PDH201T/SE,FACULTY OF ENGINEERING AND TECHNOLOGY
AIML,II Year,II/IV/AIML E,NA 201,NA 201,FRI,1,21CSC204J/DAA,FACULTY OF ENGINEERING AND TECHNOLOGY
AIML,II Year,II/IV/AIML E,NA 201,NA 201,FRI,3,21CSC205P/DBMS,FACULTY OF ENGINEERING AND TECHNOLOGY
AIML,II Year,II/IV/AIML E,NA 201,NA 201,FRI,5,21CSC206T/AI,FACULTY OF ENGINEERING AND TECHNOLOGY
AIML,II Year,II/IV/AIML E,NA 201,NA 201,FRI,6,21MAB204T/PQT,FACULTY OF ENGINEERING AND TECHNOLOGY
AIML,II Year,II/IV/AIML F,NA 202,NA 202,MON,1,21DCS201P / DTM,FACULTY OF ENGINEERING AND TECHNOLOGY
AIML,II Year,II/IV/AIML F,NA 202,NA 202,MON,3,21DCS201P / DTM,FACULTY OF ENGINEERING AND TECHNOLOGY
AIML,II Year,II/IV/AIML F,NA 202,NA 202,MON,4,21CSC204J/DAA,FACULTY OF ENGINEERING AND TECHNOLOGY
AIML,II Year,II/IV/AIML F,NA 202,NA 202,TUE,1,21CSC205P/DBMS,FACULTY OF ENGINEERING AND TECHNOLOGY
AIML,II Year,II/IV/AIML F,NA 202,NA 202,TUE,2,21CSE251T/DIP,FACULTY OF ENGINEERING AND TECHNOLOGY
AIML,II Year,II/IV/AIML F,NA 202,NA 202,TUE,3,21MAB204T/PQT,FACULTY OF ENGINEERING AND TECHNOLOGY
AIML,II Year,II/IV/AIML F,NA 202,NA 202,TUE,4,21CSC206T/AI,FACULTY OF ENGINEERING AND TECHNOLOGY
AIML,II Year,II/IV/AIML F,NA 202,NA 202,TUE,5,21PDH201T/SE,FACULTY OF ENGINEERING AND TECHNOLOGY
AIML,II Year,II/IV/AIML F,NA 202,NA 202,WED,1,21CSC204J/DAA,FACULTY OF ENGINEERING AND TECHNOLOGY
AIML,II Year,II/IV/AIML F,NA 202,NA 202,WED,2,21CSC205P/DBMS,FACULTY OF ENGINEERING AND TECHNOLOGY
AIML,II Year,II/IV/AIML F,NA 202,NA 202,WED,3,21CSC206T/AI,FACULTY OF ENGINEERING AND TECHNOLOGY
AIML,II Year,II/IV/AIML F,NA 202,NA 202,WED,4,21CSE251T/DIP,FACULTY OF ENGINEERING AND TECHNOLOGY
AIML,II Year,II/IV/AIML F,NA 202,NA 202,WED,6,21MAB204T/PQT,FACULTY OF ENGINEERING AND TECHNOLOGY
AIML,II Year,II/IV/AIML F,NA 202,NA 202,THU,1,21MAB204T/PQT,FACULTY OF ENGINEERING AND TECHNOLOGY
AIML,II Year,II/IV/AIML F,NA 202,NA 202,THU,2,21CSC204J/DAA,FACULTY OF ENGINEERING AND TECHNOLOGY
AIML,II Year,II/IV/AIML F,NA 202,NA 202,THU,3,21PDM202L/CCTS,FACULTY OF ENGINEERING AND TECHNOLOGY
AIML,II Year,II/IV/AIML F,NA 202,NA 202,THU,5,21CSC206T/AI,FACULTY OF ENGINEERING AND TECHNOLOGY
AIML,II Year,II/IV/AIML F,NA 202,NA 202,FRI,1,21CSC205P/DBMS,FACULTY OF ENGINEERING AND TECHNOLOGY
AIML,II Year,II/IV/AIML F,NA 202,NA 202,FRI,3,21CSC204J/DAA,FACULTY OF ENGINEERING AND TECHNOLOGY
AIML,II Year,II/IV/AIML F,NA 202,NA 202,FRI,5,21CSE251T/DIP,FACULTY OF ENGINEERING AND TECHNOLOGY
AIML,II Year,II/IV/AIML F,NA 202,NA 202,FRI,6,21MAB204T/PQT,FACULTY OF ENGINEERING AND TECHNOLOGY
AIML,II Year,II/IV/AIML G,NA 203,NA 203,MON,1,21DCS201P / DTM,FACULTY OF ENGINEERING AND TECHNOLOGY
AIML,II Year,II/IV/AIML G,NA 203,NA 203,MON,3,21DCS201P / DTM,FACULTY OF ENGINEERING AND TECHNOLOGY
AIML,II Year,II/IV/AIML G,NA 203,NA 203,MON,4,21CSC206T/AI,FACULTY OF ENGINEERING AND TECHNOLOGY
AIML,II Year,II/IV/AIML G,NA 203,NA 203,MON,5,21PDM202L/CCTS,FACULTY OF ENGINEERING AND TECHNOLOGY
AIML,II Year,II/IV/AIML G,NA 203,NA 203,MON,7,21CSE251T/DIP,FACULTY OF ENGINEERING AND TECHNOLOGY
AIML,II Year,II/IV/AIML G,NA 203,NA 203,TUE,1,21CSC204J/DAA,FACULTY OF ENGINEERING AND TECHNOLOGY
AIML,II Year,II/IV/AIML G,NA 203,NA 203,TUE,2,21CSC205P/DBMS,FACULTY OF ENGINEERING AND TECHNOLOGY
AIML,II Year,II/IV/AIML G,NA 203,NA 203,TUE,3,21CSC206T/AI,FACULTY OF ENGINEERING AND TECHNOLOGY
AIML,II Year,II/IV/AIML G,NA 203,NA 203,TUE,4,21MAB204T/PQT,FACULTY OF ENGINEERING AND TECHNOLOGY
AIML,II Year,II/IV/AIML G,NA 203,NA 203,TUE,5,21CSE251T/DIP,FACULTY OF ENGINEERING AND TECHNOLOGY
AIML,II Year,II/IV/AIML G,NA 203,NA 203,WED,1,21CSE251T/DIP,FACULTY OF ENGINEERING AND TECHNOLOGY
AIML,II Year,II/IV/AIML G,NA 203,NA 203,WED,2,21CSC204J/DAA,FACULTY OF ENGINEERING AND TECHNOLOGY
AIML,II Year,II/IV/AIML G,NA 203,NA 203,WED,3,21CSC205P/DBMS,FACULTY OF ENGINEERING AND TECHNOLOGY
AIML,II Year,II/IV/AIML G,NA 203,NA 203,WED,4,21MAB204T/PQT,FACULTY OF ENGINEERING AND TECHNOLOGY
AIML,II Year,II/IV/AIML G,NA 203,NA 203,THU,1,21PDH201T/SE,FACULTY OF ENGINEERING AND TECHNOLOGY
AIML,II Year,II/IV/AIML G,NA 203,NA 203,THU,3,21MAB204T/PQT,FACULTY OF ENGINEERING AND TECHNOLOGY
AIML,II Year,II/IV/AIML G,NA 203,NA 203,THU,4,21MAB204T/PQT,FACULTY OF ENGINEERING AND TECHNOLOGY
AIML,II Year,II/IV/AIML G,NA 203,NA 203,FRI,1,21CSC206T/AI,FACULTY OF ENGINEERING AND TECHNOLOGY
AIML,II Year,II/IV/AIML G,NA 203,NA 203,FRI,3,21CSC204J/DAA,FACULTY OF ENGINEERING AND TECHNOLOGY
AIML,II Year,II/IV/AIML G,NA 203,NA 203,FRI,5,21CSC204J/DAA,FACULTY OF ENGINEERING AND TECHNOLOGY
AIML,II Year,II/IV/AIML G,NA 203,NA 203,FRI,7,21CSC205P/DBMS,FACULTY OF ENGINEERING AND TECHNOLOGY
AIML,II Year,II/IV/AIML H,NA 203,NA 203,MON,1,21CSC206T/AI,FACULTY OF ENGINEERING AND TECHNOLOGY
AIML,II Year,II/IV/AIML H,NA 203,NA 203,MON,2,21MAB204T/PQT,FACULTY OF ENGINEERING AND TECHNOLOGY
AIML,II Year,II/IV/AIML H,NA 203,NA 203,MON,3,21CSC204J/DAA,FACULTY OF ENGINEERING AND TECHNOLOGY
AIML,II Year,II/IV/AIML H,NA 203,NA 203,MON,4,21CSC205P/DBMS,FACULTY OF ENGINEERING AND TECHNOLOGY
AIML,II Year,II/IV/AIML H,NA 203,NA 203,TUE,1,21DCS201P / DTM,FACULTY OF ENGINEERING AND TECHNOLOGY
AIML,II Year,II/IV/AIML H,NA 203,NA 203,TUE,3,21DCS201P / DTM,FACULTY OF ENGINEERING AND TECHNOLOGY
AIML,II Year,II/IV/AIML H,NA 203,NA 203,TUE,4,21CSC204J/DAA,FACULTY OF ENGINEERING AND TECHNOLOGY
AIML,II Year,II/IV/AIML H,NA 203,NA 203,TUE,5,21MAB204T/PQT,FACULTY OF ENGINEERING AND TECHNOLOGY
AIML,II Year,II/IV/AIML H,NA 203,NA 203,WED,1,21MAB204T/PQT,FACULTY OF ENGINEERING AND TECHNOLOGY
AIML,II Year,II/IV/AIML H,NA 203,NA 203,WED,2,21CSE251T/DIP,FACULTY OF ENGINEERING AND TECHNOLOGY
AIML,II Year,II/IV/AIML H,NA 203,NA 203,WED,3,21PDH201T/SE,FACULTY OF ENGINEERING AND TECHNOLOGY
AIML,II Year,II/IV/AIML H,NA 203,NA 203,WED,6,21CSC206T/AI,FACULTY OF ENGINEERING AND TECHNOLOGY
AIML,II Year,II/IV/AIML H,NA 203,NA 203,THU,1,21PDM202L/CCTS,FACULTY OF ENGINEERING AND TECHNOLOGY
AIML,II Year,II/IV/AIML H,NA 203,NA 203,THU,3,21CSE251T/DIP,FACULTY OF ENGINEERING AND TECHNOLOGY
AIML,II Year,II/IV/AIML H,NA 203,NA 203,THU,4,21CSC205P/DBMS,FACULTY OF ENGINEERING AND TECHNOLOGY
AIML,II Year,II/IV/AIML H,NA 203,NA 203,THU,5,21MAB204T/PQT,FACULTY OF ENGINEERING AND TECHNOLOGY
AIML,II Year,II/IV/AIML H,NA 203,NA 203,FRI,1,21CSC204J/DAA,FACULTY OF ENGINEERING AND TECHNOLOGY
AIML,II Year,II/IV/AIML H,NA 203,NA 203,FRI,2,21CSC206T/AI,FACULTY OF ENGINEERING AND TECHNOLOGY
AIML,II Year,II/IV/AIML H,NA 203,NA 203,FRI,4,21CSE251T/DIP,FACULTY OF ENGINEERING AND TECHNOLOGY
AIML,II Year,II/IV/AIML H,NA 203,NA 203,FRI,5,21CSC205P/DBMS,FACULTY OF ENGINEERING AND TECHNOLOGY
AIML,II Year,II/IV/AIML H,NA 203,NA 203,FRI,7,21CSC204J/DAA,FACULTY OF ENGINEERING AND TECHNOLOGY
AIML,III Year,III/VI/AIML A,B-III 601,B-III 601,MON,1,21CSC304J / CD,FACULTY OF ENGINEERING AND TECHNOLOGY
AIML,III Year,III/VI/AIML A,B-III 601,B-III 601,MON,2,21ECO105T / FOO,FACULTY OF ENGINEERING AND TECHNOLOGY
AIML,III Year,III/VI/AIML A,B-III 601,B-III 601,MON,3,21CSE355T / DMA,FACULTY OF ENGINEERING AND TECHNOLOGY
AIML,III Year,III/VI/AIML A,B-III 601,B-III 601,MON,4,21CSC303J / SEPM,FACULTY OF ENGINEERING AND TECHNOLOGY
AIML,III Year,III/VI/AIML A,B-III 601,B-III 601,MON,5,21CSP302L / PROJECT,FACULTY OF ENGINEERING AND TECHNOLOGY
AIML,III Year,III/VI/AIML A,B-III 601,B-III 601,TUE,1,21CSE355T / DMA,FACULTY OF ENGINEERING AND TECHNOLOGY
AIML,III Year,III/VI/AIML A,B-III 601,B-III 601,TUE,2,21CSE356T /  NLP,FACULTY OF ENGINEERING AND TECHNOLOGY
AIML,III Year,III/VI/AIML A,B-III 601,B-III 601,TUE,3,21ECO105T / FOO,FACULTY OF ENGINEERING AND TECHNOLOGY
AIML,III Year,III/VI/AIML A,B-III 601,B-III 601,TUE,4,21CSS303T / DS,FACULTY OF ENGINEERING AND TECHNOLOGY
AIML,III Year,III/VI/AIML A,B-III 601,B-III 601,WED,1,21CSS303T / DS,FACULTY OF ENGINEERING AND TECHNOLOGY
AIML,III Year,III/VI/AIML A,B-III 601,B-III 601,WED,2,21ECO105T / FOO,FACULTY OF ENGINEERING AND TECHNOLOGY
AIML,III Year,III/VI/AIML A,B-III 601,B-III 601,WED,3,21CSE356T /  NLP,FACULTY OF ENGINEERING AND TECHNOLOGY
AIML,III Year,III/VI/AIML A,B-III 601,B-III 601,WED,4,21CSC303J / SEPM,FACULTY OF ENGINEERING AND TECHNOLOGY
AIML,III Year,III/VI/AIML A,B-III 601,B-III 601,WED,6,21LEM302T / ITK,FACULTY OF ENGINEERING AND TECHNOLOGY
AIML,III Year,III/VI/AIML A,B-III 601,B-III 601,THU,1,21CSC303J / SEPM,FACULTY OF ENGINEERING AND TECHNOLOGY
AIML,III Year,III/VI/AIML A,B-III 601,B-III 601,THU,3,21CSP302L / PROJECT,FACULTY OF ENGINEERING AND TECHNOLOGY
AIML,III Year,III/VI/AIML A,B-III 601,B-III 601,THU,5,21CSC304J / CD,FACULTY OF ENGINEERING AND TECHNOLOGY
AIML,III Year,III/VI/AIML A,B-III 601,B-III 601,THU,7,21PDM302L / ESP,FACULTY OF ENGINEERING AND TECHNOLOGY
AIML,III Year,III/VI/AIML A,B-III 601,B-III 601,FRI,1,21CSE356T /  NLP,FACULTY OF ENGINEERING AND TECHNOLOGY
AIML,III Year,III/VI/AIML A,B-III 601,B-III 601,FRI,2,21CSE355T / DMA,FACULTY OF ENGINEERING AND TECHNOLOGY
AIML,III Year,III/VI/AIML A,B-III 601,B-III 601,FRI,3,21CSC304J / CD,FACULTY OF ENGINEERING AND TECHNOLOGY
AIML,III Year,III/VI/AIML B,B-III 602,B-III 602,MON,1,21CSP302L / PROJECT,FACULTY OF ENGINEERING AND TECHNOLOGY
AIML,III Year,III/VI/AIML B,B-III 602,B-III 602,MON,3,21CSP302L / PROJECT,FACULTY OF ENGINEERING AND TECHNOLOGY
AIML,III Year,III/VI/AIML B,B-III 602,B-III 602,MON,5,21CSS303T / DS,FACULTY OF ENGINEERING AND TECHNOLOGY
AIML,III Year,III/VI/AIML B,B-III 602,B-III 602,TUE,1,21CSC304J / CD,FACULTY OF ENGINEERING AND TECHNOLOGY
AIML,III Year,III/VI/AIML B,B-III 602,B-III 602,TUE,2,21CSC303J / SEPM,FACULTY OF ENGINEERING AND TECHNOLOGY
AIML,III Year,III/VI/AIML B,B-III 602,B-III 602,TUE,3,21CSE356T /  NLP,FACULTY OF ENGINEERING AND TECHNOLOGY
AIML,III Year,III/VI/AIML B,B-III 602,B-III 602,TUE,4,21CSE355T / DMA,FACULTY OF ENGINEERING AND TECHNOLOGY
AIML,III Year,III/VI/AIML B,B-III 602,B-III 602,WED,1,21CSS303T / DS,FACULTY OF ENGINEERING AND TECHNOLOGY
AIML,III Year,III/VI/AIML B,B-III 602,B-III 602,WED,2,21CSE355T / DMA,FACULTY OF ENGINEERING AND TECHNOLOGY
AIML,III Year,III/VI/AIML B,B-III 602,B-III 602,WED,3,21ECO105T / FOO,FACULTY OF ENGINEERING AND TECHNOLOGY
AIML,III Year,III/VI/AIML B,B-III 602,B-III 602,WED,4,21LEM302T / ITK,FACULTY OF ENGINEERING AND TECHNOLOGY
AIML,III Year,III/VI/AIML B,B-III 602,B-III 602,WED,6,21CSC303J / SEPM,FACULTY OF ENGINEERING AND TECHNOLOGY
AIML,III Year,III/VI/AIML B,B-III 602,B-III 602,WED,7,21CSC304J / CD,FACULTY OF ENGINEERING AND TECHNOLOGY
AIML,III Year,III/VI/AIML B,B-III 602,B-III 602,THU,1,21ECO105T / FOO,FACULTY OF ENGINEERING AND TECHNOLOGY
AIML,III Year,III/VI/AIML B,B-III 602,B-III 602,THU,2,21CSE356T /  NLP,FACULTY OF ENGINEERING AND TECHNOLOGY
AIML,III Year,III/VI/AIML B,B-III 602,B-III 602,THU,3,21CSC304J / CD,FACULTY OF ENGINEERING AND TECHNOLOGY
AIML,III Year,III/VI/AIML B,B-III 602,B-III 602,THU,4,21CSE355T / DMA,FACULTY OF ENGINEERING AND TECHNOLOGY
AIML,III Year,III/VI/AIML B,B-III 602,B-III 602,FRI,1,21CSE356T /  NLP,FACULTY OF ENGINEERING AND TECHNOLOGY
AIML,III Year,III/VI/AIML B,B-III 602,B-III 602,FRI,2,21ECO105T / FOO,FACULTY OF ENGINEERING AND TECHNOLOGY
AIML,III Year,III/VI/AIML B,B-III 602,B-III 602,FRI,3,21PDM302L / ESP,FACULTY OF ENGINEERING AND TECHNOLOGY
AIML,III Year,III/VI/AIML B,B-III 602,B-III 602,FRI,5,21CSC303J / SEPM,FACULTY OF ENGINEERING AND TECHNOLOGY
AIML,III Year,III/VI/AIML B,B-III 602,B-III 602,FRI,7,21CSP302L / PROJECT,FACULTY OF ENGINEERING AND TECHNOLOGY
AIML,III Year,III/VI/AIML C,B-III 603,B-III 603,MON,1,21CSC304J / CD,FACULTY OF ENGINEERING AND TECHNOLOGY
AIML,III Year,III/VI/AIML C,B-III 603,B-III 603,MON,2,21CSE356T /  NLP,FACULTY OF ENGINEERING AND TECHNOLOGY
AIML,III Year,III/VI/AIML C,B-III 603,B-III 603,MON,3,21CSE355T / DMA,FACULTY OF ENGINEERING AND TECHNOLOGY
AIML,III Year,III/VI/AIML C,B-III 603,B-III 603,MON,4,21ECO105T / FOO,FACULTY OF ENGINEERING AND TECHNOLOGY
AIML,III Year,III/VI/AIML C,B-III 603,B-III 603,MON,5,21CSS303T / DS,FACULTY OF ENGINEERING AND TECHNOLOGY
AIML,III Year,III/VI/AIML C,B-III 603,B-III 603,TUE,1,21ECO105T / FOO,FACULTY OF ENGINEERING AND TECHNOLOGY
AIML,III Year,III/VI/AIML C,B-III 603,B-III 603,TUE,2,21CSE355T / DMA,FACULTY OF ENGINEERING AND TECHNOLOGY
AIML,III Year,III/VI/AIML C,B-III 603,B-III 603,TUE,3,21CSE356T /  NLP,FACULTY OF ENGINEERING AND TECHNOLOGY
AIML,III Year,III/VI/AIML C,B-III 603,B-III 603,TUE,4,21LEM302T / ITK,FACULTY OF ENGINEERING AND TECHNOLOGY
AIML,III Year,III/VI/AIML C,B-III 603,B-III 603,TUE,5,21CSP302L / PROJECT,FACULTY OF ENGINEERING AND TECHNOLOGY
AIML,III Year,III/VI/AIML C,B-III 603,B-III 603,WED,1,21CSC303J / SEPM,FACULTY OF ENGINEERING AND TECHNOLOGY
AIML,III Year,III/VI/AIML C,B-III 603,B-III 603,WED,3,21CSP302L / PROJECT,FACULTY OF ENGINEERING AND TECHNOLOGY
AIML,III Year,III/VI/AIML C,B-III 603,B-III 603,THU,2,21ECO105T / FOO,FACULTY OF ENGINEERING AND TECHNOLOGY
AIML,III Year,III/VI/AIML C,B-III 603,B-III 603,THU,3,21CSC304J / CD,FACULTY OF ENGINEERING AND TECHNOLOGY
AIML,III Year,III/VI/AIML C,B-III 603,B-III 603,THU,4,21CSC303J / SEPM,FACULTY OF ENGINEERING AND TECHNOLOGY
AIML,III Year,III/VI/AIML C,B-III 603,B-III 603,THU,5,21PDM302L / ESP,FACULTY OF ENGINEERING AND TECHNOLOGY
AIML,III Year,III/VI/AIML C,B-III 603,B-III 603,FRI,1,21CSC304J / CD,FACULTY OF ENGINEERING AND TECHNOLOGY
AIML,III Year,III/VI/AIML C,B-III 603,B-III 603,FRI,3,21CSE356T /  NLP,FACULTY OF ENGINEERING AND TECHNOLOGY
AIML,III Year,III/VI/AIML C,B-III 603,B-III 603,FRI,4,21CSC303J / SEPM,FACULTY OF ENGINEERING AND TECHNOLOGY
AIML,III Year,III/VI/AIML C,B-III 603,B-III 603,FRI,5,21CSE355T / DMA,FACULTY OF ENGINEERING AND TECHNOLOGY
AIML,III Year,III/VI/AIML D,B-III 603,B-III 603,MON,1,21CSE355T / DMA,FACULTY OF ENGINEERING AND TECHNOLOGY
AIML,III Year,III/VI/AIML D,B-III 603,B-III 603,MON,2,21CSC303J / SEPM,FACULTY OF ENGINEERING AND TECHNOLOGY
AIML,III Year,III/VI/AIML D,B-III 603,B-III 603,MON,3,21CSC304J / CD,FACULTY OF ENGINEERING AND TECHNOLOGY
AIML,III Year,III/VI/AIML D,B-III 603,B-III 603,MON,4,21CSS303T / DS,FACULTY OF ENGINEERING AND TECHNOLOGY
AIML,III Year,III/VI/AIML D,B-III 603,B-III 603,MON,5,21CSE356T /  NLP,FACULTY OF ENGINEERING AND TECHNOLOGY
AIML,III Year,III/VI/AIML D,B-III 603,B-III 603,MON,6,21ECO105T / FOO,FACULTY OF ENGINEERING AND TECHNOLOGY
AIML,III Year,III/VI/AIML D,B-III 603,B-III 603,TUE,1,21CSP302L / PROJECT,FACULTY OF ENGINEERING AND TECHNOLOGY
AIML,III Year,III/VI/AIML D,B-III 603,B-III 603,TUE,3,21CSP302L / PROJECT,FACULTY OF ENGINEERING AND TECHNOLOGY
AIML,III Year,III/VI/AIML D,B-III 603,B-III 603,TUE,5,21CSE355T / DMA,FACULTY OF ENGINEERING AND TECHNOLOGY
AIML,III Year,III/VI/AIML D,B-III 603,B-III 603,TUE,6,21CSE356T /  NLP,FACULTY OF ENGINEERING AND TECHNOLOGY
AIML,III Year,III/VI/AIML D,B-III 603,B-III 603,WED,1,21ECO105T / FOO,FACULTY OF ENGINEERING AND TECHNOLOGY
AIML,III Year,III/VI/AIML D,B-III 603,B-III 603,WED,2,21CSE355T / DMA,FACULTY OF ENGINEERING AND TECHNOLOGY
AIML,III Year,III/VI/AIML D,B-III 603,B-III 603,WED,3,21CSC304J / CD,FACULTY OF ENGINEERING AND TECHNOLOGY
AIML,III Year,III/VI/AIML D,B-III 603,B-III 603,THU,1,21CSC304J / CD,FACULTY OF ENGINEERING AND TECHNOLOGY
AIML,III Year,III/VI/AIML D,B-III 603,B-III 603,THU,2,21CSS303T / DS,FACULTY OF ENGINEERING AND TECHNOLOGY
AIML,III Year,III/VI/AIML D,B-III 603,B-III 603,THU,3,21CSC303J / SEPM,FACULTY OF ENGINEERING AND TECHNOLOGY
AIML,III Year,III/VI/AIML D,B-III 603,B-III 603,THU,4,21CSE356T /  NLP,FACULTY OF ENGINEERING AND TECHNOLOGY
AIML,III Year,III/VI/AIML D,B-III 603,B-III 603,THU,5,21CSC303J / SEPM,FACULTY OF ENGINEERING AND TECHNOLOGY
AIML,III Year,III/VI/AIML D,B-III 603,B-III 603,THU,7,21CSP302L / PROJECT,FACULTY OF ENGINEERING AND TECHNOLOGY
AIML,III Year,III/VI/AIML D,B-III 603,B-III 603,FRI,5,21PDM302L / ESP,FACULTY OF ENGINEERING AND TECHNOLOGY
AIML,III Year,III/VI/AIML D,B-III 603,B-III 603,FRI,7,21ECO105T / FOO,FACULTY OF ENGINEERING AND TECHNOLOGY
AIML,III Year,III/VI/AIML D,B-III 603,B-III 603,FRI,8,21LEM302T / ITK,FACULTY OF ENGINEERING AND TECHNOLOGY
AIML,IV Year,IV/VIII/AIML A,BMS Block 601,BMS Block 601,MON,1,MP,"Dr.G.Deena,AP/AIML"
AIML,IV Year,IV/VIII/AIML A,BMS Block 601,BMS Block 601,MON,3,MP,"Dr.G.Deena,AP/AIML"
AIML,IV Year,IV/VIII/AIML A,BMS Block 601,BMS Block 601,MON,5,MP,"Dr.G.Deena,AP/AIML"
AIML,IV Year,IV/VIII/AIML A,BMS Block 601,BMS Block 601,MON,7,MP,"Dr.G.Deena,AP/AIML"
AIML,IV Year,IV/VIII/AIML A,BMS Block 601,BMS Block 601,TUE,1,MP,"Dr.G.Deena,AP/AIML"
AIML,IV Year,IV/VIII/AIML A,BMS Block 601,BMS Block 601,TUE,3,MP,"Dr.G.Deena,AP/AIML"
AIML,IV Year,IV/VIII/AIML A,BMS Block 601,BMS Block 601,TUE,5,MP,"Dr.G.Deena,AP/AIML"
AIML,IV Year,IV/VIII/AIML A,BMS Block 601,BMS Block 601,WED,1,MP,"Dr.G.Deena,AP/AIML"
AIML,IV Year,IV/VIII/AIML A,BMS Block 601,BMS Block 601,WED,3,MP,"Dr.G.Deena,AP/AIML"
AIML,IV Year,IV/VIII/AIML A,BMS Block 601,BMS Block 601,THU,1,MP,"Dr.G.Deena,AP/AIML"
AIML,IV Year,IV/VIII/AIML A,BMS Block 601,BMS Block 601,THU,3,MP,"Dr.G.Deena,AP/AIML"
AIML,IV Year,IV/VIII/AIML A,BMS Block 601,BMS Block 601,FRI,1,MP,"Dr.G.Deena,AP/AIML"
AIML,IV Year,IV/VIII/AIML A,BMS Block 601,BMS Block 601,FRI,3,MP,"Dr.G.Deena,AP/AIML"
AIML,IV Year,IV/VIII/AIML A,BMS Block 601,BMS Block 601,FRI,5,MP,"Dr.G.Deena,AP/AIML"
AIML,IV Year,IV/VIII/AIML A,BMS Block 601,BMS Block 601,FRI,7,MP,"Dr.G.Deena,AP/AIML"
AIML,IV Year,IV/VIII/AIML B,BMS Block 602,BMS Block 602,MON,1,MP,"Dr.Poorni,AP/AIML"
AIML,IV Year,IV/VIII/AIML B,BMS Block 602,BMS Block 602,MON,3,MP,"Dr.Poorni,AP/AIML"
AIML,IV Year,IV/VIII/AIML B,BMS Block 602,BMS Block 602,MON,5,MP,"Dr.Poorni,AP/AIML"
AIML,IV Year,IV/VIII/AIML B,BMS Block 602,BMS Block 602,MON,7,MP,"Dr.Poorni,AP/AIML"
AIML,IV Year,IV/VIII/AIML B,BMS Block 602,BMS Block 602,TUE,1,MP,"Dr.Poorni,AP/AIML"
AIML,IV Year,IV/VIII/AIML B,BMS Block 602,BMS Block 602,TUE,3,MP,"Dr.Poorni,AP/AIML"
AIML,IV Year,IV/VIII/AIML B,BMS Block 602,BMS Block 602,TUE,5,MP,"Dr.Poorni,AP/AIML"
AIML,IV Year,IV/VIII/AIML B,BMS Block 602,BMS Block 602,WED,1,MP,"Dr.Poorni,AP/AIML"
AIML,IV Year,IV/VIII/AIML B,BMS Block 602,BMS Block 602,WED,5,MP,"Dr.Poorni,AP/AIML"
AIML,IV Year,IV/VIII/AIML B,BMS Block 602,BMS Block 602,WED,7,MP,"Dr.Poorni,AP/AIML"
AIML,IV Year,IV/VIII/AIML B,BMS Block 602,BMS Block 602,THU,1,MP,"Dr.Poorni,AP/AIML"
AIML,IV Year,IV/VIII/AIML B,BMS Block 602,BMS Block 602,THU,3,MP,"Dr.Poorni,AP/AIML"
AIML,IV Year,IV/VIII/AIML B,BMS Block 602,BMS Block 602,FRI,1,MP,"Dr.Poorni,AP/AIML"
AIML,IV Year,IV/VIII/AIML B,BMS Block 602,BMS Block 602,FRI,5,MP,"Dr.Poorni,AP/AIML"
AIML,IV Year,IV/VIII/AIML B,BMS Block 602,BMS Block 602,FRI,7,MP,"Dr.Poorni,AP/AIML"
AIML,IV Year,IV/VIII/AIML C,BMS Block 603,BMS Block 603,MON,1,MP,"Ms.Nalini Poornima,AP/AIML"
AIML,IV Year,IV/VIII/AIML C,BMS Block 603,BMS Block 603,MON,2,MP,"Ms.Nalini Poornima,AP/AIML"
AIML,IV Year,IV/VIII/AIML C,BMS Block 603,BMS Block 603,TUE,1,MP,"Ms.Nalini Poornima,AP/AIML"
AIML,IV Year,IV/VIII/AIML C,BMS Block 603,BMS Block 603,TUE,2,MP,"Ms.Nalini Poornima,AP/AIML"
AIML,IV Year,IV/VIII/AIML C,BMS Block 603,BMS Block 603,WED,1,MP,"Ms.Nalini Poornima,AP/AIML"
AIML,IV Year,IV/VIII/AIML C,BMS Block 603,BMS Block 603,WED,2,MP,"Ms.Nalini Poornima,AP/AIML"
AIML,IV Year,IV/VIII/AIML C,BMS Block 603,BMS Block 603,WED,3,MP,"Ms.Nalini Poornima,AP/AIML"
AIML,IV Year,IV/VIII/AIML C,BMS Block 603,BMS Block 603,THU,1,MP,"Ms.Nalini Poornima,AP/AIML"
AIML,IV Year,IV/VIII/AIML C,BMS Block 603,BMS Block 603,THU,2,MP,"Ms.Nalini Poornima,AP/AIML"
AIML,IV Year,IV/VIII/AIML C,BMS Block 603,BMS Block 603,FRI,1,MP,"Ms.Nalini Poornima,AP/AIML"
AIML,IV Year,IV/VIII/AIML C,BMS Block 603,BMS Block 603,FRI,2,MP,"Ms.Nalini Poornima,AP/AIML"
AIML,IV Year,IV/VIII/AIML D,BMS Block 603,BMS Block 603,MON,1,MP,"Dr.R.Vinoth,AP/AIML"
AIML,IV Year,IV/VIII/AIML D,BMS Block 603,BMS Block 603,TUE,1,MP,"Dr.R.Vinoth,AP/AIML"
AIML,IV Year,IV/VIII/AIML D,BMS Block 603,BMS Block 603,WED,1,MP,"Dr.R.Vinoth,AP/AIML"
AIML,IV Year,IV/VIII/AIML D,BMS Block 603,BMS Block 603,WED,2,MP,"Dr.R.Vinoth,AP/AIML"
AIML,IV Year,IV/VIII/AIML D,BMS Block 603,BMS Block 603,THU,1,MP,"Dr.R.Vinoth,AP/AIML"
AIML,IV Year,IV/VIII/AIML D,BMS Block 603,BMS Block 603,THU,2,MP,"Dr.R.Vinoth,AP/AIML"
AIML,IV Year,IV/VIII/AIML D,BMS Block 603,BMS Block 603,FRI,1,MP,"Dr.R.Vinoth,AP/AIML"
AIML,IV Year,IV/VIII/AIML D,BMS Block 603,BMS Block 603,FRI,2,MP,"Dr.R.Vinoth,AP/AIML"
AI,I Year,I/II/AI 'A,ADMIN 503,ADMIN 503,MON,1,21CYB101J/Chemistry,FACULTY OF ENGINEERING AND TECHNOLOGY
AI,I Year,I/II/AI 'A,ADMIN 503,ADMIN 503,MON,3,21MAB102T/ACCA,FACULTY OF ENGINEERING AND TECHNOLOGY
AI,I Year,I/II/AI 'A,ADMIN 503,ADMIN 503,MON,4,"21LEH103T/French 
21LEH104T/German 
21LEH105T/Japanese",FACULTY OF ENGINEERING AND TECHNOLOGY
AI,I Year,I/II/AI 'A,ADMIN 503,ADMIN 503,TUE,1,21MAB102T/ACCA,FACULTY OF ENGINEERING AND TECHNOLOGY
AI,I Year,I/II/AI 'A,ADMIN 503,ADMIN 503,TUE,2,21AIS101J/FDA,FACULTY OF ENGINEERING AND TECHNOLOGY
AI,I Year,I/II/AI 'A,ADMIN 503,ADMIN 503,TUE,3,21CYM101T/EVS,FACULTY OF ENGINEERING AND TECHNOLOGY
AI,I Year,I/II/AI 'A,ADMIN 503,ADMIN 503,TUE,4,21CYB101J/Chemistry,FACULTY OF ENGINEERING AND TECHNOLOGY
AI,I Year,I/II/AI 'A,ADMIN 503,ADMIN 503,TUE,5,21EES101T/EEE,FACULTY OF ENGINEERING AND TECHNOLOGY
AI,I Year,I/II/AI 'A,ADMIN 503,ADMIN 503,TUE,6,21LEM101T/COI,FACULTY OF ENGINEERING AND TECHNOLOGY
AI,I Year,I/II/AI 'A,ADMIN 503,ADMIN 503,WED,1,21PDM102L/General Aptitude,FACULTY OF ENGINEERING AND TECHNOLOGY
AI,I Year,I/II/AI 'A,ADMIN 503,ADMIN 503,WED,3,21AIS101J/FDA,FACULTY OF ENGINEERING AND TECHNOLOGY
AI,I Year,I/II/AI 'A,ADMIN 503,ADMIN 503,WED,4,21MAB102T/ACCA,FACULTY OF ENGINEERING AND TECHNOLOGY
AI,I Year,I/II/AI 'A,ADMIN 503,ADMIN 503,WED,6,21EES101T/EEE,FACULTY OF ENGINEERING AND TECHNOLOGY
AI,I Year,I/II/AI 'A,ADMIN 503,ADMIN 503,WED,7,21AIS101J/FDA,FACULTY OF ENGINEERING AND TECHNOLOGY
AI,I Year,I/II/AI 'A,ADMIN 503,ADMIN 503,THU,1,"21LEH103T/French 
21LEH104T/German 
21LEH105T/Japanese",FACULTY OF ENGINEERING AND TECHNOLOGY
AI,I Year,I/II/AI 'A,ADMIN 503,ADMIN 503,THU,4,21CYB101J/Chemistry,FACULTY OF ENGINEERING AND TECHNOLOGY
AI,I Year,I/II/AI 'A,ADMIN 503,ADMIN 503,THU,5,21MAB102T/ACCA,FACULTY OF ENGINEERING AND TECHNOLOGY
AI,I Year,I/II/AI 'A,ADMIN 503,ADMIN 503,THU,6,21EES101T/EEE,FACULTY OF ENGINEERING AND TECHNOLOGY
AI,I Year,I/II/AI 'A,ADMIN 503,ADMIN 503,FRI,1,21EES101T/EEE,FACULTY OF ENGINEERING AND TECHNOLOGY
AI,I Year,I/II/AI 'A,ADMIN 503,ADMIN 503,FRI,2,21CYB101J/Chemistry,FACULTY OF ENGINEERING AND TECHNOLOGY
AI,I Year,I/II/AI 'A,ADMIN 503,ADMIN 503,FRI,3,21CYB101J/CHEMISTRY,FACULTY OF ENGINEERING AND TECHNOLOGY
AI,I Year,I/II/AI 'A,ADMIN 503,ADMIN 503,FRI,6,21MES102L/EG,FACULTY OF ENGINEERING AND TECHNOLOGY
AI,I Year,I/II/AI 'B,ADMIN 508,ADMIN 508,MON,1,21CYB101J/Chemistry,FACULTY OF ENGINEERING AND TECHNOLOGY
AI,I Year,I/II/AI 'B,ADMIN 508,ADMIN 508,MON,3,21AIS101J/FDA,FACULTY OF ENGINEERING AND TECHNOLOGY
AI,I Year,I/II/AI 'B,ADMIN 508,ADMIN 508,MON,4,"21LEH103T/French 
21LEH104T/German 
21LEH105T/Japanese",FACULTY OF ENGINEERING AND TECHNOLOGY
AI,I Year,I/II/AI 'B,ADMIN 508,ADMIN 508,MON,5,21EES101T/EEE,FACULTY OF ENGINEERING AND TECHNOLOGY
AI,I Year,I/II/AI 'B,ADMIN 508,ADMIN 508,MON,6,21LEM101T/COI,FACULTY OF ENGINEERING AND TECHNOLOGY
AI,I Year,I/II/AI 'B,ADMIN 508,ADMIN 508,MON,7,21CYB101J/Chemistry,FACULTY OF ENGINEERING AND TECHNOLOGY
AI,I Year,I/II/AI 'B,ADMIN 508,ADMIN 508,TUE,1,21MES102L/EG,FACULTY OF ENGINEERING AND TECHNOLOGY
AI,I Year,I/II/AI 'B,ADMIN 508,ADMIN 508,TUE,2,21MES102L/EG,FACULTY OF ENGINEERING AND TECHNOLOGY
AI,I Year,I/II/AI 'B,ADMIN 508,ADMIN 508,TUE,3,21MES102L/EG,FACULTY OF ENGINEERING AND TECHNOLOGY
AI,I Year,I/II/AI 'B,ADMIN 508,ADMIN 508,TUE,5,21MAB102T/ACCA,FACULTY OF ENGINEERING AND TECHNOLOGY
AI,I Year,I/II/AI 'B,ADMIN 508,ADMIN 508,TUE,6,21EES101T/EEE,FACULTY OF ENGINEERING AND TECHNOLOGY
AI,I Year,I/II/AI 'B,ADMIN 508,ADMIN 508,TUE,7,21CYB101J/Chemistry,FACULTY OF ENGINEERING AND TECHNOLOGY
AI,I Year,I/II/AI 'B,ADMIN 508,ADMIN 508,WED,1,21AIS101J/FDA,FACULTY OF ENGINEERING AND TECHNOLOGY
AI,I Year,I/II/AI 'B,ADMIN 508,ADMIN 508,WED,3,21PDM102L/General Aptitude,FACULTY OF ENGINEERING AND TECHNOLOGY
AI,I Year,I/II/AI 'B,ADMIN 508,ADMIN 508,WED,6,21CYB101J/Chemistry,FACULTY OF ENGINEERING AND TECHNOLOGY
AI,I Year,I/II/AI 'B,ADMIN 508,ADMIN 508,WED,7,21EES101T/EEE,FACULTY OF ENGINEERING AND TECHNOLOGY
AI,I Year,I/II/AI 'B,ADMIN 508,ADMIN 508,THU,1,"21LEH103T/French 
21LEH104T/German 
21LEH105T/Japanese",FACULTY OF ENGINEERING AND TECHNOLOGY
AI,I Year,I/II/AI 'B,ADMIN 508,ADMIN 508,THU,3,21MAB102T/ACCA,FACULTY OF ENGINEERING AND TECHNOLOGY
AI,I Year,I/II/AI 'B,ADMIN 508,ADMIN 508,THU,4,21MAB102T/ACCA,FACULTY OF ENGINEERING AND TECHNOLOGY
AI,I Year,I/II/AI 'B,ADMIN 508,ADMIN 508,FRI,1,21EES101T/EEE,FACULTY OF ENGINEERING AND TECHNOLOGY
AI,I Year,I/II/AI 'B,ADMIN 508,ADMIN 508,FRI,2,21AIS101J/FDA,FACULTY OF ENGINEERING AND TECHNOLOGY
AI,I Year,I/II/AI 'B,ADMIN 508,ADMIN 508,FRI,3,21CYB101J/Chemistry,FACULTY OF ENGINEERING AND TECHNOLOGY
AI,I Year,I/II/AI 'B,ADMIN 508,ADMIN 508,FRI,4,21CYM101T/EVS,FACULTY OF ENGINEERING AND TECHNOLOGY
AI,I Year,I/II/AI 'B,ADMIN 508,ADMIN 508,FRI,5,21MAB102T/ACCA,FACULTY OF ENGINEERING AND TECHNOLOGY
AI,II Year,II/IV/AI A,NA 209,NA 209,MON,1,21AIS201J/FAI,FACULTY OF ENGINEERING AND TECHNOLOGY
AI,II Year,II/IV/AI A,NA 209,NA 209,TUE,1,21CSC204J/DAA,FACULTY OF ENGINEERING AND TECHNOLOGY
AI,II Year,II/IV/AI A,NA 209,NA 209,TUE,2,21CSC202J / OS,FACULTY OF ENGINEERING AND TECHNOLOGY
AI,II Year,II/IV/AI A,NA 209,NA 209,TUE,3,21MAB304T/PAS,FACULTY OF ENGINEERING AND TECHNOLOGY
AI,II Year,II/IV/AI A,NA 209,NA 209,TUE,4,21AIC202J/NNML,FACULTY OF ENGINEERING AND TECHNOLOGY
AI,II Year,II/IV/AI A,NA 209,NA 209,WED,1,21PDH201T/SE,FACULTY OF ENGINEERING AND TECHNOLOGY
AI,II Year,II/IV/AI A,NA 209,NA 209,WED,2,21MAB304T/PAS,FACULTY OF ENGINEERING AND TECHNOLOGY
AI,II Year,II/IV/AI A,NA 209,NA 209,WED,3,21CSC202J / OS,FACULTY OF ENGINEERING AND TECHNOLOGY
AI,II Year,II/IV/AI A,NA 209,NA 209,THU,1,21CSC202J / OS,FACULTY OF ENGINEERING AND TECHNOLOGY
AI,II Year,II/IV/AI A,NA 209,NA 209,THU,2,21AIC202J/NNML,FACULTY OF ENGINEERING AND TECHNOLOGY
AI,II Year,II/IV/AI A,NA 209,NA 209,THU,3,21AIS201J/FAI,FACULTY OF ENGINEERING AND TECHNOLOGY
AI,II Year,II/IV/AI A,NA 209,NA 209,THU,4,21CSC204J/DAA,FACULTY OF ENGINEERING AND TECHNOLOGY
AI,II Year,II/IV/AI A,NA 209,NA 209,THU,5,21MAB304T/PAS,FACULTY OF ENGINEERING AND TECHNOLOGY
AI,II Year,II/IV/AI A,NA 209,NA 209,THU,6,21DCS201P / DTM,FACULTY OF ENGINEERING AND TECHNOLOGY
AI,II Year,II/IV/AI A,NA 209,NA 209,FRI,1,21CSC204J/DAA,FACULTY OF ENGINEERING AND TECHNOLOGY
AI,II Year,II/IV/AI A,NA 209,NA 209,FRI,2,21MAB304T/PAS,FACULTY OF ENGINEERING AND TECHNOLOGY
AI,II Year,II/IV/AI A,NA 209,NA 209,FRI,3,21PDM202L/CCTS,FACULTY OF ENGINEERING AND TECHNOLOGY
AI,II Year,II/IV/AI A,NA 209,NA 209,FRI,4,21CSC202J / OS,FACULTY OF ENGINEERING AND TECHNOLOGY
AI,II Year,II/IV/AI A,NA 209,NA 209,FRI,5,21CSC204J/DAA,FACULTY OF ENGINEERING AND TECHNOLOGY
AI,II Year,II/IV/AI B,NA 201,NA 201,MON,1,21AIC202J/NNML,FACULTY OF ENGINEERING AND TECHNOLOGY
AI,II Year,II/IV/AI B,NA 201,NA 201,MON,3,21AIS201J/FAI,FACULTY OF ENGINEERING AND TECHNOLOGY
AI,II Year,II/IV/AI B,NA 201,NA 201,MON,5,21CSC202J / OS,FACULTY OF ENGINEERING AND TECHNOLOGY
AI,II Year,II/IV/AI B,NA 201,NA 201,MON,6,21MAB304T/PAS,FACULTY OF ENGINEERING AND TECHNOLOGY
AI,II Year,II/IV/AI B,NA 201,NA 201,MON,7,21PDH201T/SE,FACULTY OF ENGINEERING AND TECHNOLOGY
AI,II Year,II/IV/AI B,NA 201,NA 201,TUE,5,21CSC202J / OS,FACULTY OF ENGINEERING AND TECHNOLOGY
AI,II Year,II/IV/AI B,NA 201,NA 201,TUE,7,21CSC204J/DAA,FACULTY OF ENGINEERING AND TECHNOLOGY
AI,II Year,II/IV/AI B,NA 201,NA 201,WED,1,21MAB304T/PAS,FACULTY OF ENGINEERING AND TECHNOLOGY
AI,II Year,II/IV/AI B,NA 201,NA 201,WED,2,21CSC202J / OS,FACULTY OF ENGINEERING AND TECHNOLOGY
AI,II Year,II/IV/AI B,NA 201,NA 201,WED,3,21CSC204J/DAA,FACULTY OF ENGINEERING AND TECHNOLOGY
AI,II Year,II/IV/AI B,NA 201,NA 201,WED,4,21AIC202J/NNML,FACULTY OF ENGINEERING AND TECHNOLOGY
AI,II Year,II/IV/AI B,NA 201,NA 201,WED,6,21AIS201J/FAI,FACULTY OF ENGINEERING AND TECHNOLOGY
AI,II Year,II/IV/AI B,NA 201,NA 201,THU,1,21CSC204J/DAA,FACULTY OF ENGINEERING AND TECHNOLOGY
AI,II Year,II/IV/AI B,NA 201,NA 201,THU,2,21MAB304T/PAS,FACULTY OF ENGINEERING AND TECHNOLOGY
AI,II Year,II/IV/AI B,NA 201,NA 201,THU,3,21CSC202J / OS,FACULTY OF ENGINEERING AND TECHNOLOGY
AI,II Year,II/IV/AI B,NA 201,NA 201,THU,4,21AIS201J/FAI,FACULTY OF ENGINEERING AND TECHNOLOGY
AI,II Year,II/IV/AI B,NA 201,NA 201,THU,5,21AIC202J/NNML,FACULTY OF ENGINEERING AND TECHNOLOGY
AI,II Year,II/IV/AI B,NA 201,NA 201,THU,6,21DCS201P / DTM,FACULTY OF ENGINEERING AND TECHNOLOGY
AI,II Year,II/IV/AI B,NA 201,NA 201,FRI,1,21PDM202L/CCTS,FACULTY OF ENGINEERING AND TECHNOLOGY
AI,II Year,II/IV/AI B,NA 201,NA 201,FRI,3,21CSC204J/DAA,FACULTY OF ENGINEERING AND TECHNOLOGY
AI,II Year,II/IV/AI B,NA 201,NA 201,FRI,4,21MAB304T/PAS,FACULTY OF ENGINEERING AND TECHNOLOGY
